"marca","marca_slug","tipo","tipo_slug","modelo","modelo_slug","url_completa"
"Bobcat","repuestos-para-maquinaria-pesada-bobcat","Miniexcavadora","repuestos-para-maquinaria-pesada-miniexcavadora-bobcat","Repuestos Minicargador Bobcat 331","repuestos-minicargador-bobcat-331","https://partequipos.com/repuestos-maquinaria-pesada-colombia/repuestos-maquinaria-pesada-marcas/repuestos-para-maquinaria-pesada-bobcat/repuestos-para-maquinaria-pesada-miniexcavadora-bobcat/repuestos-minicargador-bobcat-331/"
"Bobcat","repuestos-para-maquinaria-pesada-bobcat","Miniexcavadora","repuestos-para-maquinaria-pesada-miniexcavadora-bobcat","Repuestos Minicargador Bobcat 418","repuestos-minicargador-bobcat-418","https://partequipos.com/repuestos-maquinaria-pesada-colombia/repuestos-maquinaria-pesada-marcas/repuestos-para-maquinaria-pesada-bobcat/repuestos-para-maquinaria-pesada-miniexcavadora-bobcat/repuestos-minicargador-bobcat-418/"
"Bobcat","repuestos-para-maquinaria-pesada-bobcat","Miniexcavadora","repuestos-para-maquinaria-pesada-miniexcavadora-bobcat","Repuestos Minicargador Bobcat E32","repuestos-minicargador-bobcat-e32","https://partequipos.com/repuestos-maquinaria-pesada-colombia/repuestos-maquinaria-pesada-marcas/repuestos-para-maquinaria-pesada-bobcat/repuestos-para-maquinaria-pesada-miniexcavadora-bobcat/repuestos-minicargador-bobcat-e32/"
"Bobcat","repuestos-para-maquinaria-pesada-bobcat","Miniexcavadora","repuestos-para-maquinaria-pesada-miniexcavadora-bobcat","Repuestos Minicargador Bobcat E42","repuestos-minicargador-bobcat-e42","https://partequipos.com/repuestos-maquinaria-pesada-colombia/repuestos-maquinaria-pesada-marcas/repuestos-para-maquinaria-pesada-bobcat/repuestos-para-maquinaria-pesada-miniexcavadora-bobcat/repuestos-minicargador-bobcat-e42/"
"Bobcat","repuestos-para-maquinaria-pesada-bobcat","Miniexcavadora","repuestos-para-maquinaria-pesada-miniexcavadora-bobcat","Repuestos Minicargador Bobcat E45","repuestos-minicargador-bobcat-e45","https://partequipos.com/repuestos-maquinaria-pesada-colombia/repuestos-maquinaria-pesada-marcas/repuestos-para-maquinaria-pesada-bobcat/repuestos-para-maquinaria-pesada-miniexcavadora-bobcat/repuestos-minicargador-bobcat-e45/"
"Bobcat","repuestos-para-maquinaria-pesada-bobcat","Miniexcavadora","repuestos-para-maquinaria-pesada-miniexcavadora-bobcat","Repuestos Miniexcavadora Bobcat 430","repuestos-miniexcavadora-bobcat-430","https://partequipos.com/repuestos-maquinaria-pesada-colombia/repuestos-maquinaria-pesada-marcas/repuestos-para-maquinaria-pesada-bobcat/repuestos-para-maquinaria-pesada-miniexcavadora-bobcat/repuestos-miniexcavadora-bobcat-430/"
"Case Construction","repuestos-para-maquinaria-pesada-case-construction","Bulldozer","repuestos-para-maquinaria-pesada-bulldozer-case-construction","Repuestos Bulldozer Case Construction 1150k","repuestos-bulldozer-case-construction-1150k","https://partequipos.com/repuestos-maquinaria-pesada-colombia/repuestos-maquinaria-pesada-marcas/repuestos-para-maquinaria-pesada-case-construction/repuestos-para-maquinaria-pesada-bulldozer-case-construction/repuestos-bulldozer-case-construction-1150k/"
"Case Construction","repuestos-para-maquinaria-pesada-case-construction","Bulldozer","repuestos-para-maquinaria-pesada-bulldozer-case-construction","Repuestos Bulldozer Case Construction 1150m","repuestos-bulldozer-case-construction-1150m","https://partequipos.com/repuestos-maquinaria-pesada-colombia/repuestos-maquinaria-pesada-marcas/repuestos-para-maquinaria-pesada-case-construction/repuestos-para-maquinaria-pesada-bulldozer-case-construction/repuestos-bulldozer-case-construction-1150m/"
"Case Construction","repuestos-para-maquinaria-pesada-case-construction","Bulldozer","repuestos-para-maquinaria-pesada-bulldozer-case-construction","Repuestos Bulldozer Case Construction 1650m","repuestos-bulldozer-case-construction-1650m","https://partequipos.com/repuestos-maquinaria-pesada-colombia/repuestos-maquinaria-pesada-marcas/repuestos-para-maquinaria-pesada-case-construction/repuestos-para-maquinaria-pesada-bulldozer-case-construction/repuestos-bulldozer-case-construction-1650m/"
"Case Construction","repuestos-para-maquinaria-pesada-case-construction","Bulldozer","repuestos-para-maquinaria-pesada-bulldozer-case-construction","Repuestos Bulldozer Case Construction 2050m","repuestos-bulldozer-case-construction-2050m","https://partequipos.com/repuestos-maquinaria-pesada-colombia/repuestos-maquinaria-pesada-marcas/repuestos-para-maquinaria-pesada-case-construction/repuestos-para-maquinaria-pesada-bulldozer-case-construction/repuestos-bulldozer-case-construction-2050m/"
"Case Construction","repuestos-para-maquinaria-pesada-case-construction","Bulldozer","repuestos-para-maquinaria-pesada-bulldozer-case-construction","Repuestos Bulldozer Case Construction 650l","repuestos-bulldozer-case-construction-650l","https://partequipos.com/repuestos-maquinaria-pesada-colombia/repuestos-maquinaria-pesada-marcas/repuestos-para-maquinaria-pesada-case-construction/repuestos-para-maquinaria-pesada-bulldozer-case-construction/repuestos-bulldozer-case-construction-650l/"
"Case Construction","repuestos-para-maquinaria-pesada-case-construction","Cargador Frontal","repuestos-para-maquinaria-pesada-cargador-frontal-case-construction","Repuestos Bulldozer Case Construction 650l Copy","repuestos-bulldozer-case-construction-650l-copy","https://partequipos.com/repuestos-maquinaria-pesada-colombia/repuestos-maquinaria-pesada-marcas/repuestos-para-maquinaria-pesada-case-construction/repuestos-para-maquinaria-pesada-cargador-frontal-case-construction/repuestos-bulldozer-case-construction-650l-copy/"
"Case Construction","repuestos-para-maquinaria-pesada-case-construction","Cargador Frontal","repuestos-para-maquinaria-pesada-cargador-frontal-case-construction","Repuestos Cargador Frontal Case Construction 621e","repuestos-cargador-frontal-case-construction-621e","https://partequipos.com/repuestos-maquinaria-pesada-colombia/repuestos-maquinaria-pesada-marcas/repuestos-para-maquinaria-pesada-case-construction/repuestos-para-maquinaria-pesada-cargador-frontal-case-construction/repuestos-cargador-frontal-case-construction-621e/"
"Case Construction","repuestos-para-maquinaria-pesada-case-construction","Cargador Frontal","repuestos-para-maquinaria-pesada-cargador-frontal-case-construction","Repuestos Cargador Frontal Case Construction 621f","repuestos-cargador-frontal-case-construction-621f","https://partequipos.com/repuestos-maquinaria-pesada-colombia/repuestos-maquinaria-pesada-marcas/repuestos-para-maquinaria-pesada-case-construction/repuestos-para-maquinaria-pesada-cargador-frontal-case-construction/repuestos-cargador-frontal-case-construction-621f/"
"Case Construction","repuestos-para-maquinaria-pesada-case-construction","Cargador Frontal","repuestos-para-maquinaria-pesada-cargador-frontal-case-construction","Repuestos Cargador Frontal Case Construction 621g","repuestos-cargador-frontal-case-construction-621g","https://partequipos.com/repuestos-maquinaria-pesada-colombia/repuestos-maquinaria-pesada-marcas/repuestos-para-maquinaria-pesada-case-construction/repuestos-para-maquinaria-pesada-cargador-frontal-case-construction/repuestos-cargador-frontal-case-construction-621g/"
"Case Construction","repuestos-para-maquinaria-pesada-case-construction","Cargador Frontal","repuestos-para-maquinaria-pesada-cargador-frontal-case-construction","Repuestos Cargador Frontal Case Construction 721e","repuestos-cargador-frontal-case-construction-721e","https://partequipos.com/repuestos-maquinaria-pesada-colombia/repuestos-maquinaria-pesada-marcas/repuestos-para-maquinaria-pesada-case-construction/repuestos-para-maquinaria-pesada-cargador-frontal-case-construction/repuestos-cargador-frontal-case-construction-721e/"
"Case Construction","repuestos-para-maquinaria-pesada-case-construction","Cargador Frontal","repuestos-para-maquinaria-pesada-cargador-frontal-case-construction","Repuestos Cargador Frontal Case Construction 721f","repuestos-cargador-frontal-case-construction-721f","https://partequipos.com/repuestos-maquinaria-pesada-colombia/repuestos-maquinaria-pesada-marcas/repuestos-para-maquinaria-pesada-case-construction/repuestos-para-maquinaria-pesada-cargador-frontal-case-construction/repuestos-cargador-frontal-case-construction-721f/"
"Case Construction","repuestos-para-maquinaria-pesada-case-construction","Cargador Frontal","repuestos-para-maquinaria-pesada-cargador-frontal-case-construction","Repuestos Cargador Frontal Case Construction 721g","repuestos-cargador-frontal-case-construction-721g","https://partequipos.com/repuestos-maquinaria-pesada-colombia/repuestos-maquinaria-pesada-marcas/repuestos-para-maquinaria-pesada-case-construction/repuestos-para-maquinaria-pesada-cargador-frontal-case-construction/repuestos-cargador-frontal-case-construction-721g/"
"Case Construction","repuestos-para-maquinaria-pesada-case-construction","Cargador Frontal","repuestos-para-maquinaria-pesada-cargador-frontal-case-construction","Repuestos Cargador Frontal Case Construction 821e","repuestos-cargador-frontal-case-construction-821e","https://partequipos.com/repuestos-maquinaria-pesada-colombia/repuestos-maquinaria-pesada-marcas/repuestos-para-maquinaria-pesada-case-construction/repuestos-para-maquinaria-pesada-cargador-frontal-case-construction/repuestos-cargador-frontal-case-construction-821e/"
"Case Construction","repuestos-para-maquinaria-pesada-case-construction","Cargador Frontal","repuestos-para-maquinaria-pesada-cargador-frontal-case-construction","Repuestos Cargador Frontal Case Construction 821f","repuestos-cargador-frontal-case-construction-821f","https://partequipos.com/repuestos-maquinaria-pesada-colombia/repuestos-maquinaria-pesada-marcas/repuestos-para-maquinaria-pesada-case-construction/repuestos-para-maquinaria-pesada-cargador-frontal-case-construction/repuestos-cargador-frontal-case-construction-821f/"
"Case Construction","repuestos-para-maquinaria-pesada-case-construction","Cargador Frontal","repuestos-para-maquinaria-pesada-cargador-frontal-case-construction","Repuestos Cargador Frontal Case Construction 821g","repuestos-cargador-frontal-case-construction-821g","https://partequipos.com/repuestos-maquinaria-pesada-colombia/repuestos-maquinaria-pesada-marcas/repuestos-para-maquinaria-pesada-case-construction/repuestos-para-maquinaria-pesada-cargador-frontal-case-construction/repuestos-cargador-frontal-case-construction-821g/"
"Case Construction","repuestos-para-maquinaria-pesada-case-construction","Cargador Frontal","repuestos-para-maquinaria-pesada-cargador-frontal-case-construction","Repuestos Cargador Frontal Case Construction W20e","repuestos-cargador-frontal-case-construction-w20e","https://partequipos.com/repuestos-maquinaria-pesada-colombia/repuestos-maquinaria-pesada-marcas/repuestos-para-maquinaria-pesada-case-construction/repuestos-para-maquinaria-pesada-cargador-frontal-case-construction/repuestos-cargador-frontal-case-construction-w20e/"
"Case Construction","repuestos-para-maquinaria-pesada-case-construction","Cargador Frontal","repuestos-para-maquinaria-pesada-cargador-frontal-case-construction","Repuestos Para Maquinaria Pesada Excavadora Case Construction","repuestos-para-maquinaria-pesada-excavadora-case-construction","https://partequipos.com/repuestos-maquinaria-pesada-colombia/repuestos-maquinaria-pesada-marcas/repuestos-para-maquinaria-pesada-case-construction/repuestos-para-maquinaria-pesada-cargador-frontal-case-construction/repuestos-para-maquinaria-pesada-excavadora-case-construction/"
"Case Construction","repuestos-para-maquinaria-pesada-case-construction","Cargador Frontal","repuestos-para-maquinaria-pesada-cargador-frontal-case-construction","Repuestos Para Maquinaria Pesada Excavadora Case Construction","repuestos-para-maquinaria-pesada-excavadora-case-construction","https://partequipos.com/repuestos-maquinaria-pesada-colombia/repuestos-maquinaria-pesada-marcas/repuestos-para-maquinaria-pesada-case-construction/repuestos-para-maquinaria-pesada-cargador-frontal-case-construction/repuestos-para-maquinaria-pesada-excavadora-case-construction/repuestos-excavadora-case-construction-cx210b/"
"Case Construction","repuestos-para-maquinaria-pesada-case-construction","Cargador Frontal","repuestos-para-maquinaria-pesada-cargador-frontal-case-construction","Repuestos Para Maquinaria Pesada Excavadora Case Construction","repuestos-para-maquinaria-pesada-excavadora-case-construction","https://partequipos.com/repuestos-maquinaria-pesada-colombia/repuestos-maquinaria-pesada-marcas/repuestos-para-maquinaria-pesada-case-construction/repuestos-para-maquinaria-pesada-cargador-frontal-case-construction/repuestos-para-maquinaria-pesada-excavadora-case-construction/repuestos-excavadora-case-construction-cx220c/"
"Case Construction","repuestos-para-maquinaria-pesada-case-construction","Cargador Frontal","repuestos-para-maquinaria-pesada-cargador-frontal-case-construction","Repuestos Para Maquinaria Pesada Excavadora Case Construction","repuestos-para-maquinaria-pesada-excavadora-case-construction","https://partequipos.com/repuestos-maquinaria-pesada-colombia/repuestos-maquinaria-pesada-marcas/repuestos-para-maquinaria-pesada-case-construction/repuestos-para-maquinaria-pesada-cargador-frontal-case-construction/repuestos-para-maquinaria-pesada-excavadora-case-construction/repuestos-excavadora-case-construction-cx350b/"
"Case Construction","repuestos-para-maquinaria-pesada-case-construction","Cargador Frontal","repuestos-para-maquinaria-pesada-cargador-frontal-case-construction","Repuestos Para Maquinaria Pesada Excavadora Case Construction","repuestos-para-maquinaria-pesada-excavadora-case-construction","https://partequipos.com/repuestos-maquinaria-pesada-colombia/repuestos-maquinaria-pesada-marcas/repuestos-para-maquinaria-pesada-case-construction/repuestos-para-maquinaria-pesada-cargador-frontal-case-construction/repuestos-para-maquinaria-pesada-excavadora-case-construction/repuestos-excavadora-case-construction-cx350c/"
"Case Construction","repuestos-para-maquinaria-pesada-case-construction","Minicargador","repuestos-para-maquinaria-pesada-minicargador-case-construction","Repuestos Minicargador Case Construction Sr175","repuestos-minicargador-case-construction-sr175","https://partequipos.com/repuestos-maquinaria-pesada-colombia/repuestos-maquinaria-pesada-marcas/repuestos-para-maquinaria-pesada-case-construction/repuestos-para-maquinaria-pesada-minicargador-case-construction/repuestos-minicargador-case-construction-sr175/"
"Case Construction","repuestos-para-maquinaria-pesada-case-construction","Minicargador","repuestos-para-maquinaria-pesada-minicargador-case-construction","Repuestos Minicargador Case Construction Sr200","repuestos-minicargador-case-construction-sr200","https://partequipos.com/repuestos-maquinaria-pesada-colombia/repuestos-maquinaria-pesada-marcas/repuestos-para-maquinaria-pesada-case-construction/repuestos-para-maquinaria-pesada-minicargador-case-construction/repuestos-minicargador-case-construction-sr200/"
"Case Construction","repuestos-para-maquinaria-pesada-case-construction","Minicargador","repuestos-para-maquinaria-pesada-minicargador-case-construction","Repuestos Minicargador Case Construction Sr200b","repuestos-minicargador-case-construction-sr200b","https://partequipos.com/repuestos-maquinaria-pesada-colombia/repuestos-maquinaria-pesada-marcas/repuestos-para-maquinaria-pesada-case-construction/repuestos-para-maquinaria-pesada-minicargador-case-construction/repuestos-minicargador-case-construction-sr200b/"
"Case Construction","repuestos-para-maquinaria-pesada-case-construction","Minicargador","repuestos-para-maquinaria-pesada-minicargador-case-construction","Repuestos Minicargador Case Construction Sr220","repuestos-minicargador-case-construction-sr220","https://partequipos.com/repuestos-maquinaria-pesada-colombia/repuestos-maquinaria-pesada-marcas/repuestos-para-maquinaria-pesada-case-construction/repuestos-para-maquinaria-pesada-minicargador-case-construction/repuestos-minicargador-case-construction-sr220/"
"Case Construction","repuestos-para-maquinaria-pesada-case-construction","Minicargador","repuestos-para-maquinaria-pesada-minicargador-case-construction","Repuestos Minicargador Case Construction Sr250","repuestos-minicargador-case-construction-sr250","https://partequipos.com/repuestos-maquinaria-pesada-colombia/repuestos-maquinaria-pesada-marcas/repuestos-para-maquinaria-pesada-case-construction/repuestos-para-maquinaria-pesada-minicargador-case-construction/repuestos-minicargador-case-construction-sr250/"
"Case Construction","repuestos-para-maquinaria-pesada-case-construction","Motoniveladora","repuestos-para-maquinaria-pesada-motoniveladora-case-construction","Repuestos Motoniveladora Case Construction 845","repuestos-motoniveladora-case-construction-845","https://partequipos.com/repuestos-maquinaria-pesada-colombia/repuestos-maquinaria-pesada-marcas/repuestos-para-maquinaria-pesada-case-construction/repuestos-para-maquinaria-pesada-motoniveladora-case-construction/repuestos-motoniveladora-case-construction-845/"
"Case Construction","repuestos-para-maquinaria-pesada-case-construction","Motoniveladora","repuestos-para-maquinaria-pesada-motoniveladora-case-construction","Repuestos Motoniveladora Case Construction 845b","repuestos-motoniveladora-case-construction-845b","https://partequipos.com/repuestos-maquinaria-pesada-colombia/repuestos-maquinaria-pesada-marcas/repuestos-para-maquinaria-pesada-case-construction/repuestos-para-maquinaria-pesada-motoniveladora-case-construction/repuestos-motoniveladora-case-construction-845b/"
"Case Construction","repuestos-para-maquinaria-pesada-case-construction","Motoniveladora","repuestos-para-maquinaria-pesada-motoniveladora-case-construction","Repuestos Motoniveladora Case Construction 865","repuestos-motoniveladora-case-construction-865","https://partequipos.com/repuestos-maquinaria-pesada-colombia/repuestos-maquinaria-pesada-marcas/repuestos-para-maquinaria-pesada-case-construction/repuestos-para-maquinaria-pesada-motoniveladora-case-construction/repuestos-motoniveladora-case-construction-865/"
"Case Construction","repuestos-para-maquinaria-pesada-case-construction","Motoniveladora","repuestos-para-maquinaria-pesada-motoniveladora-case-construction","Repuestos Motoniveladora Case Construction 865b","repuestos-motoniveladora-case-construction-865b","https://partequipos.com/repuestos-maquinaria-pesada-colombia/repuestos-maquinaria-pesada-marcas/repuestos-para-maquinaria-pesada-case-construction/repuestos-para-maquinaria-pesada-motoniveladora-case-construction/repuestos-motoniveladora-case-construction-865b/"
"Case Construction","repuestos-para-maquinaria-pesada-case-construction","Retrocargadora","repuestos-para-maquinaria-pesada-retrocargadora-case-construction","Repuestos Retrocargadora Case Construction 570st","repuestos-retrocargadora-case-construction-570st","https://partequipos.com/repuestos-maquinaria-pesada-colombia/repuestos-maquinaria-pesada-marcas/repuestos-para-maquinaria-pesada-case-construction/repuestos-para-maquinaria-pesada-retrocargadora-case-construction/repuestos-retrocargadora-case-construction-570st/"
"Case Construction","repuestos-para-maquinaria-pesada-case-construction","Retrocargadora","repuestos-para-maquinaria-pesada-retrocargadora-case-construction","Repuestos Retrocargadora Case Construction 575sv","repuestos-retrocargadora-case-construction-575sv","https://partequipos.com/repuestos-maquinaria-pesada-colombia/repuestos-maquinaria-pesada-marcas/repuestos-para-maquinaria-pesada-case-construction/repuestos-para-maquinaria-pesada-retrocargadora-case-construction/repuestos-retrocargadora-case-construction-575sv/"
"Case Construction","repuestos-para-maquinaria-pesada-case-construction","Retrocargadora","repuestos-para-maquinaria-pesada-retrocargadora-case-construction","Repuestos Retrocargadora Case Construction 580l","repuestos-retrocargadora-case-construction-580l","https://partequipos.com/repuestos-maquinaria-pesada-colombia/repuestos-maquinaria-pesada-marcas/repuestos-para-maquinaria-pesada-case-construction/repuestos-para-maquinaria-pesada-retrocargadora-case-construction/repuestos-retrocargadora-case-construction-580l/"
"Case Construction","repuestos-para-maquinaria-pesada-case-construction","Retrocargadora","repuestos-para-maquinaria-pesada-retrocargadora-case-construction","Repuestos Retrocargadora Case Construction 580m","repuestos-retrocargadora-case-construction-580m","https://partequipos.com/repuestos-maquinaria-pesada-colombia/repuestos-maquinaria-pesada-marcas/repuestos-para-maquinaria-pesada-case-construction/repuestos-para-maquinaria-pesada-retrocargadora-case-construction/repuestos-retrocargadora-case-construction-580m/"
"Case Construction","repuestos-para-maquinaria-pesada-case-construction","Retrocargadora","repuestos-para-maquinaria-pesada-retrocargadora-case-construction","Repuestos Retrocargadora Case Construction 580n","repuestos-retrocargadora-case-construction-580n","https://partequipos.com/repuestos-maquinaria-pesada-colombia/repuestos-maquinaria-pesada-marcas/repuestos-para-maquinaria-pesada-case-construction/repuestos-para-maquinaria-pesada-retrocargadora-case-construction/repuestos-retrocargadora-case-construction-580n/"
"Case Construction","repuestos-para-maquinaria-pesada-case-construction","Retrocargadora","repuestos-para-maquinaria-pesada-retrocargadora-case-construction","Repuestos Retrocargadora Case Construction 580sl","repuestos-retrocargadora-case-construction-580sl","https://partequipos.com/repuestos-maquinaria-pesada-colombia/repuestos-maquinaria-pesada-marcas/repuestos-para-maquinaria-pesada-case-construction/repuestos-para-maquinaria-pesada-retrocargadora-case-construction/repuestos-retrocargadora-case-construction-580sl/"
"Case Construction","repuestos-para-maquinaria-pesada-case-construction","Retrocargadora","repuestos-para-maquinaria-pesada-retrocargadora-case-construction","Repuestos Retrocargadora Case Construction 580sm","repuestos-retrocargadora-case-construction-580sm","https://partequipos.com/repuestos-maquinaria-pesada-colombia/repuestos-maquinaria-pesada-marcas/repuestos-para-maquinaria-pesada-case-construction/repuestos-para-maquinaria-pesada-retrocargadora-case-construction/repuestos-retrocargadora-case-construction-580sm/"
"Case Construction","repuestos-para-maquinaria-pesada-case-construction","Retrocargadora","repuestos-para-maquinaria-pesada-retrocargadora-case-construction","Repuestos Retrocargadora Case Construction 580sn","repuestos-retrocargadora-case-construction-580sn","https://partequipos.com/repuestos-maquinaria-pesada-colombia/repuestos-maquinaria-pesada-marcas/repuestos-para-maquinaria-pesada-case-construction/repuestos-para-maquinaria-pesada-retrocargadora-case-construction/repuestos-retrocargadora-case-construction-580sn/"
"Case Construction","repuestos-para-maquinaria-pesada-case-construction","Retrocargadora","repuestos-para-maquinaria-pesada-retrocargadora-case-construction","Repuestos Retrocargadora Case Construction 590sm","repuestos-retrocargadora-case-construction-590sm","https://partequipos.com/repuestos-maquinaria-pesada-colombia/repuestos-maquinaria-pesada-marcas/repuestos-para-maquinaria-pesada-case-construction/repuestos-para-maquinaria-pesada-retrocargadora-case-construction/repuestos-retrocargadora-case-construction-590sm/"
"Case Construction","repuestos-para-maquinaria-pesada-case-construction","Retrocargadora","repuestos-para-maquinaria-pesada-retrocargadora-case-construction","Repuestos Retrocargadora Case Construction 590sn","repuestos-retrocargadora-case-construction-590sn","https://partequipos.com/repuestos-maquinaria-pesada-colombia/repuestos-maquinaria-pesada-marcas/repuestos-para-maquinaria-pesada-case-construction/repuestos-para-maquinaria-pesada-retrocargadora-case-construction/repuestos-retrocargadora-case-construction-590sn/"
"Caterpillar","repuestos-para-maquinaria-pesada-caterpillar","Buldozer","repuestos-para-maquinaria-pesada-buldozer-caterpillar","Repuestos Bulldozer Caterpillar D3","repuestos-bulldozer-caterpillar-d3","https://partequipos.com/repuestos-maquinaria-pesada-colombia/repuestos-maquinaria-pesada-marcas/repuestos-para-maquinaria-pesada-caterpillar/repuestos-para-maquinaria-pesada-buldozer-caterpillar/repuestos-bulldozer-caterpillar-d3/"
"Caterpillar","repuestos-para-maquinaria-pesada-caterpillar","Buldozer","repuestos-para-maquinaria-pesada-buldozer-caterpillar","Repuestos Bulldozer Caterpillar D3b","repuestos-bulldozer-caterpillar-d3b","https://partequipos.com/repuestos-maquinaria-pesada-colombia/repuestos-maquinaria-pesada-marcas/repuestos-para-maquinaria-pesada-caterpillar/repuestos-para-maquinaria-pesada-buldozer-caterpillar/repuestos-bulldozer-caterpillar-d3b/"
"Caterpillar","repuestos-para-maquinaria-pesada-caterpillar","Buldozer","repuestos-para-maquinaria-pesada-buldozer-caterpillar","Repuestos Bulldozer Caterpillar D3c","repuestos-bulldozer-caterpillar-d3c","https://partequipos.com/repuestos-maquinaria-pesada-colombia/repuestos-maquinaria-pesada-marcas/repuestos-para-maquinaria-pesada-caterpillar/repuestos-para-maquinaria-pesada-buldozer-caterpillar/repuestos-bulldozer-caterpillar-d3c/"
"Caterpillar","repuestos-para-maquinaria-pesada-caterpillar","Buldozer","repuestos-para-maquinaria-pesada-buldozer-caterpillar","Repuestos Bulldozer Caterpillar D3g","repuestos-bulldozer-caterpillar-d3g","https://partequipos.com/repuestos-maquinaria-pesada-colombia/repuestos-maquinaria-pesada-marcas/repuestos-para-maquinaria-pesada-caterpillar/repuestos-para-maquinaria-pesada-buldozer-caterpillar/repuestos-bulldozer-caterpillar-d3g/"
"Caterpillar","repuestos-para-maquinaria-pesada-caterpillar","Buldozer","repuestos-para-maquinaria-pesada-buldozer-caterpillar","Repuestos Bulldozer Caterpillar D3k","repuestos-bulldozer-caterpillar-d3k","https://partequipos.com/repuestos-maquinaria-pesada-colombia/repuestos-maquinaria-pesada-marcas/repuestos-para-maquinaria-pesada-caterpillar/repuestos-para-maquinaria-pesada-buldozer-caterpillar/repuestos-bulldozer-caterpillar-d3k/"
"Caterpillar","repuestos-para-maquinaria-pesada-caterpillar","Buldozer","repuestos-para-maquinaria-pesada-buldozer-caterpillar","Repuestos Bulldozer Caterpillar D3k2","repuestos-bulldozer-caterpillar-d3k2","https://partequipos.com/repuestos-maquinaria-pesada-colombia/repuestos-maquinaria-pesada-marcas/repuestos-para-maquinaria-pesada-caterpillar/repuestos-para-maquinaria-pesada-buldozer-caterpillar/repuestos-bulldozer-caterpillar-d3k2/"
"Caterpillar","repuestos-para-maquinaria-pesada-caterpillar","Buldozer","repuestos-para-maquinaria-pesada-buldozer-caterpillar","Repuestos Bulldozer Caterpillar D4c","repuestos-bulldozer-caterpillar-d4c","https://partequipos.com/repuestos-maquinaria-pesada-colombia/repuestos-maquinaria-pesada-marcas/repuestos-para-maquinaria-pesada-caterpillar/repuestos-para-maquinaria-pesada-buldozer-caterpillar/repuestos-bulldozer-caterpillar-d4c/"
"Caterpillar","repuestos-para-maquinaria-pesada-caterpillar","Buldozer","repuestos-para-maquinaria-pesada-buldozer-caterpillar","Repuestos Bulldozer Caterpillar D4d","repuestos-bulldozer-caterpillar-d4d","https://partequipos.com/repuestos-maquinaria-pesada-colombia/repuestos-maquinaria-pesada-marcas/repuestos-para-maquinaria-pesada-caterpillar/repuestos-para-maquinaria-pesada-buldozer-caterpillar/repuestos-bulldozer-caterpillar-d4d/"
"Caterpillar","repuestos-para-maquinaria-pesada-caterpillar","Buldozer","repuestos-para-maquinaria-pesada-buldozer-caterpillar","Repuestos Bulldozer Caterpillar D4e","repuestos-bulldozer-caterpillar-d4e","https://partequipos.com/repuestos-maquinaria-pesada-colombia/repuestos-maquinaria-pesada-marcas/repuestos-para-maquinaria-pesada-caterpillar/repuestos-para-maquinaria-pesada-buldozer-caterpillar/repuestos-bulldozer-caterpillar-d4e/"
"Caterpillar","repuestos-para-maquinaria-pesada-caterpillar","Buldozer","repuestos-para-maquinaria-pesada-buldozer-caterpillar","Repuestos Bulldozer Caterpillar D4g","repuestos-bulldozer-caterpillar-d4g","https://partequipos.com/repuestos-maquinaria-pesada-colombia/repuestos-maquinaria-pesada-marcas/repuestos-para-maquinaria-pesada-caterpillar/repuestos-para-maquinaria-pesada-buldozer-caterpillar/repuestos-bulldozer-caterpillar-d4g/"
"Caterpillar","repuestos-para-maquinaria-pesada-caterpillar","Buldozer","repuestos-para-maquinaria-pesada-buldozer-caterpillar","Repuestos Bulldozer Caterpillar D4h","repuestos-bulldozer-caterpillar-d4h","https://partequipos.com/repuestos-maquinaria-pesada-colombia/repuestos-maquinaria-pesada-marcas/repuestos-para-maquinaria-pesada-caterpillar/repuestos-para-maquinaria-pesada-buldozer-caterpillar/repuestos-bulldozer-caterpillar-d4h/"
"Caterpillar","repuestos-para-maquinaria-pesada-caterpillar","Buldozer","repuestos-para-maquinaria-pesada-buldozer-caterpillar","Repuestos Bulldozer Caterpillar D4k","repuestos-bulldozer-caterpillar-d4k","https://partequipos.com/repuestos-maquinaria-pesada-colombia/repuestos-maquinaria-pesada-marcas/repuestos-para-maquinaria-pesada-caterpillar/repuestos-para-maquinaria-pesada-buldozer-caterpillar/repuestos-bulldozer-caterpillar-d4k/"
"Caterpillar","repuestos-para-maquinaria-pesada-caterpillar","Buldozer","repuestos-para-maquinaria-pesada-buldozer-caterpillar","Repuestos Bulldozer Caterpillar D5","repuestos-bulldozer-caterpillar-d5","https://partequipos.com/repuestos-maquinaria-pesada-colombia/repuestos-maquinaria-pesada-marcas/repuestos-para-maquinaria-pesada-caterpillar/repuestos-para-maquinaria-pesada-buldozer-caterpillar/repuestos-bulldozer-caterpillar-d5/"
"Caterpillar","repuestos-para-maquinaria-pesada-caterpillar","Buldozer","repuestos-para-maquinaria-pesada-buldozer-caterpillar","Repuestos Bulldozer Caterpillar D5b","repuestos-bulldozer-caterpillar-d5b","https://partequipos.com/repuestos-maquinaria-pesada-colombia/repuestos-maquinaria-pesada-marcas/repuestos-para-maquinaria-pesada-caterpillar/repuestos-para-maquinaria-pesada-buldozer-caterpillar/repuestos-bulldozer-caterpillar-d5b/"
"Caterpillar","repuestos-para-maquinaria-pesada-caterpillar","Buldozer","repuestos-para-maquinaria-pesada-buldozer-caterpillar","Repuestos Bulldozer Caterpillar D5c","repuestos-bulldozer-caterpillar-d5c","https://partequipos.com/repuestos-maquinaria-pesada-colombia/repuestos-maquinaria-pesada-marcas/repuestos-para-maquinaria-pesada-caterpillar/repuestos-para-maquinaria-pesada-buldozer-caterpillar/repuestos-bulldozer-caterpillar-d5c/"
"Caterpillar","repuestos-para-maquinaria-pesada-caterpillar","Buldozer","repuestos-para-maquinaria-pesada-buldozer-caterpillar","Repuestos Bulldozer Caterpillar D5g","repuestos-bulldozer-caterpillar-d5g","https://partequipos.com/repuestos-maquinaria-pesada-colombia/repuestos-maquinaria-pesada-marcas/repuestos-para-maquinaria-pesada-caterpillar/repuestos-para-maquinaria-pesada-buldozer-caterpillar/repuestos-bulldozer-caterpillar-d5g/"
"Caterpillar","repuestos-para-maquinaria-pesada-caterpillar","Buldozer","repuestos-para-maquinaria-pesada-buldozer-caterpillar","Repuestos Bulldozer Caterpillar D5h","repuestos-bulldozer-caterpillar-d5h","https://partequipos.com/repuestos-maquinaria-pesada-colombia/repuestos-maquinaria-pesada-marcas/repuestos-para-maquinaria-pesada-caterpillar/repuestos-para-maquinaria-pesada-buldozer-caterpillar/repuestos-bulldozer-caterpillar-d5h/"
"Caterpillar","repuestos-para-maquinaria-pesada-caterpillar","Buldozer","repuestos-para-maquinaria-pesada-buldozer-caterpillar","Repuestos Bulldozer Caterpillar D5k","repuestos-bulldozer-caterpillar-d5k","https://partequipos.com/repuestos-maquinaria-pesada-colombia/repuestos-maquinaria-pesada-marcas/repuestos-para-maquinaria-pesada-caterpillar/repuestos-para-maquinaria-pesada-buldozer-caterpillar/repuestos-bulldozer-caterpillar-d5k/"
"Caterpillar","repuestos-para-maquinaria-pesada-caterpillar","Buldozer","repuestos-para-maquinaria-pesada-buldozer-caterpillar","Repuestos Bulldozer Caterpillar D5k2","repuestos-bulldozer-caterpillar-d5k2","https://partequipos.com/repuestos-maquinaria-pesada-colombia/repuestos-maquinaria-pesada-marcas/repuestos-para-maquinaria-pesada-caterpillar/repuestos-para-maquinaria-pesada-buldozer-caterpillar/repuestos-bulldozer-caterpillar-d5k2/"
"Caterpillar","repuestos-para-maquinaria-pesada-caterpillar","Buldozer","repuestos-para-maquinaria-pesada-buldozer-caterpillar","Repuestos Bulldozer Caterpillar D5m","repuestos-bulldozer-caterpillar-d5m","https://partequipos.com/repuestos-maquinaria-pesada-colombia/repuestos-maquinaria-pesada-marcas/repuestos-para-maquinaria-pesada-caterpillar/repuestos-para-maquinaria-pesada-buldozer-caterpillar/repuestos-bulldozer-caterpillar-d5m/"
"Caterpillar","repuestos-para-maquinaria-pesada-caterpillar","Buldozer","repuestos-para-maquinaria-pesada-buldozer-caterpillar","Repuestos Bulldozer Caterpillar D5n","repuestos-bulldozer-caterpillar-d5n","https://partequipos.com/repuestos-maquinaria-pesada-colombia/repuestos-maquinaria-pesada-marcas/repuestos-para-maquinaria-pesada-caterpillar/repuestos-para-maquinaria-pesada-buldozer-caterpillar/repuestos-bulldozer-caterpillar-d5n/"
"Caterpillar","repuestos-para-maquinaria-pesada-caterpillar","Buldozer","repuestos-para-maquinaria-pesada-buldozer-caterpillar","Repuestos Bulldozer Caterpillar D6","repuestos-bulldozer-caterpillar-d6","https://partequipos.com/repuestos-maquinaria-pesada-colombia/repuestos-maquinaria-pesada-marcas/repuestos-para-maquinaria-pesada-caterpillar/repuestos-para-maquinaria-pesada-buldozer-caterpillar/repuestos-bulldozer-caterpillar-d6/"
"Caterpillar","repuestos-para-maquinaria-pesada-caterpillar","Buldozer","repuestos-para-maquinaria-pesada-buldozer-caterpillar","Repuestos Bulldozer Caterpillar D6c","repuestos-bulldozer-caterpillar-d6c","https://partequipos.com/repuestos-maquinaria-pesada-colombia/repuestos-maquinaria-pesada-marcas/repuestos-para-maquinaria-pesada-caterpillar/repuestos-para-maquinaria-pesada-buldozer-caterpillar/repuestos-bulldozer-caterpillar-d6c/"
"Caterpillar","repuestos-para-maquinaria-pesada-caterpillar","Buldozer","repuestos-para-maquinaria-pesada-buldozer-caterpillar","Repuestos Bulldozer Caterpillar D6g","repuestos-bulldozer-caterpillar-d6g","https://partequipos.com/repuestos-maquinaria-pesada-colombia/repuestos-maquinaria-pesada-marcas/repuestos-para-maquinaria-pesada-caterpillar/repuestos-para-maquinaria-pesada-buldozer-caterpillar/repuestos-bulldozer-caterpillar-d6g/"
"Caterpillar","repuestos-para-maquinaria-pesada-caterpillar","Buldozer","repuestos-para-maquinaria-pesada-buldozer-caterpillar","Repuestos Bulldozer Caterpillar D6h","repuestos-bulldozer-caterpillar-d6h","https://partequipos.com/repuestos-maquinaria-pesada-colombia/repuestos-maquinaria-pesada-marcas/repuestos-para-maquinaria-pesada-caterpillar/repuestos-para-maquinaria-pesada-buldozer-caterpillar/repuestos-bulldozer-caterpillar-d6h/"
"Caterpillar","repuestos-para-maquinaria-pesada-caterpillar","Buldozer","repuestos-para-maquinaria-pesada-buldozer-caterpillar","Repuestos Bulldozer Caterpillar D6k_","repuestos-bulldozer-caterpillar-d6k_","https://partequipos.com/repuestos-maquinaria-pesada-colombia/repuestos-maquinaria-pesada-marcas/repuestos-para-maquinaria-pesada-caterpillar/repuestos-para-maquinaria-pesada-buldozer-caterpillar/repuestos-bulldozer-caterpillar-d6k_/"
"Caterpillar","repuestos-para-maquinaria-pesada-caterpillar","Buldozer","repuestos-para-maquinaria-pesada-buldozer-caterpillar","Repuestos Bulldozer Caterpillar D6k Old","repuestos-bulldozer-caterpillar-d6k-old","https://partequipos.com/repuestos-maquinaria-pesada-colombia/repuestos-maquinaria-pesada-marcas/repuestos-para-maquinaria-pesada-caterpillar/repuestos-para-maquinaria-pesada-buldozer-caterpillar/repuestos-bulldozer-caterpillar-d6k-old/"
"Caterpillar","repuestos-para-maquinaria-pesada-caterpillar","Buldozer","repuestos-para-maquinaria-pesada-buldozer-caterpillar","Repuestos Bulldozer Caterpillar D6k2","repuestos-bulldozer-caterpillar-d6k2","https://partequipos.com/repuestos-maquinaria-pesada-colombia/repuestos-maquinaria-pesada-marcas/repuestos-para-maquinaria-pesada-caterpillar/repuestos-para-maquinaria-pesada-buldozer-caterpillar/repuestos-bulldozer-caterpillar-d6k2/"
"Caterpillar","repuestos-para-maquinaria-pesada-caterpillar","Buldozer","repuestos-para-maquinaria-pesada-buldozer-caterpillar","Repuestos Bulldozer Caterpillar D6m","repuestos-bulldozer-caterpillar-d6m","https://partequipos.com/repuestos-maquinaria-pesada-colombia/repuestos-maquinaria-pesada-marcas/repuestos-para-maquinaria-pesada-caterpillar/repuestos-para-maquinaria-pesada-buldozer-caterpillar/repuestos-bulldozer-caterpillar-d6m/"
"Caterpillar","repuestos-para-maquinaria-pesada-caterpillar","Buldozer","repuestos-para-maquinaria-pesada-buldozer-caterpillar","Repuestos Bulldozer Caterpillar D6n","repuestos-bulldozer-caterpillar-d6n","https://partequipos.com/repuestos-maquinaria-pesada-colombia/repuestos-maquinaria-pesada-marcas/repuestos-para-maquinaria-pesada-caterpillar/repuestos-para-maquinaria-pesada-buldozer-caterpillar/repuestos-bulldozer-caterpillar-d6n/"
"Caterpillar","repuestos-para-maquinaria-pesada-caterpillar","Buldozer","repuestos-para-maquinaria-pesada-buldozer-caterpillar","Repuestos Bulldozer Caterpillar D6r","repuestos-bulldozer-caterpillar-d6r","https://partequipos.com/repuestos-maquinaria-pesada-colombia/repuestos-maquinaria-pesada-marcas/repuestos-para-maquinaria-pesada-caterpillar/repuestos-para-maquinaria-pesada-buldozer-caterpillar/repuestos-bulldozer-caterpillar-d6r/"
"Caterpillar","repuestos-para-maquinaria-pesada-caterpillar","Buldozer","repuestos-para-maquinaria-pesada-buldozer-caterpillar","Repuestos Bulldozer Caterpillar D6t","repuestos-bulldozer-caterpillar-d6t","https://partequipos.com/repuestos-maquinaria-pesada-colombia/repuestos-maquinaria-pesada-marcas/repuestos-para-maquinaria-pesada-caterpillar/repuestos-para-maquinaria-pesada-buldozer-caterpillar/repuestos-bulldozer-caterpillar-d6t/"
"Caterpillar","repuestos-para-maquinaria-pesada-caterpillar","Buldozer","repuestos-para-maquinaria-pesada-buldozer-caterpillar","Repuestos Bulldozer Caterpillar D7g","repuestos-bulldozer-caterpillar-d7g","https://partequipos.com/repuestos-maquinaria-pesada-colombia/repuestos-maquinaria-pesada-marcas/repuestos-para-maquinaria-pesada-caterpillar/repuestos-para-maquinaria-pesada-buldozer-caterpillar/repuestos-bulldozer-caterpillar-d7g/"
"Caterpillar","repuestos-para-maquinaria-pesada-caterpillar","Buldozer","repuestos-para-maquinaria-pesada-buldozer-caterpillar","Repuestos Bulldozer Caterpillar D7r","repuestos-bulldozer-caterpillar-d7r","https://partequipos.com/repuestos-maquinaria-pesada-colombia/repuestos-maquinaria-pesada-marcas/repuestos-para-maquinaria-pesada-caterpillar/repuestos-para-maquinaria-pesada-buldozer-caterpillar/repuestos-bulldozer-caterpillar-d7r/"
"Caterpillar","repuestos-para-maquinaria-pesada-caterpillar","Buldozer","repuestos-para-maquinaria-pesada-buldozer-caterpillar","Repuestos Bulldozer Caterpillar D8","repuestos-bulldozer-caterpillar-d8","https://partequipos.com/repuestos-maquinaria-pesada-colombia/repuestos-maquinaria-pesada-marcas/repuestos-para-maquinaria-pesada-caterpillar/repuestos-para-maquinaria-pesada-buldozer-caterpillar/repuestos-bulldozer-caterpillar-d8/"
"Caterpillar","repuestos-para-maquinaria-pesada-caterpillar","Buldozer","repuestos-para-maquinaria-pesada-buldozer-caterpillar","Repuestos Bulldozer Caterpillar D8k","repuestos-bulldozer-caterpillar-d8k","https://partequipos.com/repuestos-maquinaria-pesada-colombia/repuestos-maquinaria-pesada-marcas/repuestos-para-maquinaria-pesada-caterpillar/repuestos-para-maquinaria-pesada-buldozer-caterpillar/repuestos-bulldozer-caterpillar-d8k/"
"Caterpillar","repuestos-para-maquinaria-pesada-caterpillar","Buldozer","repuestos-para-maquinaria-pesada-buldozer-caterpillar","Repuestos Bulldozer Caterpillar D8l","repuestos-bulldozer-caterpillar-d8l","https://partequipos.com/repuestos-maquinaria-pesada-colombia/repuestos-maquinaria-pesada-marcas/repuestos-para-maquinaria-pesada-caterpillar/repuestos-para-maquinaria-pesada-buldozer-caterpillar/repuestos-bulldozer-caterpillar-d8l/"
"Caterpillar","repuestos-para-maquinaria-pesada-caterpillar","Buldozer","repuestos-para-maquinaria-pesada-buldozer-caterpillar","Repuestos Bulldozer Caterpillar D8n","repuestos-bulldozer-caterpillar-d8n","https://partequipos.com/repuestos-maquinaria-pesada-colombia/repuestos-maquinaria-pesada-marcas/repuestos-para-maquinaria-pesada-caterpillar/repuestos-para-maquinaria-pesada-buldozer-caterpillar/repuestos-bulldozer-caterpillar-d8n/"
"Caterpillar","repuestos-para-maquinaria-pesada-caterpillar","Buldozer","repuestos-para-maquinaria-pesada-buldozer-caterpillar","Repuestos Bulldozer Caterpillar D8r","repuestos-bulldozer-caterpillar-d8r","https://partequipos.com/repuestos-maquinaria-pesada-colombia/repuestos-maquinaria-pesada-marcas/repuestos-para-maquinaria-pesada-caterpillar/repuestos-para-maquinaria-pesada-buldozer-caterpillar/repuestos-bulldozer-caterpillar-d8r/"
"Caterpillar","repuestos-para-maquinaria-pesada-caterpillar","Buldozer","repuestos-para-maquinaria-pesada-buldozer-caterpillar","Repuestos Bulldozer Caterpillar D8t","repuestos-bulldozer-caterpillar-d8t","https://partequipos.com/repuestos-maquinaria-pesada-colombia/repuestos-maquinaria-pesada-marcas/repuestos-para-maquinaria-pesada-caterpillar/repuestos-para-maquinaria-pesada-buldozer-caterpillar/repuestos-bulldozer-caterpillar-d8t/"
"Caterpillar","repuestos-para-maquinaria-pesada-caterpillar","Cargador Frontal","repuestos-para-maquinaria-pesada-cargador-frontal-caterpillar","Repuestos Cargador Frontal Caterpillar 920","repuestos-cargador-frontal-caterpillar-920","https://partequipos.com/repuestos-maquinaria-pesada-colombia/repuestos-maquinaria-pesada-marcas/repuestos-para-maquinaria-pesada-caterpillar/repuestos-para-maquinaria-pesada-cargador-frontal-caterpillar/repuestos-cargador-frontal-caterpillar-920/"
"Caterpillar","repuestos-para-maquinaria-pesada-caterpillar","Cargador Frontal","repuestos-para-maquinaria-pesada-cargador-frontal-caterpillar","Repuestos Cargador Frontal Caterpillar 924f","repuestos-cargador-frontal-caterpillar-924f","https://partequipos.com/repuestos-maquinaria-pesada-colombia/repuestos-maquinaria-pesada-marcas/repuestos-para-maquinaria-pesada-caterpillar/repuestos-para-maquinaria-pesada-cargador-frontal-caterpillar/repuestos-cargador-frontal-caterpillar-924f/"
"Caterpillar","repuestos-para-maquinaria-pesada-caterpillar","Cargador Frontal","repuestos-para-maquinaria-pesada-cargador-frontal-caterpillar","Repuestos Cargador Frontal Caterpillar 924g","repuestos-cargador-frontal-caterpillar-924g","https://partequipos.com/repuestos-maquinaria-pesada-colombia/repuestos-maquinaria-pesada-marcas/repuestos-para-maquinaria-pesada-caterpillar/repuestos-para-maquinaria-pesada-cargador-frontal-caterpillar/repuestos-cargador-frontal-caterpillar-924g/"
"Caterpillar","repuestos-para-maquinaria-pesada-caterpillar","Cargador Frontal","repuestos-para-maquinaria-pesada-cargador-frontal-caterpillar","Repuestos Cargador Frontal Caterpillar 924h","repuestos-cargador-frontal-caterpillar-924h","https://partequipos.com/repuestos-maquinaria-pesada-colombia/repuestos-maquinaria-pesada-marcas/repuestos-para-maquinaria-pesada-caterpillar/repuestos-para-maquinaria-pesada-cargador-frontal-caterpillar/repuestos-cargador-frontal-caterpillar-924h/"
"Caterpillar","repuestos-para-maquinaria-pesada-caterpillar","Cargador Frontal","repuestos-para-maquinaria-pesada-cargador-frontal-caterpillar","Repuestos Cargador Frontal Caterpillar 924k","repuestos-cargador-frontal-caterpillar-924k","https://partequipos.com/repuestos-maquinaria-pesada-colombia/repuestos-maquinaria-pesada-marcas/repuestos-para-maquinaria-pesada-caterpillar/repuestos-para-maquinaria-pesada-cargador-frontal-caterpillar/repuestos-cargador-frontal-caterpillar-924k/"
"Caterpillar","repuestos-para-maquinaria-pesada-caterpillar","Cargador Frontal","repuestos-para-maquinaria-pesada-cargador-frontal-caterpillar","Repuestos Cargador Frontal Caterpillar 928f","repuestos-cargador-frontal-caterpillar-928f","https://partequipos.com/repuestos-maquinaria-pesada-colombia/repuestos-maquinaria-pesada-marcas/repuestos-para-maquinaria-pesada-caterpillar/repuestos-para-maquinaria-pesada-cargador-frontal-caterpillar/repuestos-cargador-frontal-caterpillar-928f/"
"Caterpillar","repuestos-para-maquinaria-pesada-caterpillar","Cargador Frontal","repuestos-para-maquinaria-pesada-cargador-frontal-caterpillar","Repuestos Cargador Frontal Caterpillar 928g","repuestos-cargador-frontal-caterpillar-928g","https://partequipos.com/repuestos-maquinaria-pesada-colombia/repuestos-maquinaria-pesada-marcas/repuestos-para-maquinaria-pesada-caterpillar/repuestos-para-maquinaria-pesada-cargador-frontal-caterpillar/repuestos-cargador-frontal-caterpillar-928g/"
"Caterpillar","repuestos-para-maquinaria-pesada-caterpillar","Cargador Frontal","repuestos-para-maquinaria-pesada-cargador-frontal-caterpillar","Repuestos Cargador Frontal Caterpillar 928h","repuestos-cargador-frontal-caterpillar-928h","https://partequipos.com/repuestos-maquinaria-pesada-colombia/repuestos-maquinaria-pesada-marcas/repuestos-para-maquinaria-pesada-caterpillar/repuestos-para-maquinaria-pesada-cargador-frontal-caterpillar/repuestos-cargador-frontal-caterpillar-928h/"
"Caterpillar","repuestos-para-maquinaria-pesada-caterpillar","Cargador Frontal","repuestos-para-maquinaria-pesada-cargador-frontal-caterpillar","Repuestos Cargador Frontal Caterpillar 930","repuestos-cargador-frontal-caterpillar-930","https://partequipos.com/repuestos-maquinaria-pesada-colombia/repuestos-maquinaria-pesada-marcas/repuestos-para-maquinaria-pesada-caterpillar/repuestos-para-maquinaria-pesada-cargador-frontal-caterpillar/repuestos-cargador-frontal-caterpillar-930/"
"Caterpillar","repuestos-para-maquinaria-pesada-caterpillar","Cargador Frontal","repuestos-para-maquinaria-pesada-cargador-frontal-caterpillar","Repuestos Cargador Frontal Caterpillar 930g","repuestos-cargador-frontal-caterpillar-930g","https://partequipos.com/repuestos-maquinaria-pesada-colombia/repuestos-maquinaria-pesada-marcas/repuestos-para-maquinaria-pesada-caterpillar/repuestos-para-maquinaria-pesada-cargador-frontal-caterpillar/repuestos-cargador-frontal-caterpillar-930g/"
"Caterpillar","repuestos-para-maquinaria-pesada-caterpillar","Cargador Frontal","repuestos-para-maquinaria-pesada-cargador-frontal-caterpillar","Repuestos Cargador Frontal Caterpillar 930r T","repuestos-cargador-frontal-caterpillar-930r-t","https://partequipos.com/repuestos-maquinaria-pesada-colombia/repuestos-maquinaria-pesada-marcas/repuestos-para-maquinaria-pesada-caterpillar/repuestos-para-maquinaria-pesada-cargador-frontal-caterpillar/repuestos-cargador-frontal-caterpillar-930r-t/"
"Caterpillar","repuestos-para-maquinaria-pesada-caterpillar","Cargador Frontal","repuestos-para-maquinaria-pesada-cargador-frontal-caterpillar","Repuestos Cargador Frontal Caterpillar 938g","repuestos-cargador-frontal-caterpillar-938g","https://partequipos.com/repuestos-maquinaria-pesada-colombia/repuestos-maquinaria-pesada-marcas/repuestos-para-maquinaria-pesada-caterpillar/repuestos-para-maquinaria-pesada-cargador-frontal-caterpillar/repuestos-cargador-frontal-caterpillar-938g/"
"Caterpillar","repuestos-para-maquinaria-pesada-caterpillar","Cargador Frontal","repuestos-para-maquinaria-pesada-cargador-frontal-caterpillar","Repuestos Cargador Frontal Caterpillar 938h","repuestos-cargador-frontal-caterpillar-938h","https://partequipos.com/repuestos-maquinaria-pesada-colombia/repuestos-maquinaria-pesada-marcas/repuestos-para-maquinaria-pesada-caterpillar/repuestos-para-maquinaria-pesada-cargador-frontal-caterpillar/repuestos-cargador-frontal-caterpillar-938h/"
"Caterpillar","repuestos-para-maquinaria-pesada-caterpillar","Cargador Frontal","repuestos-para-maquinaria-pesada-cargador-frontal-caterpillar","Repuestos Cargador Frontal Caterpillar 938k","repuestos-cargador-frontal-caterpillar-938k","https://partequipos.com/repuestos-maquinaria-pesada-colombia/repuestos-maquinaria-pesada-marcas/repuestos-para-maquinaria-pesada-caterpillar/repuestos-para-maquinaria-pesada-cargador-frontal-caterpillar/repuestos-cargador-frontal-caterpillar-938k/"
"Caterpillar","repuestos-para-maquinaria-pesada-caterpillar","Cargador Frontal","repuestos-para-maquinaria-pesada-cargador-frontal-caterpillar","Repuestos Cargador Frontal Caterpillar 950","repuestos-cargador-frontal-caterpillar-950","https://partequipos.com/repuestos-maquinaria-pesada-colombia/repuestos-maquinaria-pesada-marcas/repuestos-para-maquinaria-pesada-caterpillar/repuestos-para-maquinaria-pesada-cargador-frontal-caterpillar/repuestos-cargador-frontal-caterpillar-950/"
"Caterpillar","repuestos-para-maquinaria-pesada-caterpillar","Cargador Frontal","repuestos-para-maquinaria-pesada-cargador-frontal-caterpillar","Repuestos Cargador Frontal Caterpillar 950b","repuestos-cargador-frontal-caterpillar-950b","https://partequipos.com/repuestos-maquinaria-pesada-colombia/repuestos-maquinaria-pesada-marcas/repuestos-para-maquinaria-pesada-caterpillar/repuestos-para-maquinaria-pesada-cargador-frontal-caterpillar/repuestos-cargador-frontal-caterpillar-950b/"
"Caterpillar","repuestos-para-maquinaria-pesada-caterpillar","Cargador Frontal","repuestos-para-maquinaria-pesada-cargador-frontal-caterpillar","Repuestos Cargador Frontal Caterpillar 950f","repuestos-cargador-frontal-caterpillar-950f","https://partequipos.com/repuestos-maquinaria-pesada-colombia/repuestos-maquinaria-pesada-marcas/repuestos-para-maquinaria-pesada-caterpillar/repuestos-para-maquinaria-pesada-cargador-frontal-caterpillar/repuestos-cargador-frontal-caterpillar-950f/"
"Caterpillar","repuestos-para-maquinaria-pesada-caterpillar","Cargador Frontal","repuestos-para-maquinaria-pesada-cargador-frontal-caterpillar","Repuestos Cargador Frontal Caterpillar 950g","repuestos-cargador-frontal-caterpillar-950g","https://partequipos.com/repuestos-maquinaria-pesada-colombia/repuestos-maquinaria-pesada-marcas/repuestos-para-maquinaria-pesada-caterpillar/repuestos-para-maquinaria-pesada-cargador-frontal-caterpillar/repuestos-cargador-frontal-caterpillar-950g/"
"Caterpillar","repuestos-para-maquinaria-pesada-caterpillar","Cargador Frontal","repuestos-para-maquinaria-pesada-cargador-frontal-caterpillar","Repuestos Cargador Frontal Caterpillar 950gc","repuestos-cargador-frontal-caterpillar-950gc","https://partequipos.com/repuestos-maquinaria-pesada-colombia/repuestos-maquinaria-pesada-marcas/repuestos-para-maquinaria-pesada-caterpillar/repuestos-para-maquinaria-pesada-cargador-frontal-caterpillar/repuestos-cargador-frontal-caterpillar-950gc/"
"Caterpillar","repuestos-para-maquinaria-pesada-caterpillar","Cargador Frontal","repuestos-para-maquinaria-pesada-cargador-frontal-caterpillar","Repuestos Cargador Frontal Caterpillar 950h","repuestos-cargador-frontal-caterpillar-950h","https://partequipos.com/repuestos-maquinaria-pesada-colombia/repuestos-maquinaria-pesada-marcas/repuestos-para-maquinaria-pesada-caterpillar/repuestos-para-maquinaria-pesada-cargador-frontal-caterpillar/repuestos-cargador-frontal-caterpillar-950h/"
"Caterpillar","repuestos-para-maquinaria-pesada-caterpillar","Cargador Frontal","repuestos-para-maquinaria-pesada-cargador-frontal-caterpillar","Repuestos Cargador Frontal Caterpillar 950k","repuestos-cargador-frontal-caterpillar-950k","https://partequipos.com/repuestos-maquinaria-pesada-colombia/repuestos-maquinaria-pesada-marcas/repuestos-para-maquinaria-pesada-caterpillar/repuestos-para-maquinaria-pesada-cargador-frontal-caterpillar/repuestos-cargador-frontal-caterpillar-950k/"
"Caterpillar","repuestos-para-maquinaria-pesada-caterpillar","Cargador Frontal","repuestos-para-maquinaria-pesada-cargador-frontal-caterpillar","Repuestos Cargador Frontal Caterpillar 962h","repuestos-cargador-frontal-caterpillar-962h","https://partequipos.com/repuestos-maquinaria-pesada-colombia/repuestos-maquinaria-pesada-marcas/repuestos-para-maquinaria-pesada-caterpillar/repuestos-para-maquinaria-pesada-cargador-frontal-caterpillar/repuestos-cargador-frontal-caterpillar-962h/"
"Caterpillar","repuestos-para-maquinaria-pesada-caterpillar","Cargador Frontal","repuestos-para-maquinaria-pesada-cargador-frontal-caterpillar","Repuestos Cargador Frontal Caterpillar 966f","repuestos-cargador-frontal-caterpillar-966f","https://partequipos.com/repuestos-maquinaria-pesada-colombia/repuestos-maquinaria-pesada-marcas/repuestos-para-maquinaria-pesada-caterpillar/repuestos-para-maquinaria-pesada-cargador-frontal-caterpillar/repuestos-cargador-frontal-caterpillar-966f/"
"Caterpillar","repuestos-para-maquinaria-pesada-caterpillar","Cargador Frontal","repuestos-para-maquinaria-pesada-cargador-frontal-caterpillar","Repuestos Cargador Frontal Caterpillar 966g","repuestos-cargador-frontal-caterpillar-966g","https://partequipos.com/repuestos-maquinaria-pesada-colombia/repuestos-maquinaria-pesada-marcas/repuestos-para-maquinaria-pesada-caterpillar/repuestos-para-maquinaria-pesada-cargador-frontal-caterpillar/repuestos-cargador-frontal-caterpillar-966g/"
"Caterpillar","repuestos-para-maquinaria-pesada-caterpillar","Cargador Frontal","repuestos-para-maquinaria-pesada-cargador-frontal-caterpillar","Repuestos Cargador Frontal Caterpillar 966h","repuestos-cargador-frontal-caterpillar-966h","https://partequipos.com/repuestos-maquinaria-pesada-colombia/repuestos-maquinaria-pesada-marcas/repuestos-para-maquinaria-pesada-caterpillar/repuestos-para-maquinaria-pesada-cargador-frontal-caterpillar/repuestos-cargador-frontal-caterpillar-966h/"
"Caterpillar","repuestos-para-maquinaria-pesada-caterpillar","Excavadora","repuestos-para-maquinaria-pesada-excavadora-caterpillar","Repuestos Excavadora Caterpillar 311","repuestos-excavadora-caterpillar-311","https://partequipos.com/repuestos-maquinaria-pesada-colombia/repuestos-maquinaria-pesada-marcas/repuestos-para-maquinaria-pesada-caterpillar/repuestos-para-maquinaria-pesada-excavadora-caterpillar/repuestos-excavadora-caterpillar-311/"
"Caterpillar","repuestos-para-maquinaria-pesada-caterpillar","Excavadora","repuestos-para-maquinaria-pesada-excavadora-caterpillar","Repuestos Excavadora Caterpillar 311b","repuestos-excavadora-caterpillar-311b","https://partequipos.com/repuestos-maquinaria-pesada-colombia/repuestos-maquinaria-pesada-marcas/repuestos-para-maquinaria-pesada-caterpillar/repuestos-para-maquinaria-pesada-excavadora-caterpillar/repuestos-excavadora-caterpillar-311b/"
"Caterpillar","repuestos-para-maquinaria-pesada-caterpillar","Excavadora","repuestos-para-maquinaria-pesada-excavadora-caterpillar","Repuestos Excavadora Caterpillar 311c","repuestos-excavadora-caterpillar-311c","https://partequipos.com/repuestos-maquinaria-pesada-colombia/repuestos-maquinaria-pesada-marcas/repuestos-para-maquinaria-pesada-caterpillar/repuestos-para-maquinaria-pesada-excavadora-caterpillar/repuestos-excavadora-caterpillar-311c/"
"Caterpillar","repuestos-para-maquinaria-pesada-caterpillar","Excavadora","repuestos-para-maquinaria-pesada-excavadora-caterpillar","Repuestos Excavadora Caterpillar 312","repuestos-excavadora-caterpillar-312","https://partequipos.com/repuestos-maquinaria-pesada-colombia/repuestos-maquinaria-pesada-marcas/repuestos-para-maquinaria-pesada-caterpillar/repuestos-para-maquinaria-pesada-excavadora-caterpillar/repuestos-excavadora-caterpillar-312/"
"Caterpillar","repuestos-para-maquinaria-pesada-caterpillar","Excavadora","repuestos-para-maquinaria-pesada-excavadora-caterpillar","Repuestos Excavadora Caterpillar 312b","repuestos-excavadora-caterpillar-312b","https://partequipos.com/repuestos-maquinaria-pesada-colombia/repuestos-maquinaria-pesada-marcas/repuestos-para-maquinaria-pesada-caterpillar/repuestos-para-maquinaria-pesada-excavadora-caterpillar/repuestos-excavadora-caterpillar-312b/"
"Caterpillar","repuestos-para-maquinaria-pesada-caterpillar","Excavadora","repuestos-para-maquinaria-pesada-excavadora-caterpillar","Repuestos Excavadora Caterpillar 312c","repuestos-excavadora-caterpillar-312c","https://partequipos.com/repuestos-maquinaria-pesada-colombia/repuestos-maquinaria-pesada-marcas/repuestos-para-maquinaria-pesada-caterpillar/repuestos-para-maquinaria-pesada-excavadora-caterpillar/repuestos-excavadora-caterpillar-312c/"
"Caterpillar","repuestos-para-maquinaria-pesada-caterpillar","Excavadora","repuestos-para-maquinaria-pesada-excavadora-caterpillar","Repuestos Excavadora Caterpillar 312d","repuestos-excavadora-caterpillar-312d","https://partequipos.com/repuestos-maquinaria-pesada-colombia/repuestos-maquinaria-pesada-marcas/repuestos-para-maquinaria-pesada-caterpillar/repuestos-para-maquinaria-pesada-excavadora-caterpillar/repuestos-excavadora-caterpillar-312d/"
"Caterpillar","repuestos-para-maquinaria-pesada-caterpillar","Excavadora","repuestos-para-maquinaria-pesada-excavadora-caterpillar","Repuestos Excavadora Caterpillar 312d2","repuestos-excavadora-caterpillar-312d2","https://partequipos.com/repuestos-maquinaria-pesada-colombia/repuestos-maquinaria-pesada-marcas/repuestos-para-maquinaria-pesada-caterpillar/repuestos-para-maquinaria-pesada-excavadora-caterpillar/repuestos-excavadora-caterpillar-312d2/"
"Caterpillar","repuestos-para-maquinaria-pesada-caterpillar","Excavadora","repuestos-para-maquinaria-pesada-excavadora-caterpillar","Repuestos Excavadora Caterpillar 313b","repuestos-excavadora-caterpillar-313b","https://partequipos.com/repuestos-maquinaria-pesada-colombia/repuestos-maquinaria-pesada-marcas/repuestos-para-maquinaria-pesada-caterpillar/repuestos-para-maquinaria-pesada-excavadora-caterpillar/repuestos-excavadora-caterpillar-313b/"
"Caterpillar","repuestos-para-maquinaria-pesada-caterpillar","Excavadora","repuestos-para-maquinaria-pesada-excavadora-caterpillar","Repuestos Excavadora Caterpillar 313d2","repuestos-excavadora-caterpillar-313d2","https://partequipos.com/repuestos-maquinaria-pesada-colombia/repuestos-maquinaria-pesada-marcas/repuestos-para-maquinaria-pesada-caterpillar/repuestos-para-maquinaria-pesada-excavadora-caterpillar/repuestos-excavadora-caterpillar-313d2/"
"Caterpillar","repuestos-para-maquinaria-pesada-caterpillar","Excavadora","repuestos-para-maquinaria-pesada-excavadora-caterpillar","Repuestos Excavadora Caterpillar 314c","repuestos-excavadora-caterpillar-314c","https://partequipos.com/repuestos-maquinaria-pesada-colombia/repuestos-maquinaria-pesada-marcas/repuestos-para-maquinaria-pesada-caterpillar/repuestos-para-maquinaria-pesada-excavadora-caterpillar/repuestos-excavadora-caterpillar-314c/"
"Caterpillar","repuestos-para-maquinaria-pesada-caterpillar","Excavadora","repuestos-para-maquinaria-pesada-excavadora-caterpillar","Repuestos Excavadora Caterpillar 315c","repuestos-excavadora-caterpillar-315c","https://partequipos.com/repuestos-maquinaria-pesada-colombia/repuestos-maquinaria-pesada-marcas/repuestos-para-maquinaria-pesada-caterpillar/repuestos-para-maquinaria-pesada-excavadora-caterpillar/repuestos-excavadora-caterpillar-315c/"
"Caterpillar","repuestos-para-maquinaria-pesada-caterpillar","Excavadora","repuestos-para-maquinaria-pesada-excavadora-caterpillar","Repuestos Excavadora Caterpillar 315d","repuestos-excavadora-caterpillar-315d","https://partequipos.com/repuestos-maquinaria-pesada-colombia/repuestos-maquinaria-pesada-marcas/repuestos-para-maquinaria-pesada-caterpillar/repuestos-para-maquinaria-pesada-excavadora-caterpillar/repuestos-excavadora-caterpillar-315d/"
"Caterpillar","repuestos-para-maquinaria-pesada-caterpillar","Excavadora","repuestos-para-maquinaria-pesada-excavadora-caterpillar","Repuestos Excavadora Caterpillar 320","repuestos-excavadora-caterpillar-320","https://partequipos.com/repuestos-maquinaria-pesada-colombia/repuestos-maquinaria-pesada-marcas/repuestos-para-maquinaria-pesada-caterpillar/repuestos-para-maquinaria-pesada-excavadora-caterpillar/repuestos-excavadora-caterpillar-320/"
"Caterpillar","repuestos-para-maquinaria-pesada-caterpillar","Excavadora","repuestos-para-maquinaria-pesada-excavadora-caterpillar","Repuestos Excavadora Caterpillar 320b","repuestos-excavadora-caterpillar-320b","https://partequipos.com/repuestos-maquinaria-pesada-colombia/repuestos-maquinaria-pesada-marcas/repuestos-para-maquinaria-pesada-caterpillar/repuestos-para-maquinaria-pesada-excavadora-caterpillar/repuestos-excavadora-caterpillar-320b/"
"Caterpillar","repuestos-para-maquinaria-pesada-caterpillar","Excavadora","repuestos-para-maquinaria-pesada-excavadora-caterpillar","Repuestos Excavadora Caterpillar 320c","repuestos-excavadora-caterpillar-320c","https://partequipos.com/repuestos-maquinaria-pesada-colombia/repuestos-maquinaria-pesada-marcas/repuestos-para-maquinaria-pesada-caterpillar/repuestos-para-maquinaria-pesada-excavadora-caterpillar/repuestos-excavadora-caterpillar-320c/"
"Caterpillar","repuestos-para-maquinaria-pesada-caterpillar","Excavadora","repuestos-para-maquinaria-pesada-excavadora-caterpillar","Repuestos Excavadora Caterpillar 320d","repuestos-excavadora-caterpillar-320d","https://partequipos.com/repuestos-maquinaria-pesada-colombia/repuestos-maquinaria-pesada-marcas/repuestos-para-maquinaria-pesada-caterpillar/repuestos-para-maquinaria-pesada-excavadora-caterpillar/repuestos-excavadora-caterpillar-320d/"
"Caterpillar","repuestos-para-maquinaria-pesada-caterpillar","Excavadora","repuestos-para-maquinaria-pesada-excavadora-caterpillar","Repuestos Excavadora Caterpillar 320d2","repuestos-excavadora-caterpillar-320d2","https://partequipos.com/repuestos-maquinaria-pesada-colombia/repuestos-maquinaria-pesada-marcas/repuestos-para-maquinaria-pesada-caterpillar/repuestos-para-maquinaria-pesada-excavadora-caterpillar/repuestos-excavadora-caterpillar-320d2/"
"Caterpillar","repuestos-para-maquinaria-pesada-caterpillar","Excavadora","repuestos-para-maquinaria-pesada-excavadora-caterpillar","Repuestos Excavadora Caterpillar 320gc","repuestos-excavadora-caterpillar-320gc","https://partequipos.com/repuestos-maquinaria-pesada-colombia/repuestos-maquinaria-pesada-marcas/repuestos-para-maquinaria-pesada-caterpillar/repuestos-para-maquinaria-pesada-excavadora-caterpillar/repuestos-excavadora-caterpillar-320gc/"
"Caterpillar","repuestos-para-maquinaria-pesada-caterpillar","Excavadora","repuestos-para-maquinaria-pesada-excavadora-caterpillar","Repuestos Excavadora Caterpillar 322c","repuestos-excavadora-caterpillar-322c","https://partequipos.com/repuestos-maquinaria-pesada-colombia/repuestos-maquinaria-pesada-marcas/repuestos-para-maquinaria-pesada-caterpillar/repuestos-para-maquinaria-pesada-excavadora-caterpillar/repuestos-excavadora-caterpillar-322c/"
"Caterpillar","repuestos-para-maquinaria-pesada-caterpillar","Excavadora","repuestos-para-maquinaria-pesada-excavadora-caterpillar","Repuestos Excavadora Caterpillar 323d","repuestos-excavadora-caterpillar-323d","https://partequipos.com/repuestos-maquinaria-pesada-colombia/repuestos-maquinaria-pesada-marcas/repuestos-para-maquinaria-pesada-caterpillar/repuestos-para-maquinaria-pesada-excavadora-caterpillar/repuestos-excavadora-caterpillar-323d/"
"Caterpillar","repuestos-para-maquinaria-pesada-caterpillar","Excavadora","repuestos-para-maquinaria-pesada-excavadora-caterpillar","Repuestos Excavadora Caterpillar 324d","repuestos-excavadora-caterpillar-324d","https://partequipos.com/repuestos-maquinaria-pesada-colombia/repuestos-maquinaria-pesada-marcas/repuestos-para-maquinaria-pesada-caterpillar/repuestos-para-maquinaria-pesada-excavadora-caterpillar/repuestos-excavadora-caterpillar-324d/"
"Caterpillar","repuestos-para-maquinaria-pesada-caterpillar","Excavadora","repuestos-para-maquinaria-pesada-excavadora-caterpillar","Repuestos Excavadora Caterpillar 325c","repuestos-excavadora-caterpillar-325c","https://partequipos.com/repuestos-maquinaria-pesada-colombia/repuestos-maquinaria-pesada-marcas/repuestos-para-maquinaria-pesada-caterpillar/repuestos-para-maquinaria-pesada-excavadora-caterpillar/repuestos-excavadora-caterpillar-325c/"
"Caterpillar","repuestos-para-maquinaria-pesada-caterpillar","Excavadora","repuestos-para-maquinaria-pesada-excavadora-caterpillar","Repuestos Excavadora Caterpillar 325d","repuestos-excavadora-caterpillar-325d","https://partequipos.com/repuestos-maquinaria-pesada-colombia/repuestos-maquinaria-pesada-marcas/repuestos-para-maquinaria-pesada-caterpillar/repuestos-para-maquinaria-pesada-excavadora-caterpillar/repuestos-excavadora-caterpillar-325d/"
"Caterpillar","repuestos-para-maquinaria-pesada-caterpillar","Excavadora","repuestos-para-maquinaria-pesada-excavadora-caterpillar","Repuestos Excavadora Caterpillar 330","repuestos-excavadora-caterpillar-330","https://partequipos.com/repuestos-maquinaria-pesada-colombia/repuestos-maquinaria-pesada-marcas/repuestos-para-maquinaria-pesada-caterpillar/repuestos-para-maquinaria-pesada-excavadora-caterpillar/repuestos-excavadora-caterpillar-330/"
"Caterpillar","repuestos-para-maquinaria-pesada-caterpillar","Excavadora","repuestos-para-maquinaria-pesada-excavadora-caterpillar","Repuestos Excavadora Caterpillar 330b","repuestos-excavadora-caterpillar-330b","https://partequipos.com/repuestos-maquinaria-pesada-colombia/repuestos-maquinaria-pesada-marcas/repuestos-para-maquinaria-pesada-caterpillar/repuestos-para-maquinaria-pesada-excavadora-caterpillar/repuestos-excavadora-caterpillar-330b/"
"Caterpillar","repuestos-para-maquinaria-pesada-caterpillar","Excavadora","repuestos-para-maquinaria-pesada-excavadora-caterpillar","Repuestos Excavadora Caterpillar 330c","repuestos-excavadora-caterpillar-330c","https://partequipos.com/repuestos-maquinaria-pesada-colombia/repuestos-maquinaria-pesada-marcas/repuestos-para-maquinaria-pesada-caterpillar/repuestos-para-maquinaria-pesada-excavadora-caterpillar/repuestos-excavadora-caterpillar-330c/"
"Caterpillar","repuestos-para-maquinaria-pesada-caterpillar","Excavadora","repuestos-para-maquinaria-pesada-excavadora-caterpillar","Repuestos Excavadora Caterpillar 330d","repuestos-excavadora-caterpillar-330d","https://partequipos.com/repuestos-maquinaria-pesada-colombia/repuestos-maquinaria-pesada-marcas/repuestos-para-maquinaria-pesada-caterpillar/repuestos-para-maquinaria-pesada-excavadora-caterpillar/repuestos-excavadora-caterpillar-330d/"
"Caterpillar","repuestos-para-maquinaria-pesada-caterpillar","Excavadora","repuestos-para-maquinaria-pesada-excavadora-caterpillar","Repuestos Excavadora Caterpillar 330d2","repuestos-excavadora-caterpillar-330d2","https://partequipos.com/repuestos-maquinaria-pesada-colombia/repuestos-maquinaria-pesada-marcas/repuestos-para-maquinaria-pesada-caterpillar/repuestos-para-maquinaria-pesada-excavadora-caterpillar/repuestos-excavadora-caterpillar-330d2/"
"Caterpillar","repuestos-para-maquinaria-pesada-caterpillar","Excavadora","repuestos-para-maquinaria-pesada-excavadora-caterpillar","Repuestos Excavadora Caterpillar 330gc","repuestos-excavadora-caterpillar-330gc","https://partequipos.com/repuestos-maquinaria-pesada-colombia/repuestos-maquinaria-pesada-marcas/repuestos-para-maquinaria-pesada-caterpillar/repuestos-para-maquinaria-pesada-excavadora-caterpillar/repuestos-excavadora-caterpillar-330gc/"
"Caterpillar","repuestos-para-maquinaria-pesada-caterpillar","Excavadora","repuestos-para-maquinaria-pesada-excavadora-caterpillar","Repuestos Excavadora Caterpillar 336d","repuestos-excavadora-caterpillar-336d","https://partequipos.com/repuestos-maquinaria-pesada-colombia/repuestos-maquinaria-pesada-marcas/repuestos-para-maquinaria-pesada-caterpillar/repuestos-para-maquinaria-pesada-excavadora-caterpillar/repuestos-excavadora-caterpillar-336d/"
"Caterpillar","repuestos-para-maquinaria-pesada-caterpillar","Excavadora","repuestos-para-maquinaria-pesada-excavadora-caterpillar","Repuestos Excavadora Caterpillar 336d2","repuestos-excavadora-caterpillar-336d2","https://partequipos.com/repuestos-maquinaria-pesada-colombia/repuestos-maquinaria-pesada-marcas/repuestos-para-maquinaria-pesada-caterpillar/repuestos-para-maquinaria-pesada-excavadora-caterpillar/repuestos-excavadora-caterpillar-336d2/"
"Caterpillar","repuestos-para-maquinaria-pesada-caterpillar","Excavadora","repuestos-para-maquinaria-pesada-excavadora-caterpillar","Repuestos Excavadora Caterpillar 345b","repuestos-excavadora-caterpillar-345b","https://partequipos.com/repuestos-maquinaria-pesada-colombia/repuestos-maquinaria-pesada-marcas/repuestos-para-maquinaria-pesada-caterpillar/repuestos-para-maquinaria-pesada-excavadora-caterpillar/repuestos-excavadora-caterpillar-345b/"
"Caterpillar","repuestos-para-maquinaria-pesada-caterpillar","Excavadora","repuestos-para-maquinaria-pesada-excavadora-caterpillar","Repuestos Excavadora Caterpillar 345c","repuestos-excavadora-caterpillar-345c","https://partequipos.com/repuestos-maquinaria-pesada-colombia/repuestos-maquinaria-pesada-marcas/repuestos-para-maquinaria-pesada-caterpillar/repuestos-para-maquinaria-pesada-excavadora-caterpillar/repuestos-excavadora-caterpillar-345c/"
"Caterpillar","repuestos-para-maquinaria-pesada-caterpillar","Excavadora","repuestos-para-maquinaria-pesada-excavadora-caterpillar","Repuestos Excavadora Caterpillar 349d2","repuestos-excavadora-caterpillar-349d2","https://partequipos.com/repuestos-maquinaria-pesada-colombia/repuestos-maquinaria-pesada-marcas/repuestos-para-maquinaria-pesada-caterpillar/repuestos-para-maquinaria-pesada-excavadora-caterpillar/repuestos-excavadora-caterpillar-349d2/"
"Caterpillar","repuestos-para-maquinaria-pesada-caterpillar","Excavadora","repuestos-para-maquinaria-pesada-excavadora-caterpillar","Repuestos Excavadora Caterpillar E200b","repuestos-excavadora-caterpillar-e200b","https://partequipos.com/repuestos-maquinaria-pesada-colombia/repuestos-maquinaria-pesada-marcas/repuestos-para-maquinaria-pesada-caterpillar/repuestos-para-maquinaria-pesada-excavadora-caterpillar/repuestos-excavadora-caterpillar-e200b/"
"Caterpillar","repuestos-para-maquinaria-pesada-caterpillar","Minicargador","repuestos-para-maquinaria-pesada-minicargador-caterpillar","Repuestos Minicargador Caterpillar 226b","repuestos-minicargador-caterpillar-226b","https://partequipos.com/repuestos-maquinaria-pesada-colombia/repuestos-maquinaria-pesada-marcas/repuestos-para-maquinaria-pesada-caterpillar/repuestos-para-maquinaria-pesada-minicargador-caterpillar/repuestos-minicargador-caterpillar-226b/"
"Caterpillar","repuestos-para-maquinaria-pesada-caterpillar","Minicargador","repuestos-para-maquinaria-pesada-minicargador-caterpillar","Repuestos Minicargador Caterpillar 226b3","repuestos-minicargador-caterpillar-226b3","https://partequipos.com/repuestos-maquinaria-pesada-colombia/repuestos-maquinaria-pesada-marcas/repuestos-para-maquinaria-pesada-caterpillar/repuestos-para-maquinaria-pesada-minicargador-caterpillar/repuestos-minicargador-caterpillar-226b3/"
"Caterpillar","repuestos-para-maquinaria-pesada-caterpillar","Minicargador","repuestos-para-maquinaria-pesada-minicargador-caterpillar","Repuestos Minicargador Caterpillar 236b","repuestos-minicargador-caterpillar-236b","https://partequipos.com/repuestos-maquinaria-pesada-colombia/repuestos-maquinaria-pesada-marcas/repuestos-para-maquinaria-pesada-caterpillar/repuestos-para-maquinaria-pesada-minicargador-caterpillar/repuestos-minicargador-caterpillar-236b/"
"Caterpillar","repuestos-para-maquinaria-pesada-caterpillar","Minicargador","repuestos-para-maquinaria-pesada-minicargador-caterpillar","Repuestos Minicargador Caterpillar 236b3","repuestos-minicargador-caterpillar-236b3","https://partequipos.com/repuestos-maquinaria-pesada-colombia/repuestos-maquinaria-pesada-marcas/repuestos-para-maquinaria-pesada-caterpillar/repuestos-para-maquinaria-pesada-minicargador-caterpillar/repuestos-minicargador-caterpillar-236b3/"
"Caterpillar","repuestos-para-maquinaria-pesada-caterpillar","Minicargador","repuestos-para-maquinaria-pesada-minicargador-caterpillar","Repuestos Minicargador Caterpillar 236d","repuestos-minicargador-caterpillar-236d","https://partequipos.com/repuestos-maquinaria-pesada-colombia/repuestos-maquinaria-pesada-marcas/repuestos-para-maquinaria-pesada-caterpillar/repuestos-para-maquinaria-pesada-minicargador-caterpillar/repuestos-minicargador-caterpillar-236d/"
"Caterpillar","repuestos-para-maquinaria-pesada-caterpillar","Minicargador","repuestos-para-maquinaria-pesada-minicargador-caterpillar","Repuestos Minicargador Caterpillar 242b","repuestos-minicargador-caterpillar-242b","https://partequipos.com/repuestos-maquinaria-pesada-colombia/repuestos-maquinaria-pesada-marcas/repuestos-para-maquinaria-pesada-caterpillar/repuestos-para-maquinaria-pesada-minicargador-caterpillar/repuestos-minicargador-caterpillar-242b/"
"Caterpillar","repuestos-para-maquinaria-pesada-caterpillar","Minicargador","repuestos-para-maquinaria-pesada-minicargador-caterpillar","Repuestos Minicargador Caterpillar 242b3","repuestos-minicargador-caterpillar-242b3","https://partequipos.com/repuestos-maquinaria-pesada-colombia/repuestos-maquinaria-pesada-marcas/repuestos-para-maquinaria-pesada-caterpillar/repuestos-para-maquinaria-pesada-minicargador-caterpillar/repuestos-minicargador-caterpillar-242b3/"
"Caterpillar","repuestos-para-maquinaria-pesada-caterpillar","Minicargador","repuestos-para-maquinaria-pesada-minicargador-caterpillar","Repuestos Minicargador Caterpillar 246b","repuestos-minicargador-caterpillar-246b","https://partequipos.com/repuestos-maquinaria-pesada-colombia/repuestos-maquinaria-pesada-marcas/repuestos-para-maquinaria-pesada-caterpillar/repuestos-para-maquinaria-pesada-minicargador-caterpillar/repuestos-minicargador-caterpillar-246b/"
"Caterpillar","repuestos-para-maquinaria-pesada-caterpillar","Minicargador","repuestos-para-maquinaria-pesada-minicargador-caterpillar","Repuestos Minicargador Caterpillar 246d","repuestos-minicargador-caterpillar-246d","https://partequipos.com/repuestos-maquinaria-pesada-colombia/repuestos-maquinaria-pesada-marcas/repuestos-para-maquinaria-pesada-caterpillar/repuestos-para-maquinaria-pesada-minicargador-caterpillar/repuestos-minicargador-caterpillar-246d/"
"Caterpillar","repuestos-para-maquinaria-pesada-caterpillar","Minicargador","repuestos-para-maquinaria-pesada-minicargador-caterpillar","Repuestos Minicargador Caterpillar 262b","repuestos-minicargador-caterpillar-262b","https://partequipos.com/repuestos-maquinaria-pesada-colombia/repuestos-maquinaria-pesada-marcas/repuestos-para-maquinaria-pesada-caterpillar/repuestos-para-maquinaria-pesada-minicargador-caterpillar/repuestos-minicargador-caterpillar-262b/"
"Caterpillar","repuestos-para-maquinaria-pesada-caterpillar","Motoniveladora","repuestos-para-maquinaria-pesada-motoniveladora-caterpillar","Repuestos Motoniveladora Caterpillar 120g","repuestos-motoniveladora-caterpillar-120g","https://partequipos.com/repuestos-maquinaria-pesada-colombia/repuestos-maquinaria-pesada-marcas/repuestos-para-maquinaria-pesada-caterpillar/repuestos-para-maquinaria-pesada-motoniveladora-caterpillar/repuestos-motoniveladora-caterpillar-120g/"
"Caterpillar","repuestos-para-maquinaria-pesada-caterpillar","Motoniveladora","repuestos-para-maquinaria-pesada-motoniveladora-caterpillar","Repuestos Motoniveladora Caterpillar 120h","repuestos-motoniveladora-caterpillar-120h","https://partequipos.com/repuestos-maquinaria-pesada-colombia/repuestos-maquinaria-pesada-marcas/repuestos-para-maquinaria-pesada-caterpillar/repuestos-para-maquinaria-pesada-motoniveladora-caterpillar/repuestos-motoniveladora-caterpillar-120h/"
"Caterpillar","repuestos-para-maquinaria-pesada-caterpillar","Motoniveladora","repuestos-para-maquinaria-pesada-motoniveladora-caterpillar","Repuestos Motoniveladora Caterpillar 120k","repuestos-motoniveladora-caterpillar-120k","https://partequipos.com/repuestos-maquinaria-pesada-colombia/repuestos-maquinaria-pesada-marcas/repuestos-para-maquinaria-pesada-caterpillar/repuestos-para-maquinaria-pesada-motoniveladora-caterpillar/repuestos-motoniveladora-caterpillar-120k/"
"Caterpillar","repuestos-para-maquinaria-pesada-caterpillar","Motoniveladora","repuestos-para-maquinaria-pesada-motoniveladora-caterpillar","Repuestos Motoniveladora Caterpillar 120m","repuestos-motoniveladora-caterpillar-120m","https://partequipos.com/repuestos-maquinaria-pesada-colombia/repuestos-maquinaria-pesada-marcas/repuestos-para-maquinaria-pesada-caterpillar/repuestos-para-maquinaria-pesada-motoniveladora-caterpillar/repuestos-motoniveladora-caterpillar-120m/"
"Caterpillar","repuestos-para-maquinaria-pesada-caterpillar","Motoniveladora","repuestos-para-maquinaria-pesada-motoniveladora-caterpillar","Repuestos Motoniveladora Caterpillar 12g","repuestos-motoniveladora-caterpillar-12g","https://partequipos.com/repuestos-maquinaria-pesada-colombia/repuestos-maquinaria-pesada-marcas/repuestos-para-maquinaria-pesada-caterpillar/repuestos-para-maquinaria-pesada-motoniveladora-caterpillar/repuestos-motoniveladora-caterpillar-12g/"
"Caterpillar","repuestos-para-maquinaria-pesada-caterpillar","Motoniveladora","repuestos-para-maquinaria-pesada-motoniveladora-caterpillar","Repuestos Motoniveladora Caterpillar 12h","repuestos-motoniveladora-caterpillar-12h","https://partequipos.com/repuestos-maquinaria-pesada-colombia/repuestos-maquinaria-pesada-marcas/repuestos-para-maquinaria-pesada-caterpillar/repuestos-para-maquinaria-pesada-motoniveladora-caterpillar/repuestos-motoniveladora-caterpillar-12h/"
"Caterpillar","repuestos-para-maquinaria-pesada-caterpillar","Motoniveladora","repuestos-para-maquinaria-pesada-motoniveladora-caterpillar","Repuestos Motoniveladora Caterpillar 140g","repuestos-motoniveladora-caterpillar-140g","https://partequipos.com/repuestos-maquinaria-pesada-colombia/repuestos-maquinaria-pesada-marcas/repuestos-para-maquinaria-pesada-caterpillar/repuestos-para-maquinaria-pesada-motoniveladora-caterpillar/repuestos-motoniveladora-caterpillar-140g/"
"Caterpillar","repuestos-para-maquinaria-pesada-caterpillar","Motoniveladora","repuestos-para-maquinaria-pesada-motoniveladora-caterpillar","Repuestos Motoniveladora Caterpillar 140h","repuestos-motoniveladora-caterpillar-140h","https://partequipos.com/repuestos-maquinaria-pesada-colombia/repuestos-maquinaria-pesada-marcas/repuestos-para-maquinaria-pesada-caterpillar/repuestos-para-maquinaria-pesada-motoniveladora-caterpillar/repuestos-motoniveladora-caterpillar-140h/"
"Caterpillar","repuestos-para-maquinaria-pesada-caterpillar","Motoniveladora","repuestos-para-maquinaria-pesada-motoniveladora-caterpillar","Repuestos Motoniveladora Caterpillar 140k","repuestos-motoniveladora-caterpillar-140k","https://partequipos.com/repuestos-maquinaria-pesada-colombia/repuestos-maquinaria-pesada-marcas/repuestos-para-maquinaria-pesada-caterpillar/repuestos-para-maquinaria-pesada-motoniveladora-caterpillar/repuestos-motoniveladora-caterpillar-140k/"
"Caterpillar","repuestos-para-maquinaria-pesada-caterpillar","Motoniveladora","repuestos-para-maquinaria-pesada-motoniveladora-caterpillar","Repuestos Motoniveladora Caterpillar 14g","repuestos-motoniveladora-caterpillar-14g","https://partequipos.com/repuestos-maquinaria-pesada-colombia/repuestos-maquinaria-pesada-marcas/repuestos-para-maquinaria-pesada-caterpillar/repuestos-para-maquinaria-pesada-motoniveladora-caterpillar/repuestos-motoniveladora-caterpillar-14g/"
"Caterpillar","repuestos-para-maquinaria-pesada-caterpillar","Retrocargador","repuestos-para-maquinaria-pesada-retrocargador-caterpillar","Repuestos Retrocargadora Caterpillar 416","repuestos-retrocargadora-caterpillar-416","https://partequipos.com/repuestos-maquinaria-pesada-colombia/repuestos-maquinaria-pesada-marcas/repuestos-para-maquinaria-pesada-caterpillar/repuestos-para-maquinaria-pesada-retrocargador-caterpillar/repuestos-retrocargadora-caterpillar-416/"
"Caterpillar","repuestos-para-maquinaria-pesada-caterpillar","Retrocargador","repuestos-para-maquinaria-pesada-retrocargador-caterpillar","Repuestos Retrocargadora Caterpillar 416b","repuestos-retrocargadora-caterpillar-416b","https://partequipos.com/repuestos-maquinaria-pesada-colombia/repuestos-maquinaria-pesada-marcas/repuestos-para-maquinaria-pesada-caterpillar/repuestos-para-maquinaria-pesada-retrocargador-caterpillar/repuestos-retrocargadora-caterpillar-416b/"
"Caterpillar","repuestos-para-maquinaria-pesada-caterpillar","Retrocargador","repuestos-para-maquinaria-pesada-retrocargador-caterpillar","Repuestos Retrocargadora Caterpillar 416c","repuestos-retrocargadora-caterpillar-416c","https://partequipos.com/repuestos-maquinaria-pesada-colombia/repuestos-maquinaria-pesada-marcas/repuestos-para-maquinaria-pesada-caterpillar/repuestos-para-maquinaria-pesada-retrocargador-caterpillar/repuestos-retrocargadora-caterpillar-416c/"
"Caterpillar","repuestos-para-maquinaria-pesada-caterpillar","Retrocargador","repuestos-para-maquinaria-pesada-retrocargador-caterpillar","Repuestos Retrocargadora Caterpillar 416d","repuestos-retrocargadora-caterpillar-416d","https://partequipos.com/repuestos-maquinaria-pesada-colombia/repuestos-maquinaria-pesada-marcas/repuestos-para-maquinaria-pesada-caterpillar/repuestos-para-maquinaria-pesada-retrocargador-caterpillar/repuestos-retrocargadora-caterpillar-416d/"
"Caterpillar","repuestos-para-maquinaria-pesada-caterpillar","Retrocargador","repuestos-para-maquinaria-pesada-retrocargador-caterpillar","Repuestos Retrocargadora Caterpillar 416e","repuestos-retrocargadora-caterpillar-416e","https://partequipos.com/repuestos-maquinaria-pesada-colombia/repuestos-maquinaria-pesada-marcas/repuestos-para-maquinaria-pesada-caterpillar/repuestos-para-maquinaria-pesada-retrocargador-caterpillar/repuestos-retrocargadora-caterpillar-416e/"
"Caterpillar","repuestos-para-maquinaria-pesada-caterpillar","Retrocargador","repuestos-para-maquinaria-pesada-retrocargador-caterpillar","Repuestos Retrocargadora Caterpillar 416f2","repuestos-retrocargadora-caterpillar-416f2","https://partequipos.com/repuestos-maquinaria-pesada-colombia/repuestos-maquinaria-pesada-marcas/repuestos-para-maquinaria-pesada-caterpillar/repuestos-para-maquinaria-pesada-retrocargador-caterpillar/repuestos-retrocargadora-caterpillar-416f2/"
"Caterpillar","repuestos-para-maquinaria-pesada-caterpillar","Retrocargador","repuestos-para-maquinaria-pesada-retrocargador-caterpillar","Repuestos Retrocargadora Caterpillar 420d","repuestos-retrocargadora-caterpillar-420d","https://partequipos.com/repuestos-maquinaria-pesada-colombia/repuestos-maquinaria-pesada-marcas/repuestos-para-maquinaria-pesada-caterpillar/repuestos-para-maquinaria-pesada-retrocargador-caterpillar/repuestos-retrocargadora-caterpillar-420d/"
"Caterpillar","repuestos-para-maquinaria-pesada-caterpillar","Retrocargador","repuestos-para-maquinaria-pesada-retrocargador-caterpillar","Repuestos Retrocargadora Caterpillar 420e","repuestos-retrocargadora-caterpillar-420e","https://partequipos.com/repuestos-maquinaria-pesada-colombia/repuestos-maquinaria-pesada-marcas/repuestos-para-maquinaria-pesada-caterpillar/repuestos-para-maquinaria-pesada-retrocargador-caterpillar/repuestos-retrocargadora-caterpillar-420e/"
"Caterpillar","repuestos-para-maquinaria-pesada-caterpillar","Retrocargador","repuestos-para-maquinaria-pesada-retrocargador-caterpillar","Repuestos Retrocargadora Caterpillar 420f","repuestos-retrocargadora-caterpillar-420f","https://partequipos.com/repuestos-maquinaria-pesada-colombia/repuestos-maquinaria-pesada-marcas/repuestos-para-maquinaria-pesada-caterpillar/repuestos-para-maquinaria-pesada-retrocargador-caterpillar/repuestos-retrocargadora-caterpillar-420f/"
"Caterpillar","repuestos-para-maquinaria-pesada-caterpillar","Retrocargador","repuestos-para-maquinaria-pesada-retrocargador-caterpillar","Repuestos Retrocargadora Caterpillar 420f2","repuestos-retrocargadora-caterpillar-420f2","https://partequipos.com/repuestos-maquinaria-pesada-colombia/repuestos-maquinaria-pesada-marcas/repuestos-para-maquinaria-pesada-caterpillar/repuestos-para-maquinaria-pesada-retrocargador-caterpillar/repuestos-retrocargadora-caterpillar-420f2/"
"Caterpillar","repuestos-para-maquinaria-pesada-caterpillar","Retrocargador","repuestos-para-maquinaria-pesada-retrocargador-caterpillar","Repuestos Retrocargadora Caterpillar 426c","repuestos-retrocargadora-caterpillar-426c","https://partequipos.com/repuestos-maquinaria-pesada-colombia/repuestos-maquinaria-pesada-marcas/repuestos-para-maquinaria-pesada-caterpillar/repuestos-para-maquinaria-pesada-retrocargador-caterpillar/repuestos-retrocargadora-caterpillar-426c/"
"Caterpillar","repuestos-para-maquinaria-pesada-caterpillar","Retrocargador","repuestos-para-maquinaria-pesada-retrocargador-caterpillar","Repuestos Retrocargadora Caterpillar 428","repuestos-retrocargadora-caterpillar-428","https://partequipos.com/repuestos-maquinaria-pesada-colombia/repuestos-maquinaria-pesada-marcas/repuestos-para-maquinaria-pesada-caterpillar/repuestos-para-maquinaria-pesada-retrocargador-caterpillar/repuestos-retrocargadora-caterpillar-428/"
"Caterpillar","repuestos-para-maquinaria-pesada-caterpillar","Retrocargador","repuestos-para-maquinaria-pesada-retrocargador-caterpillar","Repuestos Retrocargadora Caterpillar 428b","repuestos-retrocargadora-caterpillar-428b","https://partequipos.com/repuestos-maquinaria-pesada-colombia/repuestos-maquinaria-pesada-marcas/repuestos-para-maquinaria-pesada-caterpillar/repuestos-para-maquinaria-pesada-retrocargador-caterpillar/repuestos-retrocargadora-caterpillar-428b/"
"Caterpillar","repuestos-para-maquinaria-pesada-caterpillar","Retrocargador","repuestos-para-maquinaria-pesada-retrocargador-caterpillar","Repuestos Retrocargadora Caterpillar 428c","repuestos-retrocargadora-caterpillar-428c","https://partequipos.com/repuestos-maquinaria-pesada-colombia/repuestos-maquinaria-pesada-marcas/repuestos-para-maquinaria-pesada-caterpillar/repuestos-para-maquinaria-pesada-retrocargador-caterpillar/repuestos-retrocargadora-caterpillar-428c/"
"Caterpillar","repuestos-para-maquinaria-pesada-caterpillar","Retrocargador","repuestos-para-maquinaria-pesada-retrocargador-caterpillar","Repuestos Retrocargadora Caterpillar 428d 2","repuestos-retrocargadora-caterpillar-428d-2","https://partequipos.com/repuestos-maquinaria-pesada-colombia/repuestos-maquinaria-pesada-marcas/repuestos-para-maquinaria-pesada-caterpillar/repuestos-para-maquinaria-pesada-retrocargador-caterpillar/repuestos-retrocargadora-caterpillar-428d-2/"
"Caterpillar","repuestos-para-maquinaria-pesada-caterpillar","Retrocargador","repuestos-para-maquinaria-pesada-retrocargador-caterpillar","Repuestos Retrocargadora Caterpillar 428d","repuestos-retrocargadora-caterpillar-428d","https://partequipos.com/repuestos-maquinaria-pesada-colombia/repuestos-maquinaria-pesada-marcas/repuestos-para-maquinaria-pesada-caterpillar/repuestos-para-maquinaria-pesada-retrocargador-caterpillar/repuestos-retrocargadora-caterpillar-428d/"
"Caterpillar","repuestos-para-maquinaria-pesada-caterpillar","Retrocargador","repuestos-para-maquinaria-pesada-retrocargador-caterpillar","Repuestos Retrocargadora Caterpillar 428e","repuestos-retrocargadora-caterpillar-428e","https://partequipos.com/repuestos-maquinaria-pesada-colombia/repuestos-maquinaria-pesada-marcas/repuestos-para-maquinaria-pesada-caterpillar/repuestos-para-maquinaria-pesada-retrocargador-caterpillar/repuestos-retrocargadora-caterpillar-428e/"
"Caterpillar","repuestos-para-maquinaria-pesada-caterpillar","Retrocargador","repuestos-para-maquinaria-pesada-retrocargador-caterpillar","Repuestos Retrocargadora Caterpillar 428f","repuestos-retrocargadora-caterpillar-428f","https://partequipos.com/repuestos-maquinaria-pesada-colombia/repuestos-maquinaria-pesada-marcas/repuestos-para-maquinaria-pesada-caterpillar/repuestos-para-maquinaria-pesada-retrocargador-caterpillar/repuestos-retrocargadora-caterpillar-428f/"
"Caterpillar","repuestos-para-maquinaria-pesada-caterpillar","Retrocargador","repuestos-para-maquinaria-pesada-retrocargador-caterpillar","Repuestos Retrocargadora Caterpillar 430d","repuestos-retrocargadora-caterpillar-430d","https://partequipos.com/repuestos-maquinaria-pesada-colombia/repuestos-maquinaria-pesada-marcas/repuestos-para-maquinaria-pesada-caterpillar/repuestos-para-maquinaria-pesada-retrocargador-caterpillar/repuestos-retrocargadora-caterpillar-430d/"
"Caterpillar","repuestos-para-maquinaria-pesada-caterpillar","Retrocargador","repuestos-para-maquinaria-pesada-retrocargador-caterpillar","Repuestos Retrocargadora Caterpillar 430e","repuestos-retrocargadora-caterpillar-430e","https://partequipos.com/repuestos-maquinaria-pesada-colombia/repuestos-maquinaria-pesada-marcas/repuestos-para-maquinaria-pesada-caterpillar/repuestos-para-maquinaria-pesada-retrocargador-caterpillar/repuestos-retrocargadora-caterpillar-430e/"
"Doosan","repuestos-para-maquinaria-pesada-doosan","Cargador Frontal","repuestos-para-maquinaria-pesada-cargador-frontal-doosan","Repuestos Cargador Frontal Doosan Dl300a","repuestos-cargador-frontal-doosan-dl300a","https://partequipos.com/repuestos-maquinaria-pesada-colombia/repuestos-maquinaria-pesada-marcas/repuestos-para-maquinaria-pesada-doosan/repuestos-para-maquinaria-pesada-cargador-frontal-doosan/repuestos-cargador-frontal-doosan-dl300a/"
"Doosan","repuestos-para-maquinaria-pesada-doosan","Excavadora","repuestos-para-maquinaria-pesada-excavadora-doosan","Repuestos Excavadora Doosan Dx140lc S Cebaa","repuestos-excavadora-doosan-dx140lc-s-cebaa","https://partequipos.com/repuestos-maquinaria-pesada-colombia/repuestos-maquinaria-pesada-marcas/repuestos-para-maquinaria-pesada-doosan/repuestos-para-maquinaria-pesada-excavadora-doosan/repuestos-excavadora-doosan-dx140lc-s-cebaa/"
"Doosan","repuestos-para-maquinaria-pesada-doosan","Excavadora","repuestos-para-maquinaria-pesada-excavadora-doosan","Repuestos Excavadora Doosan Dx140lc S Cebcu","repuestos-excavadora-doosan-dx140lc-s-cebcu","https://partequipos.com/repuestos-maquinaria-pesada-colombia/repuestos-maquinaria-pesada-marcas/repuestos-para-maquinaria-pesada-doosan/repuestos-para-maquinaria-pesada-excavadora-doosan/repuestos-excavadora-doosan-dx140lc-s-cebcu/"
"Doosan","repuestos-para-maquinaria-pesada-doosan","Excavadora","repuestos-para-maquinaria-pesada-excavadora-doosan","Repuestos Excavadora Doosan Dx220lca 2","repuestos-excavadora-doosan-dx220lca-2","https://partequipos.com/repuestos-maquinaria-pesada-colombia/repuestos-maquinaria-pesada-marcas/repuestos-para-maquinaria-pesada-doosan/repuestos-para-maquinaria-pesada-excavadora-doosan/repuestos-excavadora-doosan-dx220lca-2/"
"Doosan","repuestos-para-maquinaria-pesada-doosan","Excavadora","repuestos-para-maquinaria-pesada-excavadora-doosan","Repuestos Excavadora Doosan Dx225lca 7M Cebee","repuestos-excavadora-doosan-dx225lca-7m-cebee","https://partequipos.com/repuestos-maquinaria-pesada-colombia/repuestos-maquinaria-pesada-marcas/repuestos-para-maquinaria-pesada-doosan/repuestos-para-maquinaria-pesada-excavadora-doosan/repuestos-excavadora-doosan-dx225lca-7m-cebee/"
"Doosan","repuestos-para-maquinaria-pesada-doosan","Excavadora","repuestos-para-maquinaria-pesada-excavadora-doosan","Repuestos Excavadora Doosan Dx225lca Cebac","repuestos-excavadora-doosan-dx225lca-cebac","https://partequipos.com/repuestos-maquinaria-pesada-colombia/repuestos-maquinaria-pesada-marcas/repuestos-para-maquinaria-pesada-doosan/repuestos-para-maquinaria-pesada-excavadora-doosan/repuestos-excavadora-doosan-dx225lca-cebac/"
"Doosan","repuestos-para-maquinaria-pesada-doosan","Excavadora","repuestos-para-maquinaria-pesada-excavadora-doosan","Repuestos Excavadora Doosan Dx225lca Cebdx_","repuestos-excavadora-doosan-dx225lca-cebdx_","https://partequipos.com/repuestos-maquinaria-pesada-colombia/repuestos-maquinaria-pesada-marcas/repuestos-para-maquinaria-pesada-doosan/repuestos-para-maquinaria-pesada-excavadora-doosan/repuestos-excavadora-doosan-dx225lca-cebdx_/"
"Doosan","repuestos-para-maquinaria-pesada-doosan","Excavadora","repuestos-para-maquinaria-pesada-excavadora-doosan","Repuestos Excavadora Doosan Dx340lca_","repuestos-excavadora-doosan-dx340lca_","https://partequipos.com/repuestos-maquinaria-pesada-colombia/repuestos-maquinaria-pesada-marcas/repuestos-para-maquinaria-pesada-doosan/repuestos-para-maquinaria-pesada-excavadora-doosan/repuestos-excavadora-doosan-dx340lca_/"
"Doosan","repuestos-para-maquinaria-pesada-doosan","Excavadora","repuestos-para-maquinaria-pesada-excavadora-doosan","Repuestos Excavadora Doosan Dx340lca K","repuestos-excavadora-doosan-dx340lca-k","https://partequipos.com/repuestos-maquinaria-pesada-colombia/repuestos-maquinaria-pesada-marcas/repuestos-para-maquinaria-pesada-doosan/repuestos-para-maquinaria-pesada-excavadora-doosan/repuestos-excavadora-doosan-dx340lca-k/"
"Doosan","repuestos-para-maquinaria-pesada-doosan","Excavadora","repuestos-para-maquinaria-pesada-excavadora-doosan","Repuestos Excavadora Doosan Dx340lca","repuestos-excavadora-doosan-dx340lca","https://partequipos.com/repuestos-maquinaria-pesada-colombia/repuestos-maquinaria-pesada-marcas/repuestos-para-maquinaria-pesada-doosan/repuestos-para-maquinaria-pesada-excavadora-doosan/repuestos-excavadora-doosan-dx340lca/"
"Doosan","repuestos-para-maquinaria-pesada-doosan","Excavadora","repuestos-para-maquinaria-pesada-excavadora-doosan","Repuestos Excavadora Doosan Solar 225lc V","repuestos-excavadora-doosan-solar-225lc-v","https://partequipos.com/repuestos-maquinaria-pesada-colombia/repuestos-maquinaria-pesada-marcas/repuestos-para-maquinaria-pesada-doosan/repuestos-para-maquinaria-pesada-excavadora-doosan/repuestos-excavadora-doosan-solar-225lc-v/"
"Doosan","repuestos-para-maquinaria-pesada-doosan","Excavadora","repuestos-para-maquinaria-pesada-excavadora-doosan","Repuestos Excavadora Doosan Solar 340lc V","repuestos-excavadora-doosan-solar-340lc-v","https://partequipos.com/repuestos-maquinaria-pesada-colombia/repuestos-maquinaria-pesada-marcas/repuestos-para-maquinaria-pesada-doosan/repuestos-para-maquinaria-pesada-excavadora-doosan/repuestos-excavadora-doosan-solar-340lc-v/"
"Hitachi","repuestos-para-maquinaria-pesada-hitachi","Excavadora","repuestos-para-maquinaria-pesada-excavadora-hitachi","Repuestos Excavadora Hitachi Ex100 3","repuestos-excavadora-hitachi-ex100-3","https://partequipos.com/repuestos-maquinaria-pesada-colombia/repuestos-maquinaria-pesada-marcas/repuestos-para-maquinaria-pesada-hitachi/repuestos-para-maquinaria-pesada-excavadora-hitachi/repuestos-excavadora-hitachi-ex100-3/"
"Hitachi","repuestos-para-maquinaria-pesada-hitachi","Excavadora","repuestos-para-maquinaria-pesada-excavadora-hitachi","Repuestos Excavadora Hitachi Ex100","repuestos-excavadora-hitachi-ex100","https://partequipos.com/repuestos-maquinaria-pesada-colombia/repuestos-maquinaria-pesada-marcas/repuestos-para-maquinaria-pesada-hitachi/repuestos-para-maquinaria-pesada-excavadora-hitachi/repuestos-excavadora-hitachi-ex100/"
"Hitachi","repuestos-para-maquinaria-pesada-hitachi","Excavadora","repuestos-para-maquinaria-pesada-excavadora-hitachi","Repuestos Excavadora Hitachi Ex120 2","repuestos-excavadora-hitachi-ex120-2","https://partequipos.com/repuestos-maquinaria-pesada-colombia/repuestos-maquinaria-pesada-marcas/repuestos-para-maquinaria-pesada-hitachi/repuestos-para-maquinaria-pesada-excavadora-hitachi/repuestos-excavadora-hitachi-ex120-2/"
"Hitachi","repuestos-para-maquinaria-pesada-hitachi","Excavadora","repuestos-para-maquinaria-pesada-excavadora-hitachi","Repuestos Excavadora Hitachi Ex120 3","repuestos-excavadora-hitachi-ex120-3","https://partequipos.com/repuestos-maquinaria-pesada-colombia/repuestos-maquinaria-pesada-marcas/repuestos-para-maquinaria-pesada-hitachi/repuestos-para-maquinaria-pesada-excavadora-hitachi/repuestos-excavadora-hitachi-ex120-3/"
"Hitachi","repuestos-para-maquinaria-pesada-hitachi","Excavadora","repuestos-para-maquinaria-pesada-excavadora-hitachi","Repuestos Excavadora Hitachi Ex160 5","repuestos-excavadora-hitachi-ex160-5","https://partequipos.com/repuestos-maquinaria-pesada-colombia/repuestos-maquinaria-pesada-marcas/repuestos-para-maquinaria-pesada-hitachi/repuestos-para-maquinaria-pesada-excavadora-hitachi/repuestos-excavadora-hitachi-ex160-5/"
"Hitachi","repuestos-para-maquinaria-pesada-hitachi","Excavadora","repuestos-para-maquinaria-pesada-excavadora-hitachi","Repuestos Excavadora Hitachi Ex200 2","repuestos-excavadora-hitachi-ex200-2","https://partequipos.com/repuestos-maquinaria-pesada-colombia/repuestos-maquinaria-pesada-marcas/repuestos-para-maquinaria-pesada-hitachi/repuestos-para-maquinaria-pesada-excavadora-hitachi/repuestos-excavadora-hitachi-ex200-2/"
"Hitachi","repuestos-para-maquinaria-pesada-hitachi","Excavadora","repuestos-para-maquinaria-pesada-excavadora-hitachi","Repuestos Excavadora Hitachi Ex200 3","repuestos-excavadora-hitachi-ex200-3","https://partequipos.com/repuestos-maquinaria-pesada-colombia/repuestos-maquinaria-pesada-marcas/repuestos-para-maquinaria-pesada-hitachi/repuestos-para-maquinaria-pesada-excavadora-hitachi/repuestos-excavadora-hitachi-ex200-3/"
"Hitachi","repuestos-para-maquinaria-pesada-hitachi","Excavadora","repuestos-para-maquinaria-pesada-excavadora-hitachi","Repuestos Excavadora Hitachi Ex200 5","repuestos-excavadora-hitachi-ex200-5","https://partequipos.com/repuestos-maquinaria-pesada-colombia/repuestos-maquinaria-pesada-marcas/repuestos-para-maquinaria-pesada-hitachi/repuestos-para-maquinaria-pesada-excavadora-hitachi/repuestos-excavadora-hitachi-ex200-5/"
"Hitachi","repuestos-para-maquinaria-pesada-hitachi","Excavadora","repuestos-para-maquinaria-pesada-excavadora-hitachi","Repuestos Excavadora Hitachi Ex200","repuestos-excavadora-hitachi-ex200","https://partequipos.com/repuestos-maquinaria-pesada-colombia/repuestos-maquinaria-pesada-marcas/repuestos-para-maquinaria-pesada-hitachi/repuestos-para-maquinaria-pesada-excavadora-hitachi/repuestos-excavadora-hitachi-ex200/"
"Hitachi","repuestos-para-maquinaria-pesada-hitachi","Excavadora","repuestos-para-maquinaria-pesada-excavadora-hitachi","Repuestos Excavadora Hitachi Ex230 5","repuestos-excavadora-hitachi-ex230-5","https://partequipos.com/repuestos-maquinaria-pesada-colombia/repuestos-maquinaria-pesada-marcas/repuestos-para-maquinaria-pesada-hitachi/repuestos-para-maquinaria-pesada-excavadora-hitachi/repuestos-excavadora-hitachi-ex230-5/"
"Hitachi","repuestos-para-maquinaria-pesada-hitachi","Excavadora","repuestos-para-maquinaria-pesada-excavadora-hitachi","Repuestos Excavadora Hitachi Ex270 5","repuestos-excavadora-hitachi-ex270-5","https://partequipos.com/repuestos-maquinaria-pesada-colombia/repuestos-maquinaria-pesada-marcas/repuestos-para-maquinaria-pesada-hitachi/repuestos-para-maquinaria-pesada-excavadora-hitachi/repuestos-excavadora-hitachi-ex270-5/"
"Hitachi","repuestos-para-maquinaria-pesada-hitachi","Excavadora","repuestos-para-maquinaria-pesada-excavadora-hitachi","Repuestos Excavadora Hitachi ZX 200","repuestos-excavadora-hitachi-zx-200","https://partequipos.com/repuestos-maquinaria-pesada-colombia/repuestos-maquinaria-pesada-marcas/repuestos-para-maquinaria-pesada-hitachi/repuestos-para-maquinaria-pesada-excavadora-hitachi/repuestos-excavadora-hitachi-zx-200/"
"Hitachi","repuestos-para-maquinaria-pesada-hitachi","Excavadora","repuestos-para-maquinaria-pesada-excavadora-hitachi","Repuestos Excavadora Hitachi Zx120 3","repuestos-excavadora-hitachi-zx120-3","https://partequipos.com/repuestos-maquinaria-pesada-colombia/repuestos-maquinaria-pesada-marcas/repuestos-para-maquinaria-pesada-hitachi/repuestos-para-maquinaria-pesada-excavadora-hitachi/repuestos-excavadora-hitachi-zx120-3/"
"Hitachi","repuestos-para-maquinaria-pesada-hitachi","Excavadora","repuestos-para-maquinaria-pesada-excavadora-hitachi","Repuestos Excavadora Hitachi Zx120 Zx130lcn","repuestos-excavadora-hitachi-zx120-zx130lcn","https://partequipos.com/repuestos-maquinaria-pesada-colombia/repuestos-maquinaria-pesada-marcas/repuestos-para-maquinaria-pesada-hitachi/repuestos-para-maquinaria-pesada-excavadora-hitachi/repuestos-excavadora-hitachi-zx120-zx130lcn/"
"Hitachi","repuestos-para-maquinaria-pesada-hitachi","Excavadora","repuestos-para-maquinaria-pesada-excavadora-hitachi","Repuestos Excavadora Hitachi Zx200 3","repuestos-excavadora-hitachi-zx200-3","https://partequipos.com/repuestos-maquinaria-pesada-colombia/repuestos-maquinaria-pesada-marcas/repuestos-para-maquinaria-pesada-hitachi/repuestos-para-maquinaria-pesada-excavadora-hitachi/repuestos-excavadora-hitachi-zx200-3/"
"Hitachi","repuestos-para-maquinaria-pesada-hitachi","Excavadora","repuestos-para-maquinaria-pesada-excavadora-hitachi","Repuestos Excavadora Hitachi Zx200 5G","repuestos-excavadora-hitachi-zx200-5g","https://partequipos.com/repuestos-maquinaria-pesada-colombia/repuestos-maquinaria-pesada-marcas/repuestos-para-maquinaria-pesada-hitachi/repuestos-para-maquinaria-pesada-excavadora-hitachi/repuestos-excavadora-hitachi-zx200-5g/"
"Hitachi","repuestos-para-maquinaria-pesada-hitachi","Excavadora","repuestos-para-maquinaria-pesada-excavadora-hitachi","Repuestos Excavadora Hitachi Zx210 5G","repuestos-excavadora-hitachi-zx210-5g","https://partequipos.com/repuestos-maquinaria-pesada-colombia/repuestos-maquinaria-pesada-marcas/repuestos-para-maquinaria-pesada-hitachi/repuestos-para-maquinaria-pesada-excavadora-hitachi/repuestos-excavadora-hitachi-zx210-5g/"
"Hitachi","repuestos-para-maquinaria-pesada-hitachi","Excavadora","repuestos-para-maquinaria-pesada-excavadora-hitachi","Repuestos Excavadora Hitachi Zx220lc","repuestos-excavadora-hitachi-zx220lc","https://partequipos.com/repuestos-maquinaria-pesada-colombia/repuestos-maquinaria-pesada-marcas/repuestos-para-maquinaria-pesada-hitachi/repuestos-para-maquinaria-pesada-excavadora-hitachi/repuestos-excavadora-hitachi-zx220lc/"
"Hitachi","repuestos-para-maquinaria-pesada-hitachi","Excavadora","repuestos-para-maquinaria-pesada-excavadora-hitachi","Repuestos Excavadora Hitachi Zx270lc 3","repuestos-excavadora-hitachi-zx270lc-3","https://partequipos.com/repuestos-maquinaria-pesada-colombia/repuestos-maquinaria-pesada-marcas/repuestos-para-maquinaria-pesada-hitachi/repuestos-para-maquinaria-pesada-excavadora-hitachi/repuestos-excavadora-hitachi-zx270lc-3/"
"Hitachi","repuestos-para-maquinaria-pesada-hitachi","Excavadora","repuestos-para-maquinaria-pesada-excavadora-hitachi","Repuestos Excavadora Hitachi Zx270lc","repuestos-excavadora-hitachi-zx270lc","https://partequipos.com/repuestos-maquinaria-pesada-colombia/repuestos-maquinaria-pesada-marcas/repuestos-para-maquinaria-pesada-hitachi/repuestos-para-maquinaria-pesada-excavadora-hitachi/repuestos-excavadora-hitachi-zx270lc/"
"Hitachi","repuestos-para-maquinaria-pesada-hitachi","Excavadora","repuestos-para-maquinaria-pesada-excavadora-hitachi","Repuestos Excavadora Hitachi Zx330lc","repuestos-excavadora-hitachi-zx330lc","https://partequipos.com/repuestos-maquinaria-pesada-colombia/repuestos-maquinaria-pesada-marcas/repuestos-para-maquinaria-pesada-hitachi/repuestos-para-maquinaria-pesada-excavadora-hitachi/repuestos-excavadora-hitachi-zx330lc/"
"Hitachi","repuestos-para-maquinaria-pesada-hitachi","Excavadora","repuestos-para-maquinaria-pesada-excavadora-hitachi","Repuestos Excavadora Hitachi Zx350lc 3","repuestos-excavadora-hitachi-zx350lc-3","https://partequipos.com/repuestos-maquinaria-pesada-colombia/repuestos-maquinaria-pesada-marcas/repuestos-para-maquinaria-pesada-hitachi/repuestos-para-maquinaria-pesada-excavadora-hitachi/repuestos-excavadora-hitachi-zx350lc-3/"
"Hitachi","repuestos-para-maquinaria-pesada-hitachi","Excavadora","repuestos-para-maquinaria-pesada-excavadora-hitachi","Repuestos Excavadora Hitachi Zx350lc 5","repuestos-excavadora-hitachi-zx350lc-5","https://partequipos.com/repuestos-maquinaria-pesada-colombia/repuestos-maquinaria-pesada-marcas/repuestos-para-maquinaria-pesada-hitachi/repuestos-para-maquinaria-pesada-excavadora-hitachi/repuestos-excavadora-hitachi-zx350lc-5/"
"Hitachi","repuestos-para-maquinaria-pesada-hitachi","Excavadora","repuestos-para-maquinaria-pesada-excavadora-hitachi","Repuestos Excavadora Hitachi Zx450lc 3","repuestos-excavadora-hitachi-zx450lc-3","https://partequipos.com/repuestos-maquinaria-pesada-colombia/repuestos-maquinaria-pesada-marcas/repuestos-para-maquinaria-pesada-hitachi/repuestos-para-maquinaria-pesada-excavadora-hitachi/repuestos-excavadora-hitachi-zx450lc-3/"
"Hitachi","repuestos-para-maquinaria-pesada-hitachi","Excavadora","repuestos-para-maquinaria-pesada-excavadora-hitachi","Repuestos Excavadora Hitachi Zx450lc 5","repuestos-excavadora-hitachi-zx450lc-5","https://partequipos.com/repuestos-maquinaria-pesada-colombia/repuestos-maquinaria-pesada-marcas/repuestos-para-maquinaria-pesada-hitachi/repuestos-para-maquinaria-pesada-excavadora-hitachi/repuestos-excavadora-hitachi-zx450lc-5/"
"Hitachi","repuestos-para-maquinaria-pesada-hitachi","Excavadora","repuestos-para-maquinaria-pesada-excavadora-hitachi","Repuestos Excavadora Hitachi Zx450lc","repuestos-excavadora-hitachi-zx450lc","https://partequipos.com/repuestos-maquinaria-pesada-colombia/repuestos-maquinaria-pesada-marcas/repuestos-para-maquinaria-pesada-hitachi/repuestos-para-maquinaria-pesada-excavadora-hitachi/repuestos-excavadora-hitachi-zx450lc/"
"Hitachi","repuestos-para-maquinaria-pesada-hitachi","Miniexcavadora","repuestos-para-maquinaria-pesada-miniexcavadora-hitachi","Repuestos Miniexcavadora Hitachi Ex40u","repuestos-miniexcavadora-hitachi-ex40u","https://partequipos.com/repuestos-maquinaria-pesada-colombia/repuestos-maquinaria-pesada-marcas/repuestos-para-maquinaria-pesada-hitachi/repuestos-para-maquinaria-pesada-miniexcavadora-hitachi/repuestos-miniexcavadora-hitachi-ex40u/"
"Hitachi","repuestos-para-maquinaria-pesada-hitachi","Miniexcavadora","repuestos-para-maquinaria-pesada-miniexcavadora-hitachi","Repuestos Miniexcavadora Hitachi Ex50u","repuestos-miniexcavadora-hitachi-ex50u","https://partequipos.com/repuestos-maquinaria-pesada-colombia/repuestos-maquinaria-pesada-marcas/repuestos-para-maquinaria-pesada-hitachi/repuestos-para-maquinaria-pesada-miniexcavadora-hitachi/repuestos-miniexcavadora-hitachi-ex50u/"
"Hitachi","repuestos-para-maquinaria-pesada-hitachi","Miniexcavadora","repuestos-para-maquinaria-pesada-miniexcavadora-hitachi","Repuestos Miniexcavadora Hitachi Ex60 1","repuestos-miniexcavadora-hitachi-ex60-1","https://partequipos.com/repuestos-maquinaria-pesada-colombia/repuestos-maquinaria-pesada-marcas/repuestos-para-maquinaria-pesada-hitachi/repuestos-para-maquinaria-pesada-miniexcavadora-hitachi/repuestos-miniexcavadora-hitachi-ex60-1/"
"Hitachi","repuestos-para-maquinaria-pesada-hitachi","Miniexcavadora","repuestos-para-maquinaria-pesada-miniexcavadora-hitachi","Repuestos Miniexcavadora Hitachi Ex60 3","repuestos-miniexcavadora-hitachi-ex60-3","https://partequipos.com/repuestos-maquinaria-pesada-colombia/repuestos-maquinaria-pesada-marcas/repuestos-para-maquinaria-pesada-hitachi/repuestos-para-maquinaria-pesada-miniexcavadora-hitachi/repuestos-miniexcavadora-hitachi-ex60-3/"
"Hitachi","repuestos-para-maquinaria-pesada-hitachi","Miniexcavadora","repuestos-para-maquinaria-pesada-miniexcavadora-hitachi","Repuestos Miniexcavadora Hitachi Ex60 5","repuestos-miniexcavadora-hitachi-ex60-5","https://partequipos.com/repuestos-maquinaria-pesada-colombia/repuestos-maquinaria-pesada-marcas/repuestos-para-maquinaria-pesada-hitachi/repuestos-para-maquinaria-pesada-miniexcavadora-hitachi/repuestos-miniexcavadora-hitachi-ex60-5/"
"Hitachi","repuestos-para-maquinaria-pesada-hitachi","Miniexcavadora","repuestos-para-maquinaria-pesada-miniexcavadora-hitachi","Repuestos Miniexcavadora Hitachi Ex70 Ex80 5","repuestos-miniexcavadora-hitachi-ex70-ex80-5","https://partequipos.com/repuestos-maquinaria-pesada-colombia/repuestos-maquinaria-pesada-marcas/repuestos-para-maquinaria-pesada-hitachi/repuestos-para-maquinaria-pesada-miniexcavadora-hitachi/repuestos-miniexcavadora-hitachi-ex70-ex80-5/"
"Hitachi","repuestos-para-maquinaria-pesada-hitachi","Miniexcavadora","repuestos-para-maquinaria-pesada-miniexcavadora-hitachi","Repuestos Miniexcavadora Hitachi Zx17u 2","repuestos-miniexcavadora-hitachi-zx17u-2","https://partequipos.com/repuestos-maquinaria-pesada-colombia/repuestos-maquinaria-pesada-marcas/repuestos-para-maquinaria-pesada-hitachi/repuestos-para-maquinaria-pesada-miniexcavadora-hitachi/repuestos-miniexcavadora-hitachi-zx17u-2/"
"Hitachi","repuestos-para-maquinaria-pesada-hitachi","Miniexcavadora","repuestos-para-maquinaria-pesada-miniexcavadora-hitachi","Repuestos Miniexcavadora Hitachi Zx30u 2","repuestos-miniexcavadora-hitachi-zx30u-2","https://partequipos.com/repuestos-maquinaria-pesada-colombia/repuestos-maquinaria-pesada-marcas/repuestos-para-maquinaria-pesada-hitachi/repuestos-para-maquinaria-pesada-miniexcavadora-hitachi/repuestos-miniexcavadora-hitachi-zx30u-2/"
"Hitachi","repuestos-para-maquinaria-pesada-hitachi","Miniexcavadora","repuestos-para-maquinaria-pesada-miniexcavadora-hitachi","Repuestos Miniexcavadora Hitachi Zx35u 2","repuestos-miniexcavadora-hitachi-zx35u-2","https://partequipos.com/repuestos-maquinaria-pesada-colombia/repuestos-maquinaria-pesada-marcas/repuestos-para-maquinaria-pesada-hitachi/repuestos-para-maquinaria-pesada-miniexcavadora-hitachi/repuestos-miniexcavadora-hitachi-zx35u-2/"
"Hitachi","repuestos-para-maquinaria-pesada-hitachi","Miniexcavadora","repuestos-para-maquinaria-pesada-miniexcavadora-hitachi","Repuestos Miniexcavadora Hitachi Zx35u 3","repuestos-miniexcavadora-hitachi-zx35u-3","https://partequipos.com/repuestos-maquinaria-pesada-colombia/repuestos-maquinaria-pesada-marcas/repuestos-para-maquinaria-pesada-hitachi/repuestos-para-maquinaria-pesada-miniexcavadora-hitachi/repuestos-miniexcavadora-hitachi-zx35u-3/"
"Hitachi","repuestos-para-maquinaria-pesada-hitachi","Miniexcavadora","repuestos-para-maquinaria-pesada-miniexcavadora-hitachi","Repuestos Miniexcavadora Hitachi Zx35u","repuestos-miniexcavadora-hitachi-zx35u","https://partequipos.com/repuestos-maquinaria-pesada-colombia/repuestos-maquinaria-pesada-marcas/repuestos-para-maquinaria-pesada-hitachi/repuestos-para-maquinaria-pesada-miniexcavadora-hitachi/repuestos-miniexcavadora-hitachi-zx35u/"
"Hitachi","repuestos-para-maquinaria-pesada-hitachi","Miniexcavadora","repuestos-para-maquinaria-pesada-miniexcavadora-hitachi","Repuestos Miniexcavadora Hitachi Zx40u 2","repuestos-miniexcavadora-hitachi-zx40u-2","https://partequipos.com/repuestos-maquinaria-pesada-colombia/repuestos-maquinaria-pesada-marcas/repuestos-para-maquinaria-pesada-hitachi/repuestos-para-maquinaria-pesada-miniexcavadora-hitachi/repuestos-miniexcavadora-hitachi-zx40u-2/"
"Hitachi","repuestos-para-maquinaria-pesada-hitachi","Miniexcavadora","repuestos-para-maquinaria-pesada-miniexcavadora-hitachi","Repuestos Miniexcavadora Hitachi Zx40u 3","repuestos-miniexcavadora-hitachi-zx40u-3","https://partequipos.com/repuestos-maquinaria-pesada-colombia/repuestos-maquinaria-pesada-marcas/repuestos-para-maquinaria-pesada-hitachi/repuestos-para-maquinaria-pesada-miniexcavadora-hitachi/repuestos-miniexcavadora-hitachi-zx40u-3/"
"Hitachi","repuestos-para-maquinaria-pesada-hitachi","Miniexcavadora","repuestos-para-maquinaria-pesada-miniexcavadora-hitachi","Repuestos Miniexcavadora Hitachi Zx40u","repuestos-miniexcavadora-hitachi-zx40u","https://partequipos.com/repuestos-maquinaria-pesada-colombia/repuestos-maquinaria-pesada-marcas/repuestos-para-maquinaria-pesada-hitachi/repuestos-para-maquinaria-pesada-miniexcavadora-hitachi/repuestos-miniexcavadora-hitachi-zx40u/"
"Hitachi","repuestos-para-maquinaria-pesada-hitachi","Miniexcavadora","repuestos-para-maquinaria-pesada-miniexcavadora-hitachi","Repuestos Miniexcavadora Hitachi Zx50u 2","repuestos-miniexcavadora-hitachi-zx50u-2","https://partequipos.com/repuestos-maquinaria-pesada-colombia/repuestos-maquinaria-pesada-marcas/repuestos-para-maquinaria-pesada-hitachi/repuestos-para-maquinaria-pesada-miniexcavadora-hitachi/repuestos-miniexcavadora-hitachi-zx50u-2/"
"Hitachi","repuestos-para-maquinaria-pesada-hitachi","Miniexcavadora","repuestos-para-maquinaria-pesada-miniexcavadora-hitachi","Repuestos Miniexcavadora Hitachi Zx50u 3","repuestos-miniexcavadora-hitachi-zx50u-3","https://partequipos.com/repuestos-maquinaria-pesada-colombia/repuestos-maquinaria-pesada-marcas/repuestos-para-maquinaria-pesada-hitachi/repuestos-para-maquinaria-pesada-miniexcavadora-hitachi/repuestos-miniexcavadora-hitachi-zx50u-3/"
"Hitachi","repuestos-para-maquinaria-pesada-hitachi","Miniexcavadora","repuestos-para-maquinaria-pesada-miniexcavadora-hitachi","Repuestos Miniexcavadora Hitachi Zx70 Zx80","repuestos-miniexcavadora-hitachi-zx70-zx80","https://partequipos.com/repuestos-maquinaria-pesada-colombia/repuestos-maquinaria-pesada-marcas/repuestos-para-maquinaria-pesada-hitachi/repuestos-para-maquinaria-pesada-miniexcavadora-hitachi/repuestos-miniexcavadora-hitachi-zx70-zx80/"
"Hitachi","repuestos-para-maquinaria-pesada-hitachi","Miniexcavadora","repuestos-para-maquinaria-pesada-miniexcavadora-hitachi","Repuestos Miniexcavadora Hitachi Zx75u 3 2","repuestos-miniexcavadora-hitachi-zx75u-3-2","https://partequipos.com/repuestos-maquinaria-pesada-colombia/repuestos-maquinaria-pesada-marcas/repuestos-para-maquinaria-pesada-hitachi/repuestos-para-maquinaria-pesada-miniexcavadora-hitachi/repuestos-miniexcavadora-hitachi-zx75u-3-2/"
"Hitachi","repuestos-para-maquinaria-pesada-hitachi","Miniexcavadora","repuestos-para-maquinaria-pesada-miniexcavadora-hitachi","Repuestos Miniexcavadora Hitachi Zx75u A","repuestos-miniexcavadora-hitachi-zx75u-a","https://partequipos.com/repuestos-maquinaria-pesada-colombia/repuestos-maquinaria-pesada-marcas/repuestos-para-maquinaria-pesada-hitachi/repuestos-para-maquinaria-pesada-miniexcavadora-hitachi/repuestos-miniexcavadora-hitachi-zx75u-a/"
"Hitachi","repuestos-para-maquinaria-pesada-hitachi","Miniexcavadora","repuestos-para-maquinaria-pesada-miniexcavadora-hitachi","Repuestos Miniexcavadora Hitachi Zx85u 3","repuestos-miniexcavadora-hitachi-zx85u-3","https://partequipos.com/repuestos-maquinaria-pesada-colombia/repuestos-maquinaria-pesada-marcas/repuestos-para-maquinaria-pesada-hitachi/repuestos-para-maquinaria-pesada-miniexcavadora-hitachi/repuestos-miniexcavadora-hitachi-zx85u-3/"
"Hyundai","repuestos-para-maquinaria-pesada-hyundai","Cargador Frontal","repuestos-para-maquinaria-pesada-cargador-frontal-hyundai","Repuestos Cargador Frontal Hyundai Hl740 9S","repuestos-cargador-frontal-hyundai-hl740-9s","https://partequipos.com/repuestos-maquinaria-pesada-colombia/repuestos-maquinaria-pesada-marcas/repuestos-para-maquinaria-pesada-hyundai/repuestos-para-maquinaria-pesada-cargador-frontal-hyundai/repuestos-cargador-frontal-hyundai-hl740-9s/"
"Hyundai","repuestos-para-maquinaria-pesada-hyundai","Cargador Frontal","repuestos-para-maquinaria-pesada-cargador-frontal-hyundai","Repuestos Cargador Frontal Hyundai Hl757 9S","repuestos-cargador-frontal-hyundai-hl757-9s","https://partequipos.com/repuestos-maquinaria-pesada-colombia/repuestos-maquinaria-pesada-marcas/repuestos-para-maquinaria-pesada-hyundai/repuestos-para-maquinaria-pesada-cargador-frontal-hyundai/repuestos-cargador-frontal-hyundai-hl757-9s/"
"Hyundai","repuestos-para-maquinaria-pesada-hyundai","Cargador Frontal","repuestos-para-maquinaria-pesada-cargador-frontal-hyundai","Repuestos Cargador Frontal Hyundai Hl760 9S","repuestos-cargador-frontal-hyundai-hl760-9s","https://partequipos.com/repuestos-maquinaria-pesada-colombia/repuestos-maquinaria-pesada-marcas/repuestos-para-maquinaria-pesada-hyundai/repuestos-para-maquinaria-pesada-cargador-frontal-hyundai/repuestos-cargador-frontal-hyundai-hl760-9s/"
"Hyundai","repuestos-para-maquinaria-pesada-hyundai","Cargador Frontal","repuestos-para-maquinaria-pesada-cargador-frontal-hyundai","Repuestos Cargador Frontal Hyundai Hl770 7","repuestos-cargador-frontal-hyundai-hl770-7","https://partequipos.com/repuestos-maquinaria-pesada-colombia/repuestos-maquinaria-pesada-marcas/repuestos-para-maquinaria-pesada-hyundai/repuestos-para-maquinaria-pesada-cargador-frontal-hyundai/repuestos-cargador-frontal-hyundai-hl770-7/"
"Hyundai","repuestos-para-maquinaria-pesada-hyundai","Cargador Frontal","repuestos-para-maquinaria-pesada-cargador-frontal-hyundai","Repuestos Cargador Frontal Hyundai Hl770 9S","repuestos-cargador-frontal-hyundai-hl770-9s","https://partequipos.com/repuestos-maquinaria-pesada-colombia/repuestos-maquinaria-pesada-marcas/repuestos-para-maquinaria-pesada-hyundai/repuestos-para-maquinaria-pesada-cargador-frontal-hyundai/repuestos-cargador-frontal-hyundai-hl770-9s/"
"Hyundai","repuestos-para-maquinaria-pesada-hyundai","Cargador Frontal","repuestos-para-maquinaria-pesada-cargador-frontal-hyundai","Repuestos Cargador Frontal Hyundai Hl980 9S","repuestos-cargador-frontal-hyundai-hl980-9s","https://partequipos.com/repuestos-maquinaria-pesada-colombia/repuestos-maquinaria-pesada-marcas/repuestos-para-maquinaria-pesada-hyundai/repuestos-para-maquinaria-pesada-cargador-frontal-hyundai/repuestos-cargador-frontal-hyundai-hl980-9s/"
"Hyundai","repuestos-para-maquinaria-pesada-hyundai","Excavadora","repuestos-para-maquinaria-pesada-excavadora-hyundai","Repuestos Excavadora Hyundai Hx220sl","repuestos-excavadora-hyundai-hx220sl","https://partequipos.com/repuestos-maquinaria-pesada-colombia/repuestos-maquinaria-pesada-marcas/repuestos-para-maquinaria-pesada-hyundai/repuestos-para-maquinaria-pesada-excavadora-hyundai/repuestos-excavadora-hyundai-hx220sl/"
"Hyundai","repuestos-para-maquinaria-pesada-hyundai","Excavadora","repuestos-para-maquinaria-pesada-excavadora-hyundai","Repuestos Excavadora Hyundai Hx34osl","repuestos-excavadora-hyundai-hx34osl","https://partequipos.com/repuestos-maquinaria-pesada-colombia/repuestos-maquinaria-pesada-marcas/repuestos-para-maquinaria-pesada-hyundai/repuestos-para-maquinaria-pesada-excavadora-hyundai/repuestos-excavadora-hyundai-hx34osl/"
"Hyundai","repuestos-para-maquinaria-pesada-hyundai","Excavadora","repuestos-para-maquinaria-pesada-excavadora-hyundai","Repuestos Excavadora Hyundai R140lc 9S","repuestos-excavadora-hyundai-r140lc-9s","https://partequipos.com/repuestos-maquinaria-pesada-colombia/repuestos-maquinaria-pesada-marcas/repuestos-para-maquinaria-pesada-hyundai/repuestos-para-maquinaria-pesada-excavadora-hyundai/repuestos-excavadora-hyundai-r140lc-9s/"
"Hyundai","repuestos-para-maquinaria-pesada-hyundai","Excavadora","repuestos-para-maquinaria-pesada-excavadora-hyundai","Repuestos Excavadora Hyundai R140lc 9sb","repuestos-excavadora-hyundai-r140lc-9sb","https://partequipos.com/repuestos-maquinaria-pesada-colombia/repuestos-maquinaria-pesada-marcas/repuestos-para-maquinaria-pesada-hyundai/repuestos-para-maquinaria-pesada-excavadora-hyundai/repuestos-excavadora-hyundai-r140lc-9sb/"
"Hyundai","repuestos-para-maquinaria-pesada-hyundai","Excavadora","repuestos-para-maquinaria-pesada-excavadora-hyundai","Repuestos Excavadora Hyundai R210lc 7","repuestos-excavadora-hyundai-r210lc-7","https://partequipos.com/repuestos-maquinaria-pesada-colombia/repuestos-maquinaria-pesada-marcas/repuestos-para-maquinaria-pesada-hyundai/repuestos-para-maquinaria-pesada-excavadora-hyundai/repuestos-excavadora-hyundai-r210lc-7/"
"Hyundai","repuestos-para-maquinaria-pesada-hyundai","Excavadora","repuestos-para-maquinaria-pesada-excavadora-hyundai","Repuestos Excavadora Hyundai R210lc 7A","repuestos-excavadora-hyundai-r210lc-7a","https://partequipos.com/repuestos-maquinaria-pesada-colombia/repuestos-maquinaria-pesada-marcas/repuestos-para-maquinaria-pesada-hyundai/repuestos-para-maquinaria-pesada-excavadora-hyundai/repuestos-excavadora-hyundai-r210lc-7a/"
"Hyundai","repuestos-para-maquinaria-pesada-hyundai","Excavadora","repuestos-para-maquinaria-pesada-excavadora-hyundai","Repuestos Excavadora Hyundai R210w 9S","repuestos-excavadora-hyundai-r210w-9s","https://partequipos.com/repuestos-maquinaria-pesada-colombia/repuestos-maquinaria-pesada-marcas/repuestos-para-maquinaria-pesada-hyundai/repuestos-para-maquinaria-pesada-excavadora-hyundai/repuestos-excavadora-hyundai-r210w-9s/"
"Hyundai","repuestos-para-maquinaria-pesada-hyundai","Excavadora","repuestos-para-maquinaria-pesada-excavadora-hyundai","Repuestos Excavadora Hyundai R220lc 9S","repuestos-excavadora-hyundai-r220lc-9s","https://partequipos.com/repuestos-maquinaria-pesada-colombia/repuestos-maquinaria-pesada-marcas/repuestos-para-maquinaria-pesada-hyundai/repuestos-para-maquinaria-pesada-excavadora-hyundai/repuestos-excavadora-hyundai-r220lc-9s/"
"Hyundai","repuestos-para-maquinaria-pesada-hyundai","Excavadora","repuestos-para-maquinaria-pesada-excavadora-hyundai","Repuestos Excavadora Hyundai R220lc 9sb","repuestos-excavadora-hyundai-r220lc-9sb","https://partequipos.com/repuestos-maquinaria-pesada-colombia/repuestos-maquinaria-pesada-marcas/repuestos-para-maquinaria-pesada-hyundai/repuestos-para-maquinaria-pesada-excavadora-hyundai/repuestos-excavadora-hyundai-r220lc-9sb/"
"Hyundai","repuestos-para-maquinaria-pesada-hyundai","Excavadora","repuestos-para-maquinaria-pesada-excavadora-hyundai","Repuestos Excavadora Hyundai R220lc HX","repuestos-excavadora-hyundai-r220lc-hx","https://partequipos.com/repuestos-maquinaria-pesada-colombia/repuestos-maquinaria-pesada-marcas/repuestos-para-maquinaria-pesada-hyundai/repuestos-para-maquinaria-pesada-excavadora-hyundai/repuestos-excavadora-hyundai-r220lc-hx/"
"Hyundai","repuestos-para-maquinaria-pesada-hyundai","Excavadora","repuestos-para-maquinaria-pesada-excavadora-hyundai","Repuestos Excavadora Hyundai R250lc 7","repuestos-excavadora-hyundai-r250lc-7","https://partequipos.com/repuestos-maquinaria-pesada-colombia/repuestos-maquinaria-pesada-marcas/repuestos-para-maquinaria-pesada-hyundai/repuestos-para-maquinaria-pesada-excavadora-hyundai/repuestos-excavadora-hyundai-r250lc-7/"
"Hyundai","repuestos-para-maquinaria-pesada-hyundai","Excavadora","repuestos-para-maquinaria-pesada-excavadora-hyundai","Repuestos Excavadora Hyundai R250lc 7A","repuestos-excavadora-hyundai-r250lc-7a","https://partequipos.com/repuestos-maquinaria-pesada-colombia/repuestos-maquinaria-pesada-marcas/repuestos-para-maquinaria-pesada-hyundai/repuestos-para-maquinaria-pesada-excavadora-hyundai/repuestos-excavadora-hyundai-r250lc-7a/"
"Hyundai","repuestos-para-maquinaria-pesada-hyundai","Excavadora","repuestos-para-maquinaria-pesada-excavadora-hyundai","Repuestos Excavadora Hyundai R260lc 9sa","repuestos-excavadora-hyundai-r260lc-9sa","https://partequipos.com/repuestos-maquinaria-pesada-colombia/repuestos-maquinaria-pesada-marcas/repuestos-para-maquinaria-pesada-hyundai/repuestos-para-maquinaria-pesada-excavadora-hyundai/repuestos-excavadora-hyundai-r260lc-9sa/"
"Hyundai","repuestos-para-maquinaria-pesada-hyundai","Excavadora","repuestos-para-maquinaria-pesada-excavadora-hyundai","Repuestos Excavadora Hyundai R290lc 7","repuestos-excavadora-hyundai-r290lc-7","https://partequipos.com/repuestos-maquinaria-pesada-colombia/repuestos-maquinaria-pesada-marcas/repuestos-para-maquinaria-pesada-hyundai/repuestos-para-maquinaria-pesada-excavadora-hyundai/repuestos-excavadora-hyundai-r290lc-7/"
"Hyundai","repuestos-para-maquinaria-pesada-hyundai","Excavadora","repuestos-para-maquinaria-pesada-excavadora-hyundai","Repuestos Excavadora Hyundai R290lc 7A","repuestos-excavadora-hyundai-r290lc-7a","https://partequipos.com/repuestos-maquinaria-pesada-colombia/repuestos-maquinaria-pesada-marcas/repuestos-para-maquinaria-pesada-hyundai/repuestos-para-maquinaria-pesada-excavadora-hyundai/repuestos-excavadora-hyundai-r290lc-7a/"
"Hyundai","repuestos-para-maquinaria-pesada-hyundai","Excavadora","repuestos-para-maquinaria-pesada-excavadora-hyundai","Repuestos Excavadora Hyundai R380lc 9sh","repuestos-excavadora-hyundai-r380lc-9sh","https://partequipos.com/repuestos-maquinaria-pesada-colombia/repuestos-maquinaria-pesada-marcas/repuestos-para-maquinaria-pesada-hyundai/repuestos-para-maquinaria-pesada-excavadora-hyundai/repuestos-excavadora-hyundai-r380lc-9sh/"
"Hyundai","repuestos-para-maquinaria-pesada-hyundai","Minicargador","repuestos-para-maquinaria-pesada-minicargador-hyundai","Repuestos Minicargador Hyundai Hsl850 7","repuestos-minicargador-hyundai-hsl850-7","https://partequipos.com/repuestos-maquinaria-pesada-colombia/repuestos-maquinaria-pesada-marcas/repuestos-para-maquinaria-pesada-hyundai/repuestos-para-maquinaria-pesada-minicargador-hyundai/repuestos-minicargador-hyundai-hsl850-7/"
"Hyundai","repuestos-para-maquinaria-pesada-hyundai","Minicargador","repuestos-para-maquinaria-pesada-minicargador-hyundai","Repuestos Minicargador Hyundai Hsl850 7A","repuestos-minicargador-hyundai-hsl850-7a","https://partequipos.com/repuestos-maquinaria-pesada-colombia/repuestos-maquinaria-pesada-marcas/repuestos-para-maquinaria-pesada-hyundai/repuestos-para-maquinaria-pesada-minicargador-hyundai/repuestos-minicargador-hyundai-hsl850-7a/"
"Hyundai","repuestos-para-maquinaria-pesada-hyundai","Miniexcavadora","repuestos-para-maquinaria-pesada-miniexcavadora-hyundai","Repuestos Miniexcavadora Hyundai R35z 7","repuestos-miniexcavadora-hyundai-r35z-7","https://partequipos.com/repuestos-maquinaria-pesada-colombia/repuestos-maquinaria-pesada-marcas/repuestos-para-maquinaria-pesada-hyundai/repuestos-para-maquinaria-pesada-miniexcavadora-hyundai/repuestos-miniexcavadora-hyundai-r35z-7/"
"Hyundai","repuestos-para-maquinaria-pesada-hyundai","Miniexcavadora","repuestos-para-maquinaria-pesada-miniexcavadora-hyundai","Repuestos Miniexcavadora Hyundai R35z 9","repuestos-miniexcavadora-hyundai-r35z-9","https://partequipos.com/repuestos-maquinaria-pesada-colombia/repuestos-maquinaria-pesada-marcas/repuestos-para-maquinaria-pesada-hyundai/repuestos-para-maquinaria-pesada-miniexcavadora-hyundai/repuestos-miniexcavadora-hyundai-r35z-9/"
"Kobelco","repuestos-para-maquinaria-pesada-kobelco","Excavadora","repuestos-para-maquinaria-pesada-excavadora-kobelco","Repuestos Excavadora Kobelco Mark Iii","repuestos-excavadora-kobelco-mark-iii","https://partequipos.com/repuestos-maquinaria-pesada-colombia/repuestos-maquinaria-pesada-marcas/repuestos-para-maquinaria-pesada-kobelco/repuestos-para-maquinaria-pesada-excavadora-kobelco/repuestos-excavadora-kobelco-mark-iii/"
"Kobelco","repuestos-para-maquinaria-pesada-kobelco","Excavadora","repuestos-para-maquinaria-pesada-excavadora-kobelco","Repuestos Excavadora Kobelco Mark IV","repuestos-excavadora-kobelco-mark-iv","https://partequipos.com/repuestos-maquinaria-pesada-colombia/repuestos-maquinaria-pesada-marcas/repuestos-para-maquinaria-pesada-kobelco/repuestos-para-maquinaria-pesada-excavadora-kobelco/repuestos-excavadora-kobelco-mark-iv/"
"Kobelco","repuestos-para-maquinaria-pesada-kobelco","Excavadora","repuestos-para-maquinaria-pesada-excavadora-kobelco","Repuestos Excavadora Kobelco Sk200 6","repuestos-excavadora-kobelco-sk200-6","https://partequipos.com/repuestos-maquinaria-pesada-colombia/repuestos-maquinaria-pesada-marcas/repuestos-para-maquinaria-pesada-kobelco/repuestos-para-maquinaria-pesada-excavadora-kobelco/repuestos-excavadora-kobelco-sk200-6/"
"Kobelco","repuestos-para-maquinaria-pesada-kobelco","Excavadora","repuestos-para-maquinaria-pesada-excavadora-kobelco","Repuestos Excavadora Kobelco Sk210 6","repuestos-excavadora-kobelco-sk210-6","https://partequipos.com/repuestos-maquinaria-pesada-colombia/repuestos-maquinaria-pesada-marcas/repuestos-para-maquinaria-pesada-kobelco/repuestos-para-maquinaria-pesada-excavadora-kobelco/repuestos-excavadora-kobelco-sk210-6/"
"Kobelco","repuestos-para-maquinaria-pesada-kobelco","Excavadora","repuestos-para-maquinaria-pesada-excavadora-kobelco","Repuestos Excavadora Kobelco Sk210lc 10","repuestos-excavadora-kobelco-sk210lc-10","https://partequipos.com/repuestos-maquinaria-pesada-colombia/repuestos-maquinaria-pesada-marcas/repuestos-para-maquinaria-pesada-kobelco/repuestos-para-maquinaria-pesada-excavadora-kobelco/repuestos-excavadora-kobelco-sk210lc-10/"
"Kobelco","repuestos-para-maquinaria-pesada-kobelco","Excavadora","repuestos-para-maquinaria-pesada-excavadora-kobelco","Repuestos Excavadora Kobelco Sk210lc 8","repuestos-excavadora-kobelco-sk210lc-8","https://partequipos.com/repuestos-maquinaria-pesada-colombia/repuestos-maquinaria-pesada-marcas/repuestos-para-maquinaria-pesada-kobelco/repuestos-para-maquinaria-pesada-excavadora-kobelco/repuestos-excavadora-kobelco-sk210lc-8/"
"Kobelco","repuestos-para-maquinaria-pesada-kobelco","Excavadora","repuestos-para-maquinaria-pesada-excavadora-kobelco","Repuestos Excavadora Kobelco Sk210lc 9","repuestos-excavadora-kobelco-sk210lc-9","https://partequipos.com/repuestos-maquinaria-pesada-colombia/repuestos-maquinaria-pesada-marcas/repuestos-para-maquinaria-pesada-kobelco/repuestos-para-maquinaria-pesada-excavadora-kobelco/repuestos-excavadora-kobelco-sk210lc-9/"
"Kobelco","repuestos-para-maquinaria-pesada-kobelco","Excavadora","repuestos-para-maquinaria-pesada-excavadora-kobelco","Repuestos Excavadora Kobelco Sk330 6","repuestos-excavadora-kobelco-sk330-6","https://partequipos.com/repuestos-maquinaria-pesada-colombia/repuestos-maquinaria-pesada-marcas/repuestos-para-maquinaria-pesada-kobelco/repuestos-para-maquinaria-pesada-excavadora-kobelco/repuestos-excavadora-kobelco-sk330-6/"
"Kobelco","repuestos-para-maquinaria-pesada-kobelco","Excavadora","repuestos-para-maquinaria-pesada-excavadora-kobelco","Repuestos Excavadora Kobelco Sk350lc 8","repuestos-excavadora-kobelco-sk350lc-8","https://partequipos.com/repuestos-maquinaria-pesada-colombia/repuestos-maquinaria-pesada-marcas/repuestos-para-maquinaria-pesada-kobelco/repuestos-para-maquinaria-pesada-excavadora-kobelco/repuestos-excavadora-kobelco-sk350lc-8/"
"Komatsu","repuestos-para-maquinaria-pesada-komatsu","Bulldozer","repuestos-para-maquinaria-pesada-bulldozer-komatsu","Repuestos Bulldozer Komatsu D41p 6 E 6","repuestos-bulldozer-komatsu-d41p-6-e-6","https://partequipos.com/repuestos-maquinaria-pesada-colombia/repuestos-maquinaria-pesada-marcas/repuestos-para-maquinaria-pesada-komatsu/repuestos-para-maquinaria-pesada-bulldozer-komatsu/repuestos-bulldozer-komatsu-d41p-6-e-6/"
"Komatsu","repuestos-para-maquinaria-pesada-komatsu","Bulldozer","repuestos-para-maquinaria-pesada-bulldozer-komatsu","Repuestos Bulldozer Komatsu D51ex 22 Px22","repuestos-bulldozer-komatsu-d51ex-22-px22","https://partequipos.com/repuestos-maquinaria-pesada-colombia/repuestos-maquinaria-pesada-marcas/repuestos-para-maquinaria-pesada-komatsu/repuestos-para-maquinaria-pesada-bulldozer-komatsu/repuestos-bulldozer-komatsu-d51ex-22-px22/"
"Komatsu","repuestos-para-maquinaria-pesada-komatsu","Bulldozer","repuestos-para-maquinaria-pesada-bulldozer-komatsu","Repuestos Bulldozer Komatsu D61px 12","repuestos-bulldozer-komatsu-d61px-12","https://partequipos.com/repuestos-maquinaria-pesada-colombia/repuestos-maquinaria-pesada-marcas/repuestos-para-maquinaria-pesada-komatsu/repuestos-para-maquinaria-pesada-bulldozer-komatsu/repuestos-bulldozer-komatsu-d61px-12/"
"Komatsu","repuestos-para-maquinaria-pesada-komatsu","Bulldozer","repuestos-para-maquinaria-pesada-bulldozer-komatsu","Repuestos Bulldozer Komatsu D61px 15","repuestos-bulldozer-komatsu-d61px-15","https://partequipos.com/repuestos-maquinaria-pesada-colombia/repuestos-maquinaria-pesada-marcas/repuestos-para-maquinaria-pesada-komatsu/repuestos-para-maquinaria-pesada-bulldozer-komatsu/repuestos-bulldozer-komatsu-d61px-15/"
"Komatsu","repuestos-para-maquinaria-pesada-komatsu","Bulldozer","repuestos-para-maquinaria-pesada-bulldozer-komatsu","Repuestos Bulldozer Komatsu D65ex 12 PX 12","repuestos-bulldozer-komatsu-d65ex-12-px-12","https://partequipos.com/repuestos-maquinaria-pesada-colombia/repuestos-maquinaria-pesada-marcas/repuestos-para-maquinaria-pesada-komatsu/repuestos-para-maquinaria-pesada-bulldozer-komatsu/repuestos-bulldozer-komatsu-d65ex-12-px-12/"
"Komatsu","repuestos-para-maquinaria-pesada-komatsu","Bulldozer","repuestos-para-maquinaria-pesada-bulldozer-komatsu","Repuestos Bulldozer Komatsu D65ex 15 PX 15","repuestos-bulldozer-komatsu-d65ex-15-px-15","https://partequipos.com/repuestos-maquinaria-pesada-colombia/repuestos-maquinaria-pesada-marcas/repuestos-para-maquinaria-pesada-komatsu/repuestos-para-maquinaria-pesada-bulldozer-komatsu/repuestos-bulldozer-komatsu-d65ex-15-px-15/"
"Komatsu","repuestos-para-maquinaria-pesada-komatsu","Cargador","repuestos-para-maquinaria-pesada-cargador-komatsu","Repuestos Cargador Frontal Komatsu Wa250 3","repuestos-cargador-frontal-komatsu-wa250-3","https://partequipos.com/repuestos-maquinaria-pesada-colombia/repuestos-maquinaria-pesada-marcas/repuestos-para-maquinaria-pesada-komatsu/repuestos-para-maquinaria-pesada-cargador-komatsu/repuestos-cargador-frontal-komatsu-wa250-3/"
"Komatsu","repuestos-para-maquinaria-pesada-komatsu","Cargador","repuestos-para-maquinaria-pesada-cargador-komatsu","Repuestos Cargador Frontal Komatsu Wa250 5","repuestos-cargador-frontal-komatsu-wa250-5","https://partequipos.com/repuestos-maquinaria-pesada-colombia/repuestos-maquinaria-pesada-marcas/repuestos-para-maquinaria-pesada-komatsu/repuestos-para-maquinaria-pesada-cargador-komatsu/repuestos-cargador-frontal-komatsu-wa250-5/"
"Komatsu","repuestos-para-maquinaria-pesada-komatsu","Cargador","repuestos-para-maquinaria-pesada-cargador-komatsu","Repuestos Cargador Frontal Komatsu Wa320 3","repuestos-cargador-frontal-komatsu-wa320-3","https://partequipos.com/repuestos-maquinaria-pesada-colombia/repuestos-maquinaria-pesada-marcas/repuestos-para-maquinaria-pesada-komatsu/repuestos-para-maquinaria-pesada-cargador-komatsu/repuestos-cargador-frontal-komatsu-wa320-3/"
"Komatsu","repuestos-para-maquinaria-pesada-komatsu","Cargador","repuestos-para-maquinaria-pesada-cargador-komatsu","Repuestos Cargador Frontal Komatsu Wa320 5","repuestos-cargador-frontal-komatsu-wa320-5","https://partequipos.com/repuestos-maquinaria-pesada-colombia/repuestos-maquinaria-pesada-marcas/repuestos-para-maquinaria-pesada-komatsu/repuestos-para-maquinaria-pesada-cargador-komatsu/repuestos-cargador-frontal-komatsu-wa320-5/"
"Komatsu","repuestos-para-maquinaria-pesada-komatsu","Cargador","repuestos-para-maquinaria-pesada-cargador-komatsu","Repuestos Cargador Frontal Komatsu Wa380 3","repuestos-cargador-frontal-komatsu-wa380-3","https://partequipos.com/repuestos-maquinaria-pesada-colombia/repuestos-maquinaria-pesada-marcas/repuestos-para-maquinaria-pesada-komatsu/repuestos-para-maquinaria-pesada-cargador-komatsu/repuestos-cargador-frontal-komatsu-wa380-3/"
"Komatsu","repuestos-para-maquinaria-pesada-komatsu","Cargador","repuestos-para-maquinaria-pesada-cargador-komatsu","Repuestos Cargador Frontal Komatsu Wa380 5","repuestos-cargador-frontal-komatsu-wa380-5","https://partequipos.com/repuestos-maquinaria-pesada-colombia/repuestos-maquinaria-pesada-marcas/repuestos-para-maquinaria-pesada-komatsu/repuestos-para-maquinaria-pesada-cargador-komatsu/repuestos-cargador-frontal-komatsu-wa380-5/"
"Komatsu","repuestos-para-maquinaria-pesada-komatsu","Excavadora","repuestos-para-maquinaria-pesada-excavadora-komatsu","Repuestos Excavadora Komatsu Pc120 6","repuestos-excavadora-komatsu-pc120-6","https://partequipos.com/repuestos-maquinaria-pesada-colombia/repuestos-maquinaria-pesada-marcas/repuestos-para-maquinaria-pesada-komatsu/repuestos-para-maquinaria-pesada-excavadora-komatsu/repuestos-excavadora-komatsu-pc120-6/"
"Komatsu","repuestos-para-maquinaria-pesada-komatsu","Excavadora","repuestos-para-maquinaria-pesada-excavadora-komatsu","Repuestos Excavadora Komatsu Pc130 8","repuestos-excavadora-komatsu-pc130-8","https://partequipos.com/repuestos-maquinaria-pesada-colombia/repuestos-maquinaria-pesada-marcas/repuestos-para-maquinaria-pesada-komatsu/repuestos-para-maquinaria-pesada-excavadora-komatsu/repuestos-excavadora-komatsu-pc130-8/"
"Komatsu","repuestos-para-maquinaria-pesada-komatsu","Excavadora","repuestos-para-maquinaria-pesada-excavadora-komatsu","Repuestos Excavadora Komatsu Pc160 7","repuestos-excavadora-komatsu-pc160-7","https://partequipos.com/repuestos-maquinaria-pesada-colombia/repuestos-maquinaria-pesada-marcas/repuestos-para-maquinaria-pesada-komatsu/repuestos-para-maquinaria-pesada-excavadora-komatsu/repuestos-excavadora-komatsu-pc160-7/"
"Komatsu","repuestos-para-maquinaria-pesada-komatsu","Excavadora","repuestos-para-maquinaria-pesada-excavadora-komatsu","Repuestos Excavadora Komatsu Pc200lc 6","repuestos-excavadora-komatsu-pc200lc-6","https://partequipos.com/repuestos-maquinaria-pesada-colombia/repuestos-maquinaria-pesada-marcas/repuestos-para-maquinaria-pesada-komatsu/repuestos-para-maquinaria-pesada-excavadora-komatsu/repuestos-excavadora-komatsu-pc200lc-6/"
"Komatsu","repuestos-para-maquinaria-pesada-komatsu","Excavadora","repuestos-para-maquinaria-pesada-excavadora-komatsu","Repuestos Excavadora Komatsu Pc200lc 7","repuestos-excavadora-komatsu-pc200lc-7","https://partequipos.com/repuestos-maquinaria-pesada-colombia/repuestos-maquinaria-pesada-marcas/repuestos-para-maquinaria-pesada-komatsu/repuestos-para-maquinaria-pesada-excavadora-komatsu/repuestos-excavadora-komatsu-pc200lc-7/"
"Komatsu","repuestos-para-maquinaria-pesada-komatsu","Excavadora","repuestos-para-maquinaria-pesada-excavadora-komatsu","Repuestos Excavadora Komatsu Pc200lc 8","repuestos-excavadora-komatsu-pc200lc-8","https://partequipos.com/repuestos-maquinaria-pesada-colombia/repuestos-maquinaria-pesada-marcas/repuestos-para-maquinaria-pesada-komatsu/repuestos-para-maquinaria-pesada-excavadora-komatsu/repuestos-excavadora-komatsu-pc200lc-8/"
"Komatsu","repuestos-para-maquinaria-pesada-komatsu","Excavadora","repuestos-para-maquinaria-pesada-excavadora-komatsu","Repuestos Excavadora Komatsu Pc210lc 10","repuestos-excavadora-komatsu-pc210lc-10","https://partequipos.com/repuestos-maquinaria-pesada-colombia/repuestos-maquinaria-pesada-marcas/repuestos-para-maquinaria-pesada-komatsu/repuestos-para-maquinaria-pesada-excavadora-komatsu/repuestos-excavadora-komatsu-pc210lc-10/"
"Komatsu","repuestos-para-maquinaria-pesada-komatsu","Excavadora","repuestos-para-maquinaria-pesada-excavadora-komatsu","Repuestos Excavadora Komatsu Pc220lc 7","repuestos-excavadora-komatsu-pc220lc-7","https://partequipos.com/repuestos-maquinaria-pesada-colombia/repuestos-maquinaria-pesada-marcas/repuestos-para-maquinaria-pesada-komatsu/repuestos-para-maquinaria-pesada-excavadora-komatsu/repuestos-excavadora-komatsu-pc220lc-7/"
"Komatsu","repuestos-para-maquinaria-pesada-komatsu","Excavadora","repuestos-para-maquinaria-pesada-excavadora-komatsu","Repuestos Excavadora Komatsu Pc220lc 8","repuestos-excavadora-komatsu-pc220lc-8","https://partequipos.com/repuestos-maquinaria-pesada-colombia/repuestos-maquinaria-pesada-marcas/repuestos-para-maquinaria-pesada-komatsu/repuestos-para-maquinaria-pesada-excavadora-komatsu/repuestos-excavadora-komatsu-pc220lc-8/"
"Komatsu","repuestos-para-maquinaria-pesada-komatsu","Excavadora","repuestos-para-maquinaria-pesada-excavadora-komatsu","Repuestos Excavadora Komatsu Pc300lc 6","repuestos-excavadora-komatsu-pc300lc-6","https://partequipos.com/repuestos-maquinaria-pesada-colombia/repuestos-maquinaria-pesada-marcas/repuestos-para-maquinaria-pesada-komatsu/repuestos-para-maquinaria-pesada-excavadora-komatsu/repuestos-excavadora-komatsu-pc300lc-6/"
"Komatsu","repuestos-para-maquinaria-pesada-komatsu","Excavadora","repuestos-para-maquinaria-pesada-excavadora-komatsu","Repuestos Excavadora Komatsu Pc300lc 7","repuestos-excavadora-komatsu-pc300lc-7","https://partequipos.com/repuestos-maquinaria-pesada-colombia/repuestos-maquinaria-pesada-marcas/repuestos-para-maquinaria-pesada-komatsu/repuestos-para-maquinaria-pesada-excavadora-komatsu/repuestos-excavadora-komatsu-pc300lc-7/"
"Komatsu","repuestos-para-maquinaria-pesada-komatsu","Excavadora","repuestos-para-maquinaria-pesada-excavadora-komatsu","Repuestos Excavadora Komatsu Pc350 7","repuestos-excavadora-komatsu-pc350-7","https://partequipos.com/repuestos-maquinaria-pesada-colombia/repuestos-maquinaria-pesada-marcas/repuestos-para-maquinaria-pesada-komatsu/repuestos-para-maquinaria-pesada-excavadora-komatsu/repuestos-excavadora-komatsu-pc350-7/"
"Komatsu","repuestos-para-maquinaria-pesada-komatsu","Excavadora","repuestos-para-maquinaria-pesada-excavadora-komatsu","Repuestos Excavadora Komatsu Pc350 8","repuestos-excavadora-komatsu-pc350-8","https://partequipos.com/repuestos-maquinaria-pesada-colombia/repuestos-maquinaria-pesada-marcas/repuestos-para-maquinaria-pesada-komatsu/repuestos-para-maquinaria-pesada-excavadora-komatsu/repuestos-excavadora-komatsu-pc350-8/"
"Komatsu","repuestos-para-maquinaria-pesada-komatsu","Excavadora","repuestos-para-maquinaria-pesada-excavadora-komatsu","Repuestos Excavadora Komatsu Pc40 7","repuestos-excavadora-komatsu-pc40-7","https://partequipos.com/repuestos-maquinaria-pesada-colombia/repuestos-maquinaria-pesada-marcas/repuestos-para-maquinaria-pesada-komatsu/repuestos-para-maquinaria-pesada-excavadora-komatsu/repuestos-excavadora-komatsu-pc40-7/"
"Komatsu","repuestos-para-maquinaria-pesada-komatsu","Excavadora","repuestos-para-maquinaria-pesada-excavadora-komatsu","Repuestos Excavadora Komatsu Pc40 Mr1","repuestos-excavadora-komatsu-pc40-mr1","https://partequipos.com/repuestos-maquinaria-pesada-colombia/repuestos-maquinaria-pesada-marcas/repuestos-para-maquinaria-pesada-komatsu/repuestos-para-maquinaria-pesada-excavadora-komatsu/repuestos-excavadora-komatsu-pc40-mr1/"
"Komatsu","repuestos-para-maquinaria-pesada-komatsu","Excavadora","repuestos-para-maquinaria-pesada-excavadora-komatsu","Repuestos Excavadora Komatsu Pc40 Mr2","repuestos-excavadora-komatsu-pc40-mr2","https://partequipos.com/repuestos-maquinaria-pesada-colombia/repuestos-maquinaria-pesada-marcas/repuestos-para-maquinaria-pesada-komatsu/repuestos-para-maquinaria-pesada-excavadora-komatsu/repuestos-excavadora-komatsu-pc40-mr2/"
"Komatsu","repuestos-para-maquinaria-pesada-komatsu","Excavadora","repuestos-para-maquinaria-pesada-excavadora-komatsu","Repuestos Excavadora Komatsu Pc400 7","repuestos-excavadora-komatsu-pc400-7","https://partequipos.com/repuestos-maquinaria-pesada-colombia/repuestos-maquinaria-pesada-marcas/repuestos-para-maquinaria-pesada-komatsu/repuestos-para-maquinaria-pesada-excavadora-komatsu/repuestos-excavadora-komatsu-pc400-7/"
"Komatsu","repuestos-para-maquinaria-pesada-komatsu","Motoniveladora","repuestos-para-maquinaria-pesada-motoniveladora-komatsu","Repuestos Motoniveladora Komatsu Gd511 1","repuestos-motoniveladora-komatsu-gd511-1","https://partequipos.com/repuestos-maquinaria-pesada-colombia/repuestos-maquinaria-pesada-marcas/repuestos-para-maquinaria-pesada-komatsu/repuestos-para-maquinaria-pesada-motoniveladora-komatsu/repuestos-motoniveladora-komatsu-gd511-1/"
"Komatsu","repuestos-para-maquinaria-pesada-komatsu","Motoniveladora","repuestos-para-maquinaria-pesada-motoniveladora-komatsu","Repuestos Motoniveladora Komatsu Gd555 3","repuestos-motoniveladora-komatsu-gd555-3","https://partequipos.com/repuestos-maquinaria-pesada-colombia/repuestos-maquinaria-pesada-marcas/repuestos-para-maquinaria-pesada-komatsu/repuestos-para-maquinaria-pesada-motoniveladora-komatsu/repuestos-motoniveladora-komatsu-gd555-3/"
"Komatsu","repuestos-para-maquinaria-pesada-komatsu","Motoniveladora","repuestos-para-maquinaria-pesada-motoniveladora-komatsu","Repuestos Motoniveladora Komatsu Gd555 5 Copy","repuestos-motoniveladora-komatsu-gd555-5-copy","https://partequipos.com/repuestos-maquinaria-pesada-colombia/repuestos-maquinaria-pesada-marcas/repuestos-para-maquinaria-pesada-komatsu/repuestos-para-maquinaria-pesada-motoniveladora-komatsu/repuestos-motoniveladora-komatsu-gd555-5-copy/"
"Komatsu","repuestos-para-maquinaria-pesada-komatsu","Motoniveladora","repuestos-para-maquinaria-pesada-motoniveladora-komatsu","Repuestos Motoniveladora Komatsu Gd555 5","repuestos-motoniveladora-komatsu-gd555-5","https://partequipos.com/repuestos-maquinaria-pesada-colombia/repuestos-maquinaria-pesada-marcas/repuestos-para-maquinaria-pesada-komatsu/repuestos-para-maquinaria-pesada-motoniveladora-komatsu/repuestos-motoniveladora-komatsu-gd555-5/"
"Link Belt","repuestos-para-maquinaria-pesada-link-belt","Excavadora","repuestos-para-maquinaria-pesada-excavadora-link-belt","Repuestos Miniexcavadora Link Belt 210lx","repuestos-miniexcavadora-link-belt-210lx","https://partequipos.com/repuestos-maquinaria-pesada-colombia/repuestos-maquinaria-pesada-marcas/repuestos-para-maquinaria-pesada-link-belt/repuestos-para-maquinaria-pesada-excavadora-link-belt/repuestos-miniexcavadora-link-belt-210lx/"
"Link Belt","repuestos-para-maquinaria-pesada-link-belt","Excavadora","repuestos-para-maquinaria-pesada-excavadora-link-belt","Repuestos Miniexcavadora Link Belt Lbx130x2","repuestos-miniexcavadora-link-belt-lbx130x2","https://partequipos.com/repuestos-maquinaria-pesada-colombia/repuestos-maquinaria-pesada-marcas/repuestos-para-maquinaria-pesada-link-belt/repuestos-para-maquinaria-pesada-excavadora-link-belt/repuestos-miniexcavadora-link-belt-lbx130x2/"
"Link Belt","repuestos-para-maquinaria-pesada-link-belt","Excavadora","repuestos-para-maquinaria-pesada-excavadora-link-belt","Repuestos Miniexcavadora Link Belt Lbx130x3e","repuestos-miniexcavadora-link-belt-lbx130x3e","https://partequipos.com/repuestos-maquinaria-pesada-colombia/repuestos-maquinaria-pesada-marcas/repuestos-para-maquinaria-pesada-link-belt/repuestos-para-maquinaria-pesada-excavadora-link-belt/repuestos-miniexcavadora-link-belt-lbx130x3e/"
"Link Belt","repuestos-para-maquinaria-pesada-link-belt","Excavadora","repuestos-para-maquinaria-pesada-excavadora-link-belt","Repuestos Miniexcavadora Link Belt Lbx160x3e","repuestos-miniexcavadora-link-belt-lbx160x3e","https://partequipos.com/repuestos-maquinaria-pesada-colombia/repuestos-maquinaria-pesada-marcas/repuestos-para-maquinaria-pesada-link-belt/repuestos-para-maquinaria-pesada-excavadora-link-belt/repuestos-miniexcavadora-link-belt-lbx160x3e/"
"Link Belt","repuestos-para-maquinaria-pesada-link-belt","Excavadora","repuestos-para-maquinaria-pesada-excavadora-link-belt","Repuestos Miniexcavadora Link Belt Lbx210x2","repuestos-miniexcavadora-link-belt-lbx210x2","https://partequipos.com/repuestos-maquinaria-pesada-colombia/repuestos-maquinaria-pesada-marcas/repuestos-para-maquinaria-pesada-link-belt/repuestos-para-maquinaria-pesada-excavadora-link-belt/repuestos-miniexcavadora-link-belt-lbx210x2/"
"Link Belt","repuestos-para-maquinaria-pesada-link-belt","Excavadora","repuestos-para-maquinaria-pesada-excavadora-link-belt","Repuestos Miniexcavadora Link Belt Lbx210x3e","repuestos-miniexcavadora-link-belt-lbx210x3e","https://partequipos.com/repuestos-maquinaria-pesada-colombia/repuestos-maquinaria-pesada-marcas/repuestos-para-maquinaria-pesada-link-belt/repuestos-para-maquinaria-pesada-excavadora-link-belt/repuestos-miniexcavadora-link-belt-lbx210x3e/"
"Link Belt","repuestos-para-maquinaria-pesada-link-belt","Excavadora","repuestos-para-maquinaria-pesada-excavadora-link-belt","Repuestos Miniexcavadora Link Belt Lbx240x2","repuestos-miniexcavadora-link-belt-lbx240x2","https://partequipos.com/repuestos-maquinaria-pesada-colombia/repuestos-maquinaria-pesada-marcas/repuestos-para-maquinaria-pesada-link-belt/repuestos-para-maquinaria-pesada-excavadora-link-belt/repuestos-miniexcavadora-link-belt-lbx240x2/"
"Link Belt","repuestos-para-maquinaria-pesada-link-belt","Excavadora","repuestos-para-maquinaria-pesada-excavadora-link-belt","Repuestos Miniexcavadora Link Belt Lbx350x2","repuestos-miniexcavadora-link-belt-lbx350x2","https://partequipos.com/repuestos-maquinaria-pesada-colombia/repuestos-maquinaria-pesada-marcas/repuestos-para-maquinaria-pesada-link-belt/repuestos-para-maquinaria-pesada-excavadora-link-belt/repuestos-miniexcavadora-link-belt-lbx350x2/"
"Link Belt","repuestos-para-maquinaria-pesada-link-belt","Excavadora","repuestos-para-maquinaria-pesada-excavadora-link-belt","Repuestos Miniexcavadora Link Belt Lbx360x3e","repuestos-miniexcavadora-link-belt-lbx360x3e","https://partequipos.com/repuestos-maquinaria-pesada-colombia/repuestos-maquinaria-pesada-marcas/repuestos-para-maquinaria-pesada-link-belt/repuestos-para-maquinaria-pesada-excavadora-link-belt/repuestos-miniexcavadora-link-belt-lbx360x3e/"
"Link Belt","repuestos-para-maquinaria-pesada-link-belt","Excavadora","repuestos-para-maquinaria-pesada-excavadora-link-belt","Repuestos Miniexcavadora Link Belt Lbx460x2","repuestos-miniexcavadora-link-belt-lbx460x2","https://partequipos.com/repuestos-maquinaria-pesada-colombia/repuestos-maquinaria-pesada-marcas/repuestos-para-maquinaria-pesada-link-belt/repuestos-para-maquinaria-pesada-excavadora-link-belt/repuestos-miniexcavadora-link-belt-lbx460x2/"
"Link Belt","repuestos-para-maquinaria-pesada-link-belt","Excavadora","repuestos-para-maquinaria-pesada-excavadora-link-belt","Repuestos Miniexcavadora Link Belt Lbx75 Spin Ace","repuestos-miniexcavadora-link-belt-lbx75-spin-ace","https://partequipos.com/repuestos-maquinaria-pesada-colombia/repuestos-maquinaria-pesada-marcas/repuestos-para-maquinaria-pesada-link-belt/repuestos-para-maquinaria-pesada-excavadora-link-belt/repuestos-miniexcavadora-link-belt-lbx75-spin-ace/"
"Liugong","repuestos-para-maquinaria-pesada-liugong","Cargador Frontal","repuestos-para-maquinaria-pesada-cargador-frontal-liugong","Repuestos Cargador Frontal Liugong Clg820c","repuestos-cargador-frontal-liugong-clg820c","https://partequipos.com/repuestos-maquinaria-pesada-colombia/repuestos-maquinaria-pesada-marcas/repuestos-para-maquinaria-pesada-liugong/repuestos-para-maquinaria-pesada-cargador-frontal-liugong/repuestos-cargador-frontal-liugong-clg820c/"
"Liugong","repuestos-para-maquinaria-pesada-liugong","Cargador Frontal","repuestos-para-maquinaria-pesada-cargador-frontal-liugong","Repuestos Cargador Frontal Liugong Clg835 Cummins","repuestos-cargador-frontal-liugong-clg835-cummins","https://partequipos.com/repuestos-maquinaria-pesada-colombia/repuestos-maquinaria-pesada-marcas/repuestos-para-maquinaria-pesada-liugong/repuestos-para-maquinaria-pesada-cargador-frontal-liugong/repuestos-cargador-frontal-liugong-clg835-cummins/"
"Liugong","repuestos-para-maquinaria-pesada-liugong","Cargador Frontal","repuestos-para-maquinaria-pesada-cargador-frontal-liugong","Repuestos Cargador Frontal Liugong Clg835h Cummins","repuestos-cargador-frontal-liugong-clg835h-cummins","https://partequipos.com/repuestos-maquinaria-pesada-colombia/repuestos-maquinaria-pesada-marcas/repuestos-para-maquinaria-pesada-liugong/repuestos-para-maquinaria-pesada-cargador-frontal-liugong/repuestos-cargador-frontal-liugong-clg835h-cummins/"
"Liugong","repuestos-para-maquinaria-pesada-liugong","Cargador Frontal","repuestos-para-maquinaria-pesada-cargador-frontal-liugong","Repuestos Cargador Frontal Liugong Clg835h Weichai","repuestos-cargador-frontal-liugong-clg835h-weichai","https://partequipos.com/repuestos-maquinaria-pesada-colombia/repuestos-maquinaria-pesada-marcas/repuestos-para-maquinaria-pesada-liugong/repuestos-para-maquinaria-pesada-cargador-frontal-liugong/repuestos-cargador-frontal-liugong-clg835h-weichai/"
"Liugong","repuestos-para-maquinaria-pesada-liugong","Cargador Frontal","repuestos-para-maquinaria-pesada-cargador-frontal-liugong","Repuestos Cargador Frontal Liugong Clg855h","repuestos-cargador-frontal-liugong-clg855h","https://partequipos.com/repuestos-maquinaria-pesada-colombia/repuestos-maquinaria-pesada-marcas/repuestos-para-maquinaria-pesada-liugong/repuestos-para-maquinaria-pesada-cargador-frontal-liugong/repuestos-cargador-frontal-liugong-clg855h/"
"Liugong","repuestos-para-maquinaria-pesada-liugong","Cargador Frontal","repuestos-para-maquinaria-pesada-cargador-frontal-liugong","Repuestos Cargador Frontal Liugong Clg856h","repuestos-cargador-frontal-liugong-clg856h","https://partequipos.com/repuestos-maquinaria-pesada-colombia/repuestos-maquinaria-pesada-marcas/repuestos-para-maquinaria-pesada-liugong/repuestos-para-maquinaria-pesada-cargador-frontal-liugong/repuestos-cargador-frontal-liugong-clg856h/"
"Liugong","repuestos-para-maquinaria-pesada-liugong","Cargador Frontal","repuestos-para-maquinaria-pesada-cargador-frontal-liugong","Repuestos Cargador Frontal Liugong Zl50cn","repuestos-cargador-frontal-liugong-zl50cn","https://partequipos.com/repuestos-maquinaria-pesada-colombia/repuestos-maquinaria-pesada-marcas/repuestos-para-maquinaria-pesada-liugong/repuestos-para-maquinaria-pesada-cargador-frontal-liugong/repuestos-cargador-frontal-liugong-zl50cn/"
"Liugong","repuestos-para-maquinaria-pesada-liugong","Excavadora","repuestos-para-maquinaria-pesada-excavadora-liugong","Repuestos Excavadora Liugong Clg908e","repuestos-excavadora-liugong-clg908e","https://partequipos.com/repuestos-maquinaria-pesada-colombia/repuestos-maquinaria-pesada-marcas/repuestos-para-maquinaria-pesada-liugong/repuestos-para-maquinaria-pesada-excavadora-liugong/repuestos-excavadora-liugong-clg908e/"
"Liugong","repuestos-para-maquinaria-pesada-liugong","Excavadora","repuestos-para-maquinaria-pesada-excavadora-liugong","Repuestos Excavadora Liugong Clg915d","repuestos-excavadora-liugong-clg915d","https://partequipos.com/repuestos-maquinaria-pesada-colombia/repuestos-maquinaria-pesada-marcas/repuestos-para-maquinaria-pesada-liugong/repuestos-para-maquinaria-pesada-excavadora-liugong/repuestos-excavadora-liugong-clg915d/"
"Liugong","repuestos-para-maquinaria-pesada-liugong","Excavadora","repuestos-para-maquinaria-pesada-excavadora-liugong","Repuestos Excavadora Liugong Clg915e","repuestos-excavadora-liugong-clg915e","https://partequipos.com/repuestos-maquinaria-pesada-colombia/repuestos-maquinaria-pesada-marcas/repuestos-para-maquinaria-pesada-liugong/repuestos-para-maquinaria-pesada-excavadora-liugong/repuestos-excavadora-liugong-clg915e/"
"Liugong","repuestos-para-maquinaria-pesada-liugong","Excavadora","repuestos-para-maquinaria-pesada-excavadora-liugong","Repuestos Excavadora Liugong Clg920e","repuestos-excavadora-liugong-clg920e","https://partequipos.com/repuestos-maquinaria-pesada-colombia/repuestos-maquinaria-pesada-marcas/repuestos-para-maquinaria-pesada-liugong/repuestos-para-maquinaria-pesada-excavadora-liugong/repuestos-excavadora-liugong-clg920e/"
"Liugong","repuestos-para-maquinaria-pesada-liugong","Excavadora","repuestos-para-maquinaria-pesada-excavadora-liugong","Repuestos Excavadora Liugong Clg933e","repuestos-excavadora-liugong-clg933e","https://partequipos.com/repuestos-maquinaria-pesada-colombia/repuestos-maquinaria-pesada-marcas/repuestos-para-maquinaria-pesada-liugong/repuestos-para-maquinaria-pesada-excavadora-liugong/repuestos-excavadora-liugong-clg933e/"
"Liugong","repuestos-para-maquinaria-pesada-liugong","Excavadora","repuestos-para-maquinaria-pesada-excavadora-liugong","Repuestos Miniexcavadora Liugong Clg913e","repuestos-miniexcavadora-liugong-clg913e","https://partequipos.com/repuestos-maquinaria-pesada-colombia/repuestos-maquinaria-pesada-marcas/repuestos-para-maquinaria-pesada-liugong/repuestos-para-maquinaria-pesada-excavadora-liugong/repuestos-miniexcavadora-liugong-clg913e/"
"Liugong","repuestos-para-maquinaria-pesada-liugong","Excavadora","repuestos-para-maquinaria-pesada-excavadora-liugong","Repuestos Miniexcavadora Liugong Clg922d","repuestos-miniexcavadora-liugong-clg922d","https://partequipos.com/repuestos-maquinaria-pesada-colombia/repuestos-maquinaria-pesada-marcas/repuestos-para-maquinaria-pesada-liugong/repuestos-para-maquinaria-pesada-excavadora-liugong/repuestos-miniexcavadora-liugong-clg922d/"
"Liugong","repuestos-para-maquinaria-pesada-liugong","Motoniveladora","repuestos-para-maquinaria-pesada-motoniveladora-liugong","Repuestos Motoniveladora Liugong Clg4180d","repuestos-motoniveladora-liugong-clg4180d","https://partequipos.com/repuestos-maquinaria-pesada-colombia/repuestos-maquinaria-pesada-marcas/repuestos-para-maquinaria-pesada-liugong/repuestos-para-maquinaria-pesada-motoniveladora-liugong/repuestos-motoniveladora-liugong-clg4180d/"
"Okada","repuestos-para-maquinaria-pesada-okada","Martillo","repuestos-para-maquinaria-pesada-martillo-okada","Repuestos Martillo Okada 1500","repuestos-martillo-okada-1500","https://partequipos.com/repuestos-maquinaria-pesada-colombia/repuestos-maquinaria-pesada-marcas/repuestos-para-maquinaria-pesada-okada/repuestos-para-maquinaria-pesada-martillo-okada/repuestos-martillo-okada-1500/"
"Okada","repuestos-para-maquinaria-pesada-okada","Martillo","repuestos-para-maquinaria-pesada-martillo-okada","Repuestos Martillo Okada 2600","repuestos-martillo-okada-2600","https://partequipos.com/repuestos-maquinaria-pesada-colombia/repuestos-maquinaria-pesada-marcas/repuestos-para-maquinaria-pesada-okada/repuestos-para-maquinaria-pesada-martillo-okada/repuestos-martillo-okada-2600/"
"Okada","repuestos-para-maquinaria-pesada-okada","Martillo","repuestos-para-maquinaria-pesada-martillo-okada","Repuestos Martillo Okada 3600","repuestos-martillo-okada-3600","https://partequipos.com/repuestos-maquinaria-pesada-colombia/repuestos-maquinaria-pesada-marcas/repuestos-para-maquinaria-pesada-okada/repuestos-para-maquinaria-pesada-martillo-okada/repuestos-martillo-okada-3600/"
"Okada","repuestos-para-maquinaria-pesada-okada","Martillo","repuestos-para-maquinaria-pesada-martillo-okada","Repuestos Martillo Okada 400","repuestos-martillo-okada-400","https://partequipos.com/repuestos-maquinaria-pesada-colombia/repuestos-maquinaria-pesada-marcas/repuestos-para-maquinaria-pesada-okada/repuestos-para-maquinaria-pesada-martillo-okada/repuestos-martillo-okada-400/"
"Okada","repuestos-para-maquinaria-pesada-okada","Martillo","repuestos-para-maquinaria-pesada-martillo-okada","Repuestos Martillo Okada 800","repuestos-martillo-okada-800","https://partequipos.com/repuestos-maquinaria-pesada-colombia/repuestos-maquinaria-pesada-marcas/repuestos-para-maquinaria-pesada-okada/repuestos-para-maquinaria-pesada-martillo-okada/repuestos-martillo-okada-800/"
"Volvo","repuestos-para-maquinaria-pesada-volvo","Excavadora","repuestos-para-maquinaria-pesada-excavadora-volvo","Repuestos Excavadora Volvo Ec210","repuestos-excavadora-volvo-ec210","https://partequipos.com/repuestos-maquinaria-pesada-colombia/repuestos-maquinaria-pesada-marcas/repuestos-para-maquinaria-pesada-volvo/repuestos-para-maquinaria-pesada-excavadora-volvo/repuestos-excavadora-volvo-ec210/"
"Volvo","repuestos-para-maquinaria-pesada-volvo","Excavadora","repuestos-para-maquinaria-pesada-excavadora-volvo","Repuestos Excavadora Volvo Ec210b","repuestos-excavadora-volvo-ec210b","https://partequipos.com/repuestos-maquinaria-pesada-colombia/repuestos-maquinaria-pesada-marcas/repuestos-para-maquinaria-pesada-volvo/repuestos-para-maquinaria-pesada-excavadora-volvo/repuestos-excavadora-volvo-ec210b/"
"Volvo","repuestos-para-maquinaria-pesada-volvo","Excavadora","repuestos-para-maquinaria-pesada-excavadora-volvo","Repuestos Excavadora Volvo Ec240","repuestos-excavadora-volvo-ec240","https://partequipos.com/repuestos-maquinaria-pesada-colombia/repuestos-maquinaria-pesada-marcas/repuestos-para-maquinaria-pesada-volvo/repuestos-para-maquinaria-pesada-excavadora-volvo/repuestos-excavadora-volvo-ec240/"
"Yanmar","repuestos-para-maquinaria-pesada-yanmar","Miniexcavadora","repuestos-para-maquinaria-pesada-miniexcavadora-yanmar","Repuestos Miniexcavadora Yanmar Vio17 6B","repuestos-miniexcavadora-yanmar-vio17-6b","https://partequipos.com/repuestos-maquinaria-pesada-colombia/repuestos-maquinaria-pesada-marcas/repuestos-para-maquinaria-pesada-yanmar/repuestos-para-maquinaria-pesada-miniexcavadora-yanmar/repuestos-miniexcavadora-yanmar-vio17-6b/"
"Yanmar","repuestos-para-maquinaria-pesada-yanmar","Miniexcavadora","repuestos-para-maquinaria-pesada-miniexcavadora-yanmar","Repuestos Miniexcavadora Yanmar Vio35 6B","repuestos-miniexcavadora-yanmar-vio35-6b","https://partequipos.com/repuestos-maquinaria-pesada-colombia/repuestos-maquinaria-pesada-marcas/repuestos-para-maquinaria-pesada-yanmar/repuestos-para-maquinaria-pesada-miniexcavadora-yanmar/repuestos-miniexcavadora-yanmar-vio35-6b/"
"Yanmar","repuestos-para-maquinaria-pesada-yanmar","Miniexcavadora","repuestos-para-maquinaria-pesada-miniexcavadora-yanmar","Repuestos Miniexcavadora Yanmar Vio45 6B","repuestos-miniexcavadora-yanmar-vio45-6b","https://partequipos.com/repuestos-maquinaria-pesada-colombia/repuestos-maquinaria-pesada-marcas/repuestos-para-maquinaria-pesada-yanmar/repuestos-para-maquinaria-pesada-miniexcavadora-yanmar/repuestos-miniexcavadora-yanmar-vio45-6b/"
"Yanmar","repuestos-para-maquinaria-pesada-yanmar","Miniexcavadora","repuestos-para-maquinaria-pesada-miniexcavadora-yanmar","Repuestos Miniexcavadora Yanmar Vio50 6B","repuestos-miniexcavadora-yanmar-vio50-6b","https://partequipos.com/repuestos-maquinaria-pesada-colombia/repuestos-maquinaria-pesada-marcas/repuestos-para-maquinaria-pesada-yanmar/repuestos-para-maquinaria-pesada-miniexcavadora-yanmar/repuestos-miniexcavadora-yanmar-vio50-6b/"
"Yanmar","repuestos-para-maquinaria-pesada-yanmar","Miniexcavadora","repuestos-para-maquinaria-pesada-miniexcavadora-yanmar","Repuestos Miniexcavadora Yanmar Vio55 6B","repuestos-miniexcavadora-yanmar-vio55-6b","https://partequipos.com/repuestos-maquinaria-pesada-colombia/repuestos-maquinaria-pesada-marcas/repuestos-para-maquinaria-pesada-yanmar/repuestos-para-maquinaria-pesada-miniexcavadora-yanmar/repuestos-miniexcavadora-yanmar-vio55-6b/"
"Yanmar","repuestos-para-maquinaria-pesada-yanmar","Miniexcavadora","repuestos-para-maquinaria-pesada-miniexcavadora-yanmar","Repuestos Miniexcavadora Yanmar Vio80 1","repuestos-miniexcavadora-yanmar-vio80-1","https://partequipos.com/repuestos-maquinaria-pesada-colombia/repuestos-maquinaria-pesada-marcas/repuestos-para-maquinaria-pesada-yanmar/repuestos-para-maquinaria-pesada-miniexcavadora-yanmar/repuestos-miniexcavadora-yanmar-vio80-1/"
