"desde","hacia","tipo","origen","confianza","notas"
"/","/","301","migracion","alta","Ruta conservada idéntica en el sitio nuevo. NO necesita redirect (solo difiere la barra final)."
"/beneficios-operativos-de-los-motores-tier-4-en-maquinaria-pesada","","301","migracion","baja","HUÉRFANA: sin destino evidente en la estructura nueva. Requiere decisión humana."
"/blog-partequipos","","301","migracion","baja","HUÉRFANA: sin destino evidente en la estructura nueva. Requiere decisión humana."
"/bombas-de-alta-presion-para-que-sirven-donde-se-usan-y-que-opciones-encuentras-en-partequipos","","301","migracion","baja","HUÉRFANA: sin destino evidente en la estructura nueva. Requiere decisión humana."
"/case-construction-en-colombia-tecnologia-de-clase-mundial","","301","migracion","baja","HUÉRFANA: sin destino evidente en la estructura nueva. Requiere decisión humana."
"/case-construction-mas-de-40-anos-construyendo-obras-en-colombia","","301","migracion","baja","HUÉRFANA: sin destino evidente en la estructura nueva. Requiere decisión humana."
"/category/noticias","","301","migracion","baja","HUÉRFANA: sin destino evidente en la estructura nueva. Requiere decisión humana."
"/codigo-de-etica-partequipos","","301","migracion","baja","HUÉRFANA: sin destino evidente en la estructura nueva. Requiere decisión humana."
"/como-identificar-la-talla-de-mi-diente-o-punta","","301","migracion","baja","HUÉRFANA: sin destino evidente en la estructura nueva. Requiere decisión humana."
"/como-medir-y-sustituir-las-orugas-de-caucho","","301","migracion","baja","HUÉRFANA: sin destino evidente en la estructura nueva. Requiere decisión humana."
"/como-prepararse-para-la-transicion-a-motores-tier-4-en-colombia","","301","migracion","baja","HUÉRFANA: sin destino evidente en la estructura nueva. Requiere decisión humana."
"/competencia_nacional_de_operadores","","301","migracion","baja","HUÉRFANA: sin destino evidente en la estructura nueva. Requiere decisión humana."
"/congreso-de-alcaldes","","301","migracion","baja","HUÉRFANA: sin destino evidente en la estructura nueva. Requiere decisión humana."
"/consecuencias-de-ignorar-el-mantenimiento-en-sistemas-hidraulicos-de-maquinaria-pesada-en-colombia","","301","migracion","baja","HUÉRFANA: sin destino evidente en la estructura nueva. Requiere decisión humana."
"/consejos-esenciales-para-la-compra-maquinaria-pesada-en-colombia","","301","migracion","baja","HUÉRFANA: sin destino evidente en la estructura nueva. Requiere decisión humana."
"/contactanos","","301","migracion","baja","HUÉRFANA: sin destino evidente en la estructura nueva. Requiere decisión humana."
"/control-de-valvulas-la-maestria-en-operaciones-precisas-de-maquinaria-pesada-en-colombia","","301","migracion","baja","HUÉRFANA: sin destino evidente en la estructura nueva. Requiere decisión humana."
"/cuidado-del-motor-en-la-maquinaria-pesada-en-colombia","","301","migracion","baja","HUÉRFANA: sin destino evidente en la estructura nueva. Requiere decisión humana."
"/cuidado-del-tren-de-rodaje-en-excavadoras-y-bulldozer-guia-practica-para-reducir-costos-operativos","","301","migracion","baja","HUÉRFANA: sin destino evidente en la estructura nueva. Requiere decisión humana."
"/descubre-los-beneficios-de-usar-filtros-donaldson-en-tu-maquinaria-pesada","","301","migracion","baja","HUÉRFANA: sin destino evidente en la estructura nueva. Requiere decisión humana."
"/dientes-cuchillas-y-esquineras-pilares-de-rendimiento-en-maquinaria-pesada-colombiana","","301","migracion","baja","HUÉRFANA: sin destino evidente en la estructura nueva. Requiere decisión humana."
"/dynapac-partequipos-maquinaria-de-compactacion-y-pavimentacion","","301","migracion","baja","HUÉRFANA: sin destino evidente en la estructura nueva. Requiere decisión humana."
"/el-corazon-hidraulico-importancia-vital-de-las-bombas-en-maquinaria-pesada-en-colombia","","301","migracion","baja","HUÉRFANA: sin destino evidente en la estructura nueva. Requiere decisión humana."
"/el-origen-de-hitachi-construction-machinery","","301","migracion","baja","HUÉRFANA: sin destino evidente en la estructura nueva. Requiere decisión humana."
"/elementor-48399","","301","migracion","baja","HUÉRFANA: sin destino evidente en la estructura nueva. Requiere decisión humana."
"/excavadoras-funciones-partes-marcas","","301","migracion","baja","HUÉRFANA: sin destino evidente en la estructura nueva. Requiere decisión humana."
"/excavadoras-hitachi-en-colombia-evolucion-potencia-y-confianza-total-con-partequipos","","301","migracion","baja","HUÉRFANA: sin destino evidente en la estructura nueva. Requiere decisión humana."
"/excavadoras-repuestos-rendimiento-sinigual","","301","migracion","baja","HUÉRFANA: sin destino evidente en la estructura nueva. Requiere decisión humana."
"/excavadoras","","301","migracion","baja","HUÉRFANA: sin destino evidente en la estructura nueva. Requiere decisión humana."
"/explorando-la-importancia-del-tren-de-rodaje-en-excavadoras-y-bulldozer-maquinaria-pesada","","301","migracion","baja","HUÉRFANA: sin destino evidente en la estructura nueva. Requiere decisión humana."
"/filtros-maquinaria-amarilla-protege-tu-maquina","","301","migracion","baja","HUÉRFANA: sin destino evidente en la estructura nueva. Requiere decisión humana."
"/fuga-de-aceite-en-maquinaria-pesada-sintomas-causas-y-repuestos-hidraulicos","","301","migracion","baja","HUÉRFANA: sin destino evidente en la estructura nueva. Requiere decisión humana."
"/gracias_por_tu_confianza","","301","migracion","baja","HUÉRFANA: sin destino evidente en la estructura nueva. Requiere decisión humana."
"/gracias-a-ti","","301","migracion","baja","HUÉRFANA: sin destino evidente en la estructura nueva. Requiere decisión humana."
"/gracias-dynapac","","301","migracion","baja","HUÉRFANA: sin destino evidente en la estructura nueva. Requiere decisión humana."
"/gracias-hitachi","","301","migracion","baja","HUÉRFANA: sin destino evidente en la estructura nueva. Requiere decisión humana."
"/gracias-por-participar","","301","migracion","baja","HUÉRFANA: sin destino evidente en la estructura nueva. Requiere decisión humana."
"/gracias-por-tu-confianza","","301","migracion","baja","HUÉRFANA: sin destino evidente en la estructura nueva. Requiere decisión humana."
"/gracias-por-tu-registro","","301","migracion","baja","HUÉRFANA: sin destino evidente en la estructura nueva. Requiere decisión humana."
"/gracias","","301","migracion","baja","HUÉRFANA: sin destino evidente en la estructura nueva. Requiere decisión humana."
"/herramientas-de-corte-y-proteccion-del-balde-estrategias-para-la-eficiencia-y-durabilidad","","301","migracion","baja","HUÉRFANA: sin destino evidente en la estructura nueva. Requiere decisión humana."
"/hitachi-yanmar-y-case-la-trilogia-representada-por-partequipos","","301","migracion","baja","HUÉRFANA: sin destino evidente en la estructura nueva. Requiere decisión humana."
"/inicio2025","","301","migracion","baja","HUÉRFANA: sin destino evidente en la estructura nueva. Requiere decisión humana."
"/la-importancia-de-las-arandelas-bujes-y-pasadores-en-la-maquinaria-pesada-en-colombia","","301","migracion","baja","HUÉRFANA: sin destino evidente en la estructura nueva. Requiere decisión humana."
"/landing-dynapac","","301","migracion","baja","HUÉRFANA: sin destino evidente en la estructura nueva. Requiere decisión humana."
"/lanzamiento_excavadoras","","301","migracion","baja","HUÉRFANA: sin destino evidente en la estructura nueva. Requiere decisión humana."
"/lubricantes-calidad-especificaciones-y-caracteristicas-de-productos","","301","migracion","baja","HUÉRFANA: sin destino evidente en la estructura nueva. Requiere decisión humana."
"/lubricantes-eni","","301","migracion","baja","HUÉRFANA: sin destino evidente en la estructura nueva. Requiere decisión humana."
"/lubricantes/lubricantes-eni","","301","migracion","baja","HUÉRFANA: sin destino evidente en la estructura nueva. Requiere decisión humana."
"/lubricantes/lubricantes-eni/auto-liviano","","301","migracion","baja","HUÉRFANA: sin destino evidente en la estructura nueva. Requiere decisión humana."
"/lubricantes/lubricantes-eni/auto-pesado","","301","migracion","baja","HUÉRFANA: sin destino evidente en la estructura nueva. Requiere decisión humana."
"/lubricantes/lubricantes-eni/engranajes","","301","migracion","baja","HUÉRFANA: sin destino evidente en la estructura nueva. Requiere decisión humana."
"/lubricantes/lubricantes-eni/motos-scooter","","301","migracion","baja","HUÉRFANA: sin destino evidente en la estructura nueva. Requiere decisión humana."
"/mantenimiento-esencial-sistemas-hidraulicos-en-maquinaria-pesada-en-colombia","","301","migracion","baja","HUÉRFANA: sin destino evidente en la estructura nueva. Requiere decisión humana."
"/mantenimiento-preventivo-de-excavadoras","","301","migracion","baja","HUÉRFANA: sin destino evidente en la estructura nueva. Requiere decisión humana."
"/maquinaria-pesada","","301","migracion","baja","HUÉRFANA: sin destino evidente en la estructura nueva. Requiere decisión humana."
"/maquinaria-pesada/maquinaria-pesada-nueva","","301","migracion","baja","HUÉRFANA: sin destino evidente en la estructura nueva. Requiere decisión humana."
"/maquinaria-pesada/maquinaria-pesada-nueva/cargadores","","301","migracion","baja","HUÉRFANA: sin destino evidente en la estructura nueva. Requiere decisión humana."
"/maquinaria-pesada/maquinaria-pesada-nueva/compactadores","","301","migracion","baja","HUÉRFANA: sin destino evidente en la estructura nueva. Requiere decisión humana."
"/maquinaria-pesada/maquinaria-pesada-nueva/excavadoras-propuesta2025","","301","migracion","baja","HUÉRFANA: sin destino evidente en la estructura nueva. Requiere decisión humana."
"/maquinaria-pesada/maquinaria-pesada-nueva/excavadoras","","301","migracion","baja","HUÉRFANA: sin destino evidente en la estructura nueva. Requiere decisión humana."
"/maquinaria-pesada/maquinaria-pesada-nueva/marcas","","301","migracion","baja","HUÉRFANA: sin destino evidente en la estructura nueva. Requiere decisión humana."
"/maquinaria-pesada/maquinaria-pesada-nueva/marcas/aditamentos","","301","migracion","baja","HUÉRFANA: sin destino evidente en la estructura nueva. Requiere decisión humana."
"/maquinaria-pesada/maquinaria-pesada-nueva/marcas/aditamentos/aditamentos","","301","migracion","baja","HUÉRFANA: sin destino evidente en la estructura nueva. Requiere decisión humana."
"/maquinaria-pesada/maquinaria-pesada-nueva/marcas/aditamentos/excavadoras","","301","migracion","baja","HUÉRFANA: sin destino evidente en la estructura nueva. Requiere decisión humana."
"/maquinaria-pesada/maquinaria-pesada-nueva/marcas/aditamentos/minicargadores","","301","migracion","baja","HUÉRFANA: sin destino evidente en la estructura nueva. Requiere decisión humana."
"/maquinaria-pesada/maquinaria-pesada-nueva/marcas/case-construction","","301","migracion","baja","HUÉRFANA: sin destino evidente en la estructura nueva. Requiere decisión humana."
"/maquinaria-pesada/maquinaria-pesada-nueva/marcas/case-construction/bulldozer","","301","migracion","baja","HUÉRFANA: sin destino evidente en la estructura nueva. Requiere decisión humana."
"/maquinaria-pesada/maquinaria-pesada-nueva/marcas/case-construction/bulldozer/bulldozer-case-construction-1150l","","301","migracion","baja","HUÉRFANA: sin destino evidente en la estructura nueva. Requiere decisión humana."
"/maquinaria-pesada/maquinaria-pesada-nueva/marcas/case-construction/bulldozer/bulldozer-case-construction-1150m-tier4","","301","migracion","baja","HUÉRFANA: sin destino evidente en la estructura nueva. Requiere decisión humana."
"/maquinaria-pesada/maquinaria-pesada-nueva/marcas/case-construction/bulldozer/bulldozer-case-construction-1150m","","301","migracion","baja","HUÉRFANA: sin destino evidente en la estructura nueva. Requiere decisión humana."
"/maquinaria-pesada/maquinaria-pesada-nueva/marcas/case-construction/bulldozer/bulldozer-case-construction-1650l","","301","migracion","baja","HUÉRFANA: sin destino evidente en la estructura nueva. Requiere decisión humana."
"/maquinaria-pesada/maquinaria-pesada-nueva/marcas/case-construction/bulldozer/bulldozer-case-construction-1650m-tier4","","301","migracion","baja","HUÉRFANA: sin destino evidente en la estructura nueva. Requiere decisión humana."
"/maquinaria-pesada/maquinaria-pesada-nueva/marcas/case-construction/bulldozer/bulldozer-case-construction-1650m","","301","migracion","baja","HUÉRFANA: sin destino evidente en la estructura nueva. Requiere decisión humana."
"/maquinaria-pesada/maquinaria-pesada-nueva/marcas/case-construction/bulldozer/bulldozer-case-construction-2050m-tier4","","301","migracion","baja","HUÉRFANA: sin destino evidente en la estructura nueva. Requiere decisión humana."
"/maquinaria-pesada/maquinaria-pesada-nueva/marcas/case-construction/bulldozer/bulldozer-case-construction-2050m","","301","migracion","baja","HUÉRFANA: sin destino evidente en la estructura nueva. Requiere decisión humana."
"/maquinaria-pesada/maquinaria-pesada-nueva/marcas/case-construction/excavadoras","","301","migracion","baja","HUÉRFANA: sin destino evidente en la estructura nueva. Requiere decisión humana."
"/maquinaria-pesada/maquinaria-pesada-nueva/marcas/case-construction/excavadoras/excavadora-case-construction-cx-130d-tier4","","301","migracion","baja","HUÉRFANA: sin destino evidente en la estructura nueva. Requiere decisión humana."
"/maquinaria-pesada/maquinaria-pesada-nueva/marcas/case-construction/excavadoras/excavadora-case-construction-cx-210d-tier4","","301","migracion","baja","HUÉRFANA: sin destino evidente en la estructura nueva. Requiere decisión humana."
"/maquinaria-pesada/maquinaria-pesada-nueva/marcas/case-construction/excavadoras/excavadora-case-construction-cx-350d-tier4","","301","migracion","baja","HUÉRFANA: sin destino evidente en la estructura nueva. Requiere decisión humana."
"/maquinaria-pesada/maquinaria-pesada-nueva/marcas/case-construction/excavadoras/excavadora-case-construction-cx130c","","301","migracion","baja","HUÉRFANA: sin destino evidente en la estructura nueva. Requiere decisión humana."
"/maquinaria-pesada/maquinaria-pesada-nueva/marcas/case-construction/excavadoras/excavadora-case-construction-cx220c","","301","migracion","baja","HUÉRFANA: sin destino evidente en la estructura nueva. Requiere decisión humana."
"/maquinaria-pesada/maquinaria-pesada-nueva/marcas/case-construction/excavadoras/excavadora-case-construction-cx350c","","301","migracion","baja","HUÉRFANA: sin destino evidente en la estructura nueva. Requiere decisión humana."
"/maquinaria-pesada/maquinaria-pesada-nueva/marcas/case-construction/minicargadores-case","","301","migracion","baja","HUÉRFANA: sin destino evidente en la estructura nueva. Requiere decisión humana."
"/maquinaria-pesada/maquinaria-pesada-nueva/marcas/case-construction/minicargadores-case/minicargador-case-construction-sr175b-tier4","","301","migracion","baja","HUÉRFANA: sin destino evidente en la estructura nueva. Requiere decisión humana."
"/maquinaria-pesada/maquinaria-pesada-nueva/marcas/case-construction/minicargadores-case/minicargador-case-construction-sr175b","","301","migracion","baja","HUÉRFANA: sin destino evidente en la estructura nueva. Requiere decisión humana."
"/maquinaria-pesada/maquinaria-pesada-nueva/marcas/case-construction/minicargadores-case/minicargador-case-construction-sr200b","","301","migracion","baja","HUÉRFANA: sin destino evidente en la estructura nueva. Requiere decisión humana."
"/maquinaria-pesada/maquinaria-pesada-nueva/marcas/case-construction/minicargadores-case/minicargador-case-construction-sr210b-tier4","","301","migracion","baja","HUÉRFANA: sin destino evidente en la estructura nueva. Requiere decisión humana."
"/maquinaria-pesada/maquinaria-pesada-nueva/marcas/case-construction/minicargadores-case/minicargador-case-construction-sr220b","","301","migracion","baja","HUÉRFANA: sin destino evidente en la estructura nueva. Requiere decisión humana."
"/maquinaria-pesada/maquinaria-pesada-nueva/marcas/case-construction/minicargadores-case/minicargador-case-construction-sr240b-tier4","","301","migracion","baja","HUÉRFANA: sin destino evidente en la estructura nueva. Requiere decisión humana."
"/maquinaria-pesada/maquinaria-pesada-nueva/marcas/case-construction/minicargadores-case/minicargador-case-construction-sr250b","","301","migracion","baja","HUÉRFANA: sin destino evidente en la estructura nueva. Requiere decisión humana."
"/maquinaria-pesada/maquinaria-pesada-nueva/marcas/case-construction/minicargadores-case/minicargador-case-construction-sr270b-tier4","","301","migracion","baja","HUÉRFANA: sin destino evidente en la estructura nueva. Requiere decisión humana."
"/maquinaria-pesada/maquinaria-pesada-nueva/marcas/case-construction/motoniveladoras-case","","301","migracion","baja","HUÉRFANA: sin destino evidente en la estructura nueva. Requiere decisión humana."
"/maquinaria-pesada/maquinaria-pesada-nueva/marcas/case-construction/motoniveladoras-case/motoniveladora-case-construction-836d","","301","migracion","baja","HUÉRFANA: sin destino evidente en la estructura nueva. Requiere decisión humana."
"/maquinaria-pesada/maquinaria-pesada-nueva/marcas/case-construction/motoniveladoras-case/motoniveladora-case-construction-845b","","301","migracion","baja","HUÉRFANA: sin destino evidente en la estructura nueva. Requiere decisión humana."
"/maquinaria-pesada/maquinaria-pesada-nueva/marcas/case-construction/motoniveladoras-case/motoniveladora-case-construction-845c-tier-4","","301","migracion","baja","HUÉRFANA: sin destino evidente en la estructura nueva. Requiere decisión humana."
"/maquinaria-pesada/maquinaria-pesada-nueva/marcas/case-construction/motoniveladoras-case/motoniveladora-case-construction-865b","","301","migracion","baja","HUÉRFANA: sin destino evidente en la estructura nueva. Requiere decisión humana."
"/maquinaria-pesada/maquinaria-pesada-nueva/marcas/case-construction/motoniveladoras-case/motoniveladora-case-construction-865c-tier-4","","301","migracion","baja","HUÉRFANA: sin destino evidente en la estructura nueva. Requiere decisión humana."
"/maquinaria-pesada/maquinaria-pesada-nueva/marcas/case-construction/retrocargadoras","","301","migracion","baja","HUÉRFANA: sin destino evidente en la estructura nueva. Requiere decisión humana."
"/maquinaria-pesada/maquinaria-pesada-nueva/marcas/case-construction/retrocargadoras/retrocargadora-case-construction-570st","","301","migracion","baja","HUÉRFANA: sin destino evidente en la estructura nueva. Requiere decisión humana."
"/maquinaria-pesada/maquinaria-pesada-nueva/marcas/case-construction/retrocargadoras/retrocargadora-case-construction-575sv","","301","migracion","baja","HUÉRFANA: sin destino evidente en la estructura nueva. Requiere decisión humana."
"/maquinaria-pesada/maquinaria-pesada-nueva/marcas/case-construction/retrocargadoras/retrocargadora-case-construction-580n-tier4","","301","migracion","baja","HUÉRFANA: sin destino evidente en la estructura nueva. Requiere decisión humana."
"/maquinaria-pesada/maquinaria-pesada-nueva/marcas/case-construction/retrocargadoras/retrocargadora-case-construction-580n","","301","migracion","baja","HUÉRFANA: sin destino evidente en la estructura nueva. Requiere decisión humana."
"/maquinaria-pesada/maquinaria-pesada-nueva/marcas/case-construction/retrocargadoras/retrocargadora-case-construction-580sn","","301","migracion","baja","HUÉRFANA: sin destino evidente en la estructura nueva. Requiere decisión humana."
"/maquinaria-pesada/maquinaria-pesada-nueva/marcas/case-construction/retrocargadoras/retrocargadora-case-construction-580sv-tier4","","301","migracion","baja","HUÉRFANA: sin destino evidente en la estructura nueva. Requiere decisión humana."
"/maquinaria-pesada/maquinaria-pesada-nueva/marcas/case-construction/retrocargadoras/retrocargadora-case-construction-590sn","","301","migracion","baja","HUÉRFANA: sin destino evidente en la estructura nueva. Requiere decisión humana."
"/maquinaria-pesada/maquinaria-pesada-nueva/marcas/case-construction/retrocargadoras/retrocargadora-case-construction-851-fx-tier4","","301","migracion","baja","HUÉRFANA: sin destino evidente en la estructura nueva. Requiere decisión humana."
"/maquinaria-pesada/maquinaria-pesada-nueva/marcas/case-construction/vibrocompactador-case-sv208","","301","migracion","baja","HUÉRFANA: sin destino evidente en la estructura nueva. Requiere decisión humana."
"/maquinaria-pesada/maquinaria-pesada-nueva/marcas/dynapac","","301","migracion","baja","HUÉRFANA: sin destino evidente en la estructura nueva. Requiere decisión humana."
"/maquinaria-pesada/maquinaria-pesada-nueva/marcas/dynapac/compactador-de-llantas-dynapac","","301","migracion","baja","HUÉRFANA: sin destino evidente en la estructura nueva. Requiere decisión humana."
"/maquinaria-pesada/maquinaria-pesada-nueva/marcas/dynapac/compactador-de-llantas-dynapac/compactador-de-llantas-dynapac-cp1200","","301","migracion","baja","HUÉRFANA: sin destino evidente en la estructura nueva. Requiere decisión humana."
"/maquinaria-pesada/maquinaria-pesada-nueva/marcas/dynapac/compactador-de-llantas-dynapac/compactador-de-llantas-dynapac-cp2100","","301","migracion","baja","HUÉRFANA: sin destino evidente en la estructura nueva. Requiere decisión humana."
"/maquinaria-pesada/maquinaria-pesada-nueva/marcas/dynapac/compactador-de-llantas-dynapac/compactador-de-llantas-dynapac-cp28","","301","migracion","baja","HUÉRFANA: sin destino evidente en la estructura nueva. Requiere decisión humana."
"/maquinaria-pesada/maquinaria-pesada-nueva/marcas/dynapac/compactador-de-suelo-dynapac","","301","migracion","baja","HUÉRFANA: sin destino evidente en la estructura nueva. Requiere decisión humana."
"/maquinaria-pesada/maquinaria-pesada-nueva/marcas/dynapac/compactador-de-suelo-dynapac/compactador-de-suelo-dynapac-ca1300d","","301","migracion","baja","HUÉRFANA: sin destino evidente en la estructura nueva. Requiere decisión humana."
"/maquinaria-pesada/maquinaria-pesada-nueva/marcas/dynapac/compactador-de-suelo-dynapac/compactador-de-suelo-dynapac-ca1500d","","301","migracion","baja","HUÉRFANA: sin destino evidente en la estructura nueva. Requiere decisión humana."
"/maquinaria-pesada/maquinaria-pesada-nueva/marcas/dynapac/compactador-de-suelo-dynapac/compactador-de-suelo-dynapac-ca15d","","301","migracion","baja","HUÉRFANA: sin destino evidente en la estructura nueva. Requiere decisión humana."
"/maquinaria-pesada/maquinaria-pesada-nueva/marcas/dynapac/compactador-de-suelo-dynapac/compactador-de-suelo-dynapac-ca25d","","301","migracion","baja","HUÉRFANA: sin destino evidente en la estructura nueva. Requiere decisión humana."
"/maquinaria-pesada/maquinaria-pesada-nueva/marcas/dynapac/compactador-de-suelo-dynapac/compactador-de-suelo-dynapac-ca35d","","301","migracion","baja","HUÉRFANA: sin destino evidente en la estructura nueva. Requiere decisión humana."
"/maquinaria-pesada/maquinaria-pesada-nueva/marcas/dynapac/compactador-doble-rodillo-dynapac","","301","migracion","baja","HUÉRFANA: sin destino evidente en la estructura nueva. Requiere decisión humana."
"/maquinaria-pesada/maquinaria-pesada-nueva/marcas/dynapac/compactador-doble-rodillo-dynapac/compactador-doble-rodillo-dynapac-cc1200-vi","","301","migracion","baja","HUÉRFANA: sin destino evidente en la estructura nueva. Requiere decisión humana."
"/maquinaria-pesada/maquinaria-pesada-nueva/marcas/dynapac/compactador-doble-rodillo-dynapac/compactador-doble-rodillo-dynapac-cc1300-vi","","301","migracion","baja","HUÉRFANA: sin destino evidente en la estructura nueva. Requiere decisión humana."
"/maquinaria-pesada/maquinaria-pesada-nueva/marcas/dynapac/compactador-doble-rodillo-dynapac/compactador-doble-rodillo-dynapac-cc1400-vi","","301","migracion","baja","HUÉRFANA: sin destino evidente en la estructura nueva. Requiere decisión humana."
"/maquinaria-pesada/maquinaria-pesada-nueva/marcas/dynapac/compactador-doble-rodillo-dynapac/compactador-doble-rodillo-dynapac-cc2200-vi","","301","migracion","baja","HUÉRFANA: sin destino evidente en la estructura nueva. Requiere decisión humana."
"/maquinaria-pesada/maquinaria-pesada-nueva/marcas/dynapac/compactador-doble-rodillo-dynapac/compactador-doble-rodillo-dynapac-cc3200-vi","","301","migracion","baja","HUÉRFANA: sin destino evidente en la estructura nueva. Requiere decisión humana."
"/maquinaria-pesada/maquinaria-pesada-nueva/marcas/dynapac/compactador-doble-rodillo-dynapac/compactador-doble-rodillo-dynapac-cc4000-vi","","301","migracion","baja","HUÉRFANA: sin destino evidente en la estructura nueva. Requiere decisión humana."
"/maquinaria-pesada/maquinaria-pesada-nueva/marcas/dynapac/compactador-doble-rodillo-dynapac/compactador-doble-rodillo-dynapac-cc900","","301","migracion","baja","HUÉRFANA: sin destino evidente en la estructura nueva. Requiere decisión humana."
"/maquinaria-pesada/maquinaria-pesada-nueva/marcas/dynapac/compactadores","","301","migracion","baja","HUÉRFANA: sin destino evidente en la estructura nueva. Requiere decisión humana."
"/maquinaria-pesada/maquinaria-pesada-nueva/marcas/dynapac/pavimentadoras-dynapac","","301","migracion","baja","HUÉRFANA: sin destino evidente en la estructura nueva. Requiere decisión humana."
"/maquinaria-pesada/maquinaria-pesada-nueva/marcas/dynapac/pavimentadoras-dynapac/pavimentadora-dynapac-f1800c","","301","migracion","baja","HUÉRFANA: sin destino evidente en la estructura nueva. Requiere decisión humana."
"/maquinaria-pesada/maquinaria-pesada-nueva/marcas/dynapac/pavimentadoras-dynapac/pavimentadora-dynapac-f80w","","301","migracion","baja","HUÉRFANA: sin destino evidente en la estructura nueva. Requiere decisión humana."
"/maquinaria-pesada/maquinaria-pesada-nueva/marcas/dynapac/pavimentadoras-dynapac/pavimentadora-dynapac-sd2500c","","301","migracion","baja","HUÉRFANA: sin destino evidente en la estructura nueva. Requiere decisión humana."
"/maquinaria-pesada/maquinaria-pesada-nueva/marcas/dynapac/pavimentadoras","","301","migracion","baja","HUÉRFANA: sin destino evidente en la estructura nueva. Requiere decisión humana."
"/maquinaria-pesada/maquinaria-pesada-nueva/marcas/dynapac/reglas-dynapac","","301","migracion","baja","HUÉRFANA: sin destino evidente en la estructura nueva. Requiere decisión humana."
"/maquinaria-pesada/maquinaria-pesada-nueva/marcas/dynapac/reglas-dynapac/regla-dynapac-v3500-vte","","301","migracion","baja","HUÉRFANA: sin destino evidente en la estructura nueva. Requiere decisión humana."
"/maquinaria-pesada/maquinaria-pesada-nueva/marcas/dynapac/reglas-dynapac/regla-dynapac-v5100-vte","","301","migracion","baja","HUÉRFANA: sin destino evidente en la estructura nueva. Requiere decisión humana."
"/maquinaria-pesada/maquinaria-pesada-nueva/marcas/dynapac/reglas-dynapac/regla-dynapac-v6000-vte","","301","migracion","baja","HUÉRFANA: sin destino evidente en la estructura nueva. Requiere decisión humana."
"/maquinaria-pesada/maquinaria-pesada-nueva/marcas/hitachi","","301","migracion","baja","HUÉRFANA: sin destino evidente en la estructura nueva. Requiere decisión humana."
"/maquinaria-pesada/maquinaria-pesada-nueva/marcas/hitachi/excavadoras-hitachi","","301","migracion","baja","HUÉRFANA: sin destino evidente en la estructura nueva. Requiere decisión humana."
"/maquinaria-pesada/maquinaria-pesada-nueva/marcas/hitachi/excavadoras-hitachi/excavadora-hitachi-zx130-5b","","301","migracion","baja","HUÉRFANA: sin destino evidente en la estructura nueva. Requiere decisión humana."
"/maquinaria-pesada/maquinaria-pesada-nueva/marcas/hitachi/excavadoras-hitachi/excavadora-hitachi-zx130-5g","","301","migracion","baja","HUÉRFANA: sin destino evidente en la estructura nueva. Requiere decisión humana."
"/maquinaria-pesada/maquinaria-pesada-nueva/marcas/hitachi/excavadoras-hitachi/excavadora-hitachi-zx200lc-5g","","301","migracion","baja","HUÉRFANA: sin destino evidente en la estructura nueva. Requiere decisión humana."
"/maquinaria-pesada/maquinaria-pesada-nueva/marcas/hitachi/excavadoras-hitachi/excavadora-hitachi-zx210lc-5b","","301","migracion","baja","HUÉRFANA: sin destino evidente en la estructura nueva. Requiere decisión humana."
"/maquinaria-pesada/maquinaria-pesada-nueva/marcas/hitachi/excavadoras-hitachi/excavadora-hitachi-zx350lc-5b","","301","migracion","baja","HUÉRFANA: sin destino evidente en la estructura nueva. Requiere decisión humana."
"/maquinaria-pesada/maquinaria-pesada-nueva/marcas/hitachi/excavadoras-hitachi/excavadora-hitachi-zx490-7g","","301","migracion","baja","HUÉRFANA: sin destino evidente en la estructura nueva. Requiere decisión humana."
"/maquinaria-pesada/maquinaria-pesada-nueva/marcas/hitachi/excavadoras-hitachi/excavadora-hitachi-zx690lc-6","","301","migracion","baja","HUÉRFANA: sin destino evidente en la estructura nueva. Requiere decisión humana."
"/maquinaria-pesada/maquinaria-pesada-nueva/marcas/hitachi/excavadoras-hitachi/excavadora-hitachi-zx690lc-7h","","301","migracion","baja","HUÉRFANA: sin destino evidente en la estructura nueva. Requiere decisión humana."
"/maquinaria-pesada/maquinaria-pesada-nueva/marcas/hitachi/excavadoras-hitachi/excavadora-hitachi-zx75us-5n","","301","migracion","baja","HUÉRFANA: sin destino evidente en la estructura nueva. Requiere decisión humana."
"/maquinaria-pesada/maquinaria-pesada-nueva/marcas/hitachi/excavadoras-hitachi/excavadora-hitachi-zx75us-7","","301","migracion","baja","HUÉRFANA: sin destino evidente en la estructura nueva. Requiere decisión humana."
"/maquinaria-pesada/maquinaria-pesada-nueva/marcas/hitachi/excavadoras-hitachi/excavadora-hitachi-zx85usb-5n","","301","migracion","baja","HUÉRFANA: sin destino evidente en la estructura nueva. Requiere decisión humana."
"/maquinaria-pesada/maquinaria-pesada-nueva/marcas/hitachi/excavadoras-hitachi/excavadora-hitachi-zx890lc-6","","301","migracion","baja","HUÉRFANA: sin destino evidente en la estructura nueva. Requiere decisión humana."
"/maquinaria-pesada/maquinaria-pesada-nueva/marcas/hitachi/excavadoras-hitachi/excavadora-hitachi-zx890lc-7h","","301","migracion","baja","HUÉRFANA: sin destino evidente en la estructura nueva. Requiere decisión humana."
"/maquinaria-pesada/maquinaria-pesada-nueva/marcas/hitachi/excavadoras-hitachi/miniexcavadora-hitachi-zx17u-5n","","301","migracion","baja","HUÉRFANA: sin destino evidente en la estructura nueva. Requiere decisión humana."
"/maquinaria-pesada/maquinaria-pesada-nueva/marcas/hitachi/excavadoras-hitachi/miniexcavadora-hitachi-zx30u-5n","","301","migracion","baja","HUÉRFANA: sin destino evidente en la estructura nueva. Requiere decisión humana."
"/maquinaria-pesada/maquinaria-pesada-nueva/marcas/hitachi/excavadoras-hitachi/miniexcavadora-hitachi-zx35u-5n","","301","migracion","baja","HUÉRFANA: sin destino evidente en la estructura nueva. Requiere decisión humana."
"/maquinaria-pesada/maquinaria-pesada-nueva/marcas/hitachi/excavadoras-hitachi/miniexcavadora-hitachi-zx50u-5n","","301","migracion","baja","HUÉRFANA: sin destino evidente en la estructura nueva. Requiere decisión humana."
"/maquinaria-pesada/maquinaria-pesada-nueva/marcas/hitachi/excavadoras-hitachi/miniexcavadora-hitachi-zx60usb-5n","","301","migracion","baja","HUÉRFANA: sin destino evidente en la estructura nueva. Requiere decisión humana."
"/maquinaria-pesada/maquinaria-pesada-nueva/marcas/yanmar","","301","migracion","baja","HUÉRFANA: sin destino evidente en la estructura nueva. Requiere decisión humana."
"/maquinaria-pesada/maquinaria-pesada-nueva/marcas/yanmar/miniexcavadoras","","301","migracion","baja","HUÉRFANA: sin destino evidente en la estructura nueva. Requiere decisión humana."
"/maquinaria-pesada/maquinaria-pesada-nueva/marcas/yanmar/miniexcavadoras/miniexcavadora-yanmar-vio17","","301","migracion","baja","HUÉRFANA: sin destino evidente en la estructura nueva. Requiere decisión humana."
"/maquinaria-pesada/maquinaria-pesada-nueva/marcas/yanmar/miniexcavadoras/miniexcavadora-yanmar-vio35-7","","301","migracion","baja","HUÉRFANA: sin destino evidente en la estructura nueva. Requiere decisión humana."
"/maquinaria-pesada/maquinaria-pesada-nueva/marcas/yanmar/miniexcavadoras/miniexcavadora-yanmar-vio50-6","","301","migracion","baja","HUÉRFANA: sin destino evidente en la estructura nueva. Requiere decisión humana."
"/maquinaria-pesada/maquinaria-pesada-nueva/marcas/yanmar/miniexcavadoras/miniexcavadora-yanmar-vio50-6a","","301","migracion","baja","HUÉRFANA: sin destino evidente en la estructura nueva. Requiere decisión humana."
"/maquinaria-pesada/maquinaria-pesada-nueva/marcas/yanmar/miniexcavadoras/miniexcavadora-yanmar-vio55-6","","301","migracion","baja","HUÉRFANA: sin destino evidente en la estructura nueva. Requiere decisión humana."
"/maquinaria-pesada/maquinaria-pesada-nueva/marcas/yanmar/miniexcavadoras/miniexcavadora-yanmar-vio80-1","","301","migracion","baja","HUÉRFANA: sin destino evidente en la estructura nueva. Requiere decisión humana."
"/maquinaria-pesada/maquinaria-pesada-usada-otros","","301","migracion","baja","HUÉRFANA: sin destino evidente en la estructura nueva. Requiere decisión humana."
"/maquinaria-pesada/maquinaria-pesada-usada","","301","migracion","baja","HUÉRFANA: sin destino evidente en la estructura nueva. Requiere decisión humana."
"/maquinaria-pesada/maquinaria-pesada-usada/bulldozer","","301","migracion","baja","HUÉRFANA: sin destino evidente en la estructura nueva. Requiere decisión humana."
"/maquinaria-pesada/maquinaria-pesada-usada/cargadores","","301","migracion","baja","HUÉRFANA: sin destino evidente en la estructura nueva. Requiere decisión humana."
"/maquinaria-pesada/maquinaria-pesada-usada/compactadores","","301","migracion","baja","HUÉRFANA: sin destino evidente en la estructura nueva. Requiere decisión humana."
"/maquinaria-pesada/maquinaria-pesada-usada/excavadoras","","301","migracion","baja","HUÉRFANA: sin destino evidente en la estructura nueva. Requiere decisión humana."
"/maquinaria-pesada/maquinaria-pesada-usada/excavadoras4","","301","migracion","baja","HUÉRFANA: sin destino evidente en la estructura nueva. Requiere decisión humana."
"/maquinaria-pesada/maquinaria-pesada-usada/minicargadores","","301","migracion","baja","HUÉRFANA: sin destino evidente en la estructura nueva. Requiere decisión humana."
"/maquinaria-pesada/maquinaria-pesada-usada/motoniveladoras","","301","migracion","baja","HUÉRFANA: sin destino evidente en la estructura nueva. Requiere decisión humana."
"/maquinaria-pesada/maquinaria-pesada-usada/retrocargadoras","","301","migracion","baja","HUÉRFANA: sin destino evidente en la estructura nueva. Requiere decisión humana."
"/maquinaria-pesada/maquinaria-pesada-usada/vibrocompactadores","","301","migracion","baja","HUÉRFANA: sin destino evidente en la estructura nueva. Requiere decisión humana."
"/maquinaria-pesada/test","","301","migracion","baja","HUÉRFANA: sin destino evidente en la estructura nueva. Requiere decisión humana."
"/martillos-hidraulicos-recomendaciones-de-uso","","301","migracion","baja","HUÉRFANA: sin destino evidente en la estructura nueva. Requiere decisión humana."
"/mineria-construccion-infraestructura","","301","migracion","baja","HUÉRFANA: sin destino evidente en la estructura nueva. Requiere decisión humana."
"/minicargadores-pequenos-gigantes-de-la-construccion","","301","migracion","baja","HUÉRFANA: sin destino evidente en la estructura nueva. Requiere decisión humana."
"/miniexcavadoras-yanmar-compactas-pero-poderosas","","301","migracion","baja","HUÉRFANA: sin destino evidente en la estructura nueva. Requiere decisión humana."
"/miniexcavadoras-yanmar-en-colombia-tecnologia-100-japonesa-con-representacion-oficial-de-partequipos-s-a-s","","301","migracion","baja","HUÉRFANA: sin destino evidente en la estructura nueva. Requiere decisión humana."
"/moto-reductor-de-traslacion-de-excavadora-sintomas-de-falla-y-cuando-revisarlo","","301","migracion","baja","HUÉRFANA: sin destino evidente en la estructura nueva. Requiere decisión humana."
"/motores-diesel-en-maquinaria-pesada-en-colombia-potencia-y-eficiencia-unidas","","301","migracion","baja","HUÉRFANA: sin destino evidente en la estructura nueva. Requiere decisión humana."
"/motores-diesel-la-esencia-inquebrantable-de-la-maquinaria-pesada-en-colombia","","301","migracion","baja","HUÉRFANA: sin destino evidente en la estructura nueva. Requiere decisión humana."
"/motorreductores-de-translacion-y-giro-la-danza-perfecta-para-la-movilidad-en-la-maquinaria-pesada-en-colombia","","301","migracion","baja","HUÉRFANA: sin destino evidente en la estructura nueva. Requiere decisión humana."
"/nok-sellos-especiales-para-maquinaria-pesada-y-sistemas-hidraulicos","","301","migracion","baja","HUÉRFANA: sin destino evidente en la estructura nueva. Requiere decisión humana."
"/nosotros","","301","migracion","baja","HUÉRFANA: sin destino evidente en la estructura nueva. Requiere decisión humana."
"/nosotros/trabaja-con-nosotros","","301","migracion","baja","HUÉRFANA: sin destino evidente en la estructura nueva. Requiere decisión humana."
"/noticias","","301","migracion","baja","HUÉRFANA: sin destino evidente en la estructura nueva. Requiere decisión humana."
"/nueva-regulacion-tier-4-en-colombia-lo-que-debes-saber","","301","migracion","baja","HUÉRFANA: sin destino evidente en la estructura nueva. Requiere decisión humana."
"/nuevo-motor-estacionario-dongfeng-cummins-6ct8-3-240hp","","301","migracion","baja","HUÉRFANA: sin destino evidente en la estructura nueva. Requiere decisión humana."
"/openhouse","","301","migracion","baja","HUÉRFANA: sin destino evidente en la estructura nueva. Requiere decisión humana."
"/partequipos-distribuidor-oficial-de-handok-hydraulic-en-colombia","","301","migracion","baja","HUÉRFANA: sin destino evidente en la estructura nueva. Requiere decisión humana."
"/participa-openhouse","","301","migracion","baja","HUÉRFANA: sin destino evidente en la estructura nueva. Requiere decisión humana."
"/pe-partsshop","","301","migracion","baja","HUÉRFANA: sin destino evidente en la estructura nueva. Requiere decisión humana."
"/politica-de-garantia-de-repuestos","","301","migracion","baja","HUÉRFANA: sin destino evidente en la estructura nueva. Requiere decisión humana."
"/por-que-tu-maquinaria-tier-4-necesita-urea-automotriz-def","","301","migracion","baja","HUÉRFANA: sin destino evidente en la estructura nueva. Requiere decisión humana."
"/premios-open-house","","301","migracion","baja","HUÉRFANA: sin destino evidente en la estructura nueva. Requiere decisión humana."
"/radiadores-y-enfriadores-el-equilibrio-termico-en-la-maquinaria-pesada-colombiana","","301","migracion","baja","HUÉRFANA: sin destino evidente en la estructura nueva. Requiere decisión humana."
"/radiadores-y-enfriadores-en-la-maquinaria-pesada-en-colombia","","301","migracion","baja","HUÉRFANA: sin destino evidente en la estructura nueva. Requiere decisión humana."
"/referenciacion-openhouse-2025","","301","migracion","baja","HUÉRFANA: sin destino evidente en la estructura nueva. Requiere decisión humana."
"/repuestos-maquinaria-pesada-colombia","/repuestos-maquinaria-pesada-colombia","301","migracion","alta","Ruta conservada idéntica en el sitio nuevo. NO necesita redirect (solo difiere la barra final)."
"/repuestos-maquinaria-pesada-colombia/categoria-repuestos-para-maquinaria-pesada","","301","migracion","baja","HUÉRFANA: sin destino evidente en la estructura nueva. Requiere decisión humana."
"/repuestos-maquinaria-pesada-colombia/categoria-repuestos-para-maquinaria-pesada/aditamentos-para-maquinaria-pesada","","301","migracion","baja","HUÉRFANA: sin destino evidente en la estructura nueva. Requiere decisión humana."
"/repuestos-maquinaria-pesada-colombia/categoria-repuestos-para-maquinaria-pesada/baldes-y-protectores","","301","migracion","baja","HUÉRFANA: sin destino evidente en la estructura nueva. Requiere decisión humana."
"/repuestos-maquinaria-pesada-colombia/categoria-repuestos-para-maquinaria-pesada/baldes-y-protectores/baldes-para-excavadoras","","301","migracion","baja","HUÉRFANA: sin destino evidente en la estructura nueva. Requiere decisión humana."
"/repuestos-maquinaria-pesada-colombia/categoria-repuestos-para-maquinaria-pesada/baldes-y-protectores/motores-nuevo","","301","migracion","baja","HUÉRFANA: sin destino evidente en la estructura nueva. Requiere decisión humana."
"/repuestos-maquinaria-pesada-colombia/categoria-repuestos-para-maquinaria-pesada/componentes-electricos","","301","migracion","baja","HUÉRFANA: sin destino evidente en la estructura nueva. Requiere decisión humana."
"/repuestos-maquinaria-pesada-colombia/categoria-repuestos-para-maquinaria-pesada/componentes-hidraulicos-para-maquinaria-pesada","","301","migracion","baja","HUÉRFANA: sin destino evidente en la estructura nueva. Requiere decisión humana."
"/repuestos-maquinaria-pesada-colombia/categoria-repuestos-para-maquinaria-pesada/componentes-mayores-para-maquinaria-pesada","","301","migracion","baja","HUÉRFANA: sin destino evidente en la estructura nueva. Requiere decisión humana."
"/repuestos-maquinaria-pesada-colombia/categoria-repuestos-para-maquinaria-pesada/componentes-para-motores-diesel","","301","migracion","baja","HUÉRFANA: sin destino evidente en la estructura nueva. Requiere decisión humana."
"/repuestos-maquinaria-pesada-colombia/categoria-repuestos-para-maquinaria-pesada/elementos-de-ajuste","","301","migracion","baja","HUÉRFANA: sin destino evidente en la estructura nueva. Requiere decisión humana."
"/repuestos-maquinaria-pesada-colombia/categoria-repuestos-para-maquinaria-pesada/empaquetaduras","","301","migracion","baja","HUÉRFANA: sin destino evidente en la estructura nueva. Requiere decisión humana."
"/repuestos-maquinaria-pesada-colombia/categoria-repuestos-para-maquinaria-pesada/filtracion-para-maquinaria-pesada","","301","migracion","baja","HUÉRFANA: sin destino evidente en la estructura nueva. Requiere decisión humana."
"/repuestos-maquinaria-pesada-colombia/categoria-repuestos-para-maquinaria-pesada/filtracion-para-maquinaria-pesada/filtros-donaldson-maquinaria-pesada","","301","migracion","baja","HUÉRFANA: sin destino evidente en la estructura nueva. Requiere decisión humana."
"/repuestos-maquinaria-pesada-colombia/categoria-repuestos-para-maquinaria-pesada/filtros-maquinaria-pesada","","301","migracion","baja","HUÉRFANA: sin destino evidente en la estructura nueva. Requiere decisión humana."
"/repuestos-maquinaria-pesada-colombia/categoria-repuestos-para-maquinaria-pesada/filtros-maquinaria-pesada/filtros-fleetguard","","301","migracion","baja","HUÉRFANA: sin destino evidente en la estructura nueva. Requiere decisión humana."
"/repuestos-maquinaria-pesada-colombia/categoria-repuestos-para-maquinaria-pesada/herramienta-de-corte-gets-para-maquinaria-pesada","","301","migracion","baja","HUÉRFANA: sin destino evidente en la estructura nueva. Requiere decisión humana."
"/repuestos-maquinaria-pesada-colombia/categoria-repuestos-para-maquinaria-pesada/herramientas-de-corte","","301","migracion","baja","HUÉRFANA: sin destino evidente en la estructura nueva. Requiere decisión humana."
"/repuestos-maquinaria-pesada-colombia/categoria-repuestos-para-maquinaria-pesada/llantas-y-rines-para-maquinaria-pesada","","301","migracion","baja","HUÉRFANA: sin destino evidente en la estructura nueva. Requiere decisión humana."
"/repuestos-maquinaria-pesada-colombia/categoria-repuestos-para-maquinaria-pesada/llantas","","301","migracion","baja","HUÉRFANA: sin destino evidente en la estructura nueva. Requiere decisión humana."
"/repuestos-maquinaria-pesada-colombia/categoria-repuestos-para-maquinaria-pesada/llantas/llantas-otr","","301","migracion","baja","HUÉRFANA: sin destino evidente en la estructura nueva. Requiere decisión humana."
"/repuestos-maquinaria-pesada-colombia/categoria-repuestos-para-maquinaria-pesada/lubricantes-para-maquinaria-pesada","","301","migracion","baja","HUÉRFANA: sin destino evidente en la estructura nueva. Requiere decisión humana."
"/repuestos-maquinaria-pesada-colombia/categoria-repuestos-para-maquinaria-pesada/mangueras-para-maquinaria-pesada","","301","migracion","baja","HUÉRFANA: sin destino evidente en la estructura nueva. Requiere decisión humana."
"/repuestos-maquinaria-pesada-colombia/categoria-repuestos-para-maquinaria-pesada/miscelaneos-para-maquinaria-pesada","","301","migracion","baja","HUÉRFANA: sin destino evidente en la estructura nueva. Requiere decisión humana."
"/repuestos-maquinaria-pesada-colombia/categoria-repuestos-para-maquinaria-pesada/motor-diesel-para-maquinaria-pesada","","301","migracion","baja","HUÉRFANA: sin destino evidente en la estructura nueva. Requiere decisión humana."
"/repuestos-maquinaria-pesada-colombia/categoria-repuestos-para-maquinaria-pesada/motores-diesel-completos","","301","migracion","baja","HUÉRFANA: sin destino evidente en la estructura nueva. Requiere decisión humana."
"/repuestos-maquinaria-pesada-colombia/categoria-repuestos-para-maquinaria-pesada/productos","","301","migracion","baja","HUÉRFANA: sin destino evidente en la estructura nueva. Requiere decisión humana."
"/repuestos-maquinaria-pesada-colombia/categoria-repuestos-para-maquinaria-pesada/servicio-tecnico-para-maquinaria-pesada","","301","migracion","baja","HUÉRFANA: sin destino evidente en la estructura nueva. Requiere decisión humana."
"/repuestos-maquinaria-pesada-colombia/categoria-repuestos-para-maquinaria-pesada/transmision-para-maquinaria-pesada","","301","migracion","baja","HUÉRFANA: sin destino evidente en la estructura nueva. Requiere decisión humana."
"/repuestos-maquinaria-pesada-colombia/categoria-repuestos-para-maquinaria-pesada/tren-de-rodaje-para-maquinaria-pesada","","301","migracion","baja","HUÉRFANA: sin destino evidente en la estructura nueva. Requiere decisión humana."
"/repuestos-maquinaria-pesada-colombia/categoria-repuestos-para-maquinaria-pesada/tren-de-rodaje","","301","migracion","baja","HUÉRFANA: sin destino evidente en la estructura nueva. Requiere decisión humana."
"/repuestos-maquinaria-pesada-colombia/categoria-repuestos-para-maquinaria-pesada/tren-de-rodaje/tren-de-rodaje-cf","","301","migracion","baja","HUÉRFANA: sin destino evidente en la estructura nueva. Requiere decisión humana."
"/repuestos-maquinaria-pesada-colombia/categoria-repuestos-para-maquinaria-pesada/tren-de-rodaje/tren-de-rodaje-itr","","301","migracion","baja","HUÉRFANA: sin destino evidente en la estructura nueva. Requiere decisión humana."
"/repuestos-maquinaria-pesada-colombia/repuestos-maquinaria-pesada-marcas","/repuestos-maquinaria-pesada-colombia/repuestos-maquinaria-pesada-marcas","301","migracion","alta","Ruta conservada idéntica en el sitio nuevo. NO necesita redirect (solo difiere la barra final)."
"/repuestos-maquinaria-pesada-colombia/repuestos-maquinaria-pesada-marcas/pes-parts-equipment-solutions","/repuestos-maquinaria-pesada-colombia/repuestos-maquinaria-pesada-marcas/pes-parts-equipment-solutions","301","migracion","alta","Ruta conservada idéntica en el sitio nuevo. NO necesita redirect (solo difiere la barra final)."
"/repuestos-maquinaria-pesada-colombia/repuestos-maquinaria-pesada-marcas/repuestos-para-maquinaria-pesada-ammann","/repuestos-maquinaria-pesada-colombia/repuestos-maquinaria-pesada-marcas/repuestos-para-maquinaria-pesada-ammann","301","migracion","alta","Ruta conservada idéntica en el sitio nuevo. NO necesita redirect (solo difiere la barra final)."
"/repuestos-maquinaria-pesada-colombia/repuestos-maquinaria-pesada-marcas/repuestos-para-maquinaria-pesada-ammann/repuestos-para-maquinaria-pesada-vibrocompactadora-ammann","/repuestos-maquinaria-pesada-colombia/repuestos-maquinaria-pesada-marcas/repuestos-para-maquinaria-pesada-ammann/repuestos-para-maquinaria-pesada-vibrocompactadora-ammann","301","migracion","alta","Ruta conservada idéntica en el sitio nuevo. NO necesita redirect (solo difiere la barra final)."
"/repuestos-maquinaria-pesada-colombia/repuestos-maquinaria-pesada-marcas/repuestos-para-maquinaria-pesada-bobcat","/repuestos-maquinaria-pesada-colombia/repuestos-maquinaria-pesada-marcas/repuestos-para-maquinaria-pesada-bobcat","301","migracion","alta","Ruta conservada idéntica en el sitio nuevo. NO necesita redirect (solo difiere la barra final)."
"/repuestos-maquinaria-pesada-colombia/repuestos-maquinaria-pesada-marcas/repuestos-para-maquinaria-pesada-bobcat/repuestos-para-maquinaria-pesada-miniexcavadora-bobcat","/repuestos-maquinaria-pesada-colombia/repuestos-maquinaria-pesada-marcas/repuestos-para-maquinaria-pesada-bobcat/repuestos-para-maquinaria-pesada-miniexcavadora-bobcat","301","migracion","alta","Ruta conservada idéntica en el sitio nuevo. NO necesita redirect (solo difiere la barra final)."
"/repuestos-maquinaria-pesada-colombia/repuestos-maquinaria-pesada-marcas/repuestos-para-maquinaria-pesada-bobcat/repuestos-para-maquinaria-pesada-miniexcavadora-bobcat/repuestos-minicargador-bobcat-331","/repuestos-maquinaria-pesada-colombia/repuestos-maquinaria-pesada-marcas/repuestos-para-maquinaria-pesada-bobcat/repuestos-para-maquinaria-pesada-miniexcavadora-bobcat/repuestos-minicargador-bobcat-331","301","migracion","alta","Ruta conservada idéntica en el sitio nuevo. NO necesita redirect (solo difiere la barra final)."
"/repuestos-maquinaria-pesada-colombia/repuestos-maquinaria-pesada-marcas/repuestos-para-maquinaria-pesada-bobcat/repuestos-para-maquinaria-pesada-miniexcavadora-bobcat/repuestos-minicargador-bobcat-418","/repuestos-maquinaria-pesada-colombia/repuestos-maquinaria-pesada-marcas/repuestos-para-maquinaria-pesada-bobcat/repuestos-para-maquinaria-pesada-miniexcavadora-bobcat/repuestos-minicargador-bobcat-418","301","migracion","alta","Ruta conservada idéntica en el sitio nuevo. NO necesita redirect (solo difiere la barra final)."
"/repuestos-maquinaria-pesada-colombia/repuestos-maquinaria-pesada-marcas/repuestos-para-maquinaria-pesada-bobcat/repuestos-para-maquinaria-pesada-miniexcavadora-bobcat/repuestos-minicargador-bobcat-e32","/repuestos-maquinaria-pesada-colombia/repuestos-maquinaria-pesada-marcas/repuestos-para-maquinaria-pesada-bobcat/repuestos-para-maquinaria-pesada-miniexcavadora-bobcat/repuestos-minicargador-bobcat-e32","301","migracion","alta","Ruta conservada idéntica en el sitio nuevo. NO necesita redirect (solo difiere la barra final)."
"/repuestos-maquinaria-pesada-colombia/repuestos-maquinaria-pesada-marcas/repuestos-para-maquinaria-pesada-bobcat/repuestos-para-maquinaria-pesada-miniexcavadora-bobcat/repuestos-minicargador-bobcat-e42","/repuestos-maquinaria-pesada-colombia/repuestos-maquinaria-pesada-marcas/repuestos-para-maquinaria-pesada-bobcat/repuestos-para-maquinaria-pesada-miniexcavadora-bobcat/repuestos-minicargador-bobcat-e42","301","migracion","alta","Ruta conservada idéntica en el sitio nuevo. NO necesita redirect (solo difiere la barra final)."
"/repuestos-maquinaria-pesada-colombia/repuestos-maquinaria-pesada-marcas/repuestos-para-maquinaria-pesada-bobcat/repuestos-para-maquinaria-pesada-miniexcavadora-bobcat/repuestos-minicargador-bobcat-e45","/repuestos-maquinaria-pesada-colombia/repuestos-maquinaria-pesada-marcas/repuestos-para-maquinaria-pesada-bobcat/repuestos-para-maquinaria-pesada-miniexcavadora-bobcat/repuestos-minicargador-bobcat-e45","301","migracion","alta","Ruta conservada idéntica en el sitio nuevo. NO necesita redirect (solo difiere la barra final)."
"/repuestos-maquinaria-pesada-colombia/repuestos-maquinaria-pesada-marcas/repuestos-para-maquinaria-pesada-bobcat/repuestos-para-maquinaria-pesada-miniexcavadora-bobcat/repuestos-miniexcavadora-bobcat-430","/repuestos-maquinaria-pesada-colombia/repuestos-maquinaria-pesada-marcas/repuestos-para-maquinaria-pesada-bobcat/repuestos-para-maquinaria-pesada-miniexcavadora-bobcat/repuestos-miniexcavadora-bobcat-430","301","migracion","alta","Ruta conservada idéntica en el sitio nuevo. NO necesita redirect (solo difiere la barra final)."
"/repuestos-maquinaria-pesada-colombia/repuestos-maquinaria-pesada-marcas/repuestos-para-maquinaria-pesada-case-construction","/repuestos-maquinaria-pesada-colombia/repuestos-maquinaria-pesada-marcas/repuestos-para-maquinaria-pesada-case-construction","301","migracion","alta","Ruta conservada idéntica en el sitio nuevo. NO necesita redirect (solo difiere la barra final)."
"/repuestos-maquinaria-pesada-colombia/repuestos-maquinaria-pesada-marcas/repuestos-para-maquinaria-pesada-case-construction/repuestos-para-maquinaria-pesada-bulldozer-case-construction","/repuestos-maquinaria-pesada-colombia/repuestos-maquinaria-pesada-marcas/repuestos-para-maquinaria-pesada-case-construction/repuestos-para-maquinaria-pesada-bulldozer-case-construction","301","migracion","alta","Ruta conservada idéntica en el sitio nuevo. NO necesita redirect (solo difiere la barra final)."
"/repuestos-maquinaria-pesada-colombia/repuestos-maquinaria-pesada-marcas/repuestos-para-maquinaria-pesada-case-construction/repuestos-para-maquinaria-pesada-bulldozer-case-construction/repuestos-bulldozer-case-construction-1150k","/repuestos-maquinaria-pesada-colombia/repuestos-maquinaria-pesada-marcas/repuestos-para-maquinaria-pesada-case-construction/repuestos-para-maquinaria-pesada-bulldozer-case-construction/repuestos-bulldozer-case-construction-1150k","301","migracion","alta","Ruta conservada idéntica en el sitio nuevo. NO necesita redirect (solo difiere la barra final)."
"/repuestos-maquinaria-pesada-colombia/repuestos-maquinaria-pesada-marcas/repuestos-para-maquinaria-pesada-case-construction/repuestos-para-maquinaria-pesada-bulldozer-case-construction/repuestos-bulldozer-case-construction-1150m","/repuestos-maquinaria-pesada-colombia/repuestos-maquinaria-pesada-marcas/repuestos-para-maquinaria-pesada-case-construction/repuestos-para-maquinaria-pesada-bulldozer-case-construction/repuestos-bulldozer-case-construction-1150m","301","migracion","alta","Ruta conservada idéntica en el sitio nuevo. NO necesita redirect (solo difiere la barra final)."
"/repuestos-maquinaria-pesada-colombia/repuestos-maquinaria-pesada-marcas/repuestos-para-maquinaria-pesada-case-construction/repuestos-para-maquinaria-pesada-bulldozer-case-construction/repuestos-bulldozer-case-construction-1650m","/repuestos-maquinaria-pesada-colombia/repuestos-maquinaria-pesada-marcas/repuestos-para-maquinaria-pesada-case-construction/repuestos-para-maquinaria-pesada-bulldozer-case-construction/repuestos-bulldozer-case-construction-1650m","301","migracion","alta","Ruta conservada idéntica en el sitio nuevo. NO necesita redirect (solo difiere la barra final)."
"/repuestos-maquinaria-pesada-colombia/repuestos-maquinaria-pesada-marcas/repuestos-para-maquinaria-pesada-case-construction/repuestos-para-maquinaria-pesada-bulldozer-case-construction/repuestos-bulldozer-case-construction-2050m","/repuestos-maquinaria-pesada-colombia/repuestos-maquinaria-pesada-marcas/repuestos-para-maquinaria-pesada-case-construction/repuestos-para-maquinaria-pesada-bulldozer-case-construction/repuestos-bulldozer-case-construction-2050m","301","migracion","alta","Ruta conservada idéntica en el sitio nuevo. NO necesita redirect (solo difiere la barra final)."
"/repuestos-maquinaria-pesada-colombia/repuestos-maquinaria-pesada-marcas/repuestos-para-maquinaria-pesada-case-construction/repuestos-para-maquinaria-pesada-bulldozer-case-construction/repuestos-bulldozer-case-construction-650l","/repuestos-maquinaria-pesada-colombia/repuestos-maquinaria-pesada-marcas/repuestos-para-maquinaria-pesada-case-construction/repuestos-para-maquinaria-pesada-bulldozer-case-construction/repuestos-bulldozer-case-construction-650l","301","migracion","alta","Ruta conservada idéntica en el sitio nuevo. NO necesita redirect (solo difiere la barra final)."
"/repuestos-maquinaria-pesada-colombia/repuestos-maquinaria-pesada-marcas/repuestos-para-maquinaria-pesada-case-construction/repuestos-para-maquinaria-pesada-cargador-frontal-case-construction","/repuestos-maquinaria-pesada-colombia/repuestos-maquinaria-pesada-marcas/repuestos-para-maquinaria-pesada-case-construction/repuestos-para-maquinaria-pesada-cargador-frontal-case-construction","301","migracion","alta","Ruta conservada idéntica en el sitio nuevo. NO necesita redirect (solo difiere la barra final)."
"/repuestos-maquinaria-pesada-colombia/repuestos-maquinaria-pesada-marcas/repuestos-para-maquinaria-pesada-case-construction/repuestos-para-maquinaria-pesada-cargador-frontal-case-construction/repuestos-bulldozer-case-construction-650l-copy","/repuestos-maquinaria-pesada-colombia/repuestos-maquinaria-pesada-marcas/repuestos-para-maquinaria-pesada-case-construction/repuestos-para-maquinaria-pesada-bulldozer-case-construction/repuestos-bulldozer-case-construction-650l","301","migracion","media","Duplicado '-copy' (borrador publicado por error, ADR 0004): no se migra. Su gemelo canónico existe y es único en el rastreo, así que el destino es demostrable."
"/repuestos-maquinaria-pesada-colombia/repuestos-maquinaria-pesada-marcas/repuestos-para-maquinaria-pesada-case-construction/repuestos-para-maquinaria-pesada-cargador-frontal-case-construction/repuestos-cargador-frontal-case-construction-621e","/repuestos-maquinaria-pesada-colombia/repuestos-maquinaria-pesada-marcas/repuestos-para-maquinaria-pesada-case-construction/repuestos-para-maquinaria-pesada-cargador-frontal-case-construction/repuestos-cargador-frontal-case-construction-621e","301","migracion","alta","Ruta conservada idéntica en el sitio nuevo. NO necesita redirect (solo difiere la barra final)."
"/repuestos-maquinaria-pesada-colombia/repuestos-maquinaria-pesada-marcas/repuestos-para-maquinaria-pesada-case-construction/repuestos-para-maquinaria-pesada-cargador-frontal-case-construction/repuestos-cargador-frontal-case-construction-621f","/repuestos-maquinaria-pesada-colombia/repuestos-maquinaria-pesada-marcas/repuestos-para-maquinaria-pesada-case-construction/repuestos-para-maquinaria-pesada-cargador-frontal-case-construction/repuestos-cargador-frontal-case-construction-621f","301","migracion","alta","Ruta conservada idéntica en el sitio nuevo. NO necesita redirect (solo difiere la barra final)."
"/repuestos-maquinaria-pesada-colombia/repuestos-maquinaria-pesada-marcas/repuestos-para-maquinaria-pesada-case-construction/repuestos-para-maquinaria-pesada-cargador-frontal-case-construction/repuestos-cargador-frontal-case-construction-621g","/repuestos-maquinaria-pesada-colombia/repuestos-maquinaria-pesada-marcas/repuestos-para-maquinaria-pesada-case-construction/repuestos-para-maquinaria-pesada-cargador-frontal-case-construction/repuestos-cargador-frontal-case-construction-621g","301","migracion","alta","Ruta conservada idéntica en el sitio nuevo. NO necesita redirect (solo difiere la barra final)."
"/repuestos-maquinaria-pesada-colombia/repuestos-maquinaria-pesada-marcas/repuestos-para-maquinaria-pesada-case-construction/repuestos-para-maquinaria-pesada-cargador-frontal-case-construction/repuestos-cargador-frontal-case-construction-721e","/repuestos-maquinaria-pesada-colombia/repuestos-maquinaria-pesada-marcas/repuestos-para-maquinaria-pesada-case-construction/repuestos-para-maquinaria-pesada-cargador-frontal-case-construction/repuestos-cargador-frontal-case-construction-721e","301","migracion","alta","Ruta conservada idéntica en el sitio nuevo. NO necesita redirect (solo difiere la barra final)."
"/repuestos-maquinaria-pesada-colombia/repuestos-maquinaria-pesada-marcas/repuestos-para-maquinaria-pesada-case-construction/repuestos-para-maquinaria-pesada-cargador-frontal-case-construction/repuestos-cargador-frontal-case-construction-721f","/repuestos-maquinaria-pesada-colombia/repuestos-maquinaria-pesada-marcas/repuestos-para-maquinaria-pesada-case-construction/repuestos-para-maquinaria-pesada-cargador-frontal-case-construction/repuestos-cargador-frontal-case-construction-721f","301","migracion","alta","Ruta conservada idéntica en el sitio nuevo. NO necesita redirect (solo difiere la barra final)."
"/repuestos-maquinaria-pesada-colombia/repuestos-maquinaria-pesada-marcas/repuestos-para-maquinaria-pesada-case-construction/repuestos-para-maquinaria-pesada-cargador-frontal-case-construction/repuestos-cargador-frontal-case-construction-721g","/repuestos-maquinaria-pesada-colombia/repuestos-maquinaria-pesada-marcas/repuestos-para-maquinaria-pesada-case-construction/repuestos-para-maquinaria-pesada-cargador-frontal-case-construction/repuestos-cargador-frontal-case-construction-721g","301","migracion","alta","Ruta conservada idéntica en el sitio nuevo. NO necesita redirect (solo difiere la barra final)."
"/repuestos-maquinaria-pesada-colombia/repuestos-maquinaria-pesada-marcas/repuestos-para-maquinaria-pesada-case-construction/repuestos-para-maquinaria-pesada-cargador-frontal-case-construction/repuestos-cargador-frontal-case-construction-821e","/repuestos-maquinaria-pesada-colombia/repuestos-maquinaria-pesada-marcas/repuestos-para-maquinaria-pesada-case-construction/repuestos-para-maquinaria-pesada-cargador-frontal-case-construction/repuestos-cargador-frontal-case-construction-821e","301","migracion","alta","Ruta conservada idéntica en el sitio nuevo. NO necesita redirect (solo difiere la barra final)."
"/repuestos-maquinaria-pesada-colombia/repuestos-maquinaria-pesada-marcas/repuestos-para-maquinaria-pesada-case-construction/repuestos-para-maquinaria-pesada-cargador-frontal-case-construction/repuestos-cargador-frontal-case-construction-821f","/repuestos-maquinaria-pesada-colombia/repuestos-maquinaria-pesada-marcas/repuestos-para-maquinaria-pesada-case-construction/repuestos-para-maquinaria-pesada-cargador-frontal-case-construction/repuestos-cargador-frontal-case-construction-821f","301","migracion","alta","Ruta conservada idéntica en el sitio nuevo. NO necesita redirect (solo difiere la barra final)."
"/repuestos-maquinaria-pesada-colombia/repuestos-maquinaria-pesada-marcas/repuestos-para-maquinaria-pesada-case-construction/repuestos-para-maquinaria-pesada-cargador-frontal-case-construction/repuestos-cargador-frontal-case-construction-821g","/repuestos-maquinaria-pesada-colombia/repuestos-maquinaria-pesada-marcas/repuestos-para-maquinaria-pesada-case-construction/repuestos-para-maquinaria-pesada-cargador-frontal-case-construction/repuestos-cargador-frontal-case-construction-821g","301","migracion","alta","Ruta conservada idéntica en el sitio nuevo. NO necesita redirect (solo difiere la barra final)."
"/repuestos-maquinaria-pesada-colombia/repuestos-maquinaria-pesada-marcas/repuestos-para-maquinaria-pesada-case-construction/repuestos-para-maquinaria-pesada-cargador-frontal-case-construction/repuestos-cargador-frontal-case-construction-w20e","/repuestos-maquinaria-pesada-colombia/repuestos-maquinaria-pesada-marcas/repuestos-para-maquinaria-pesada-case-construction/repuestos-para-maquinaria-pesada-cargador-frontal-case-construction/repuestos-cargador-frontal-case-construction-w20e","301","migracion","alta","Ruta conservada idéntica en el sitio nuevo. NO necesita redirect (solo difiere la barra final)."
"/repuestos-maquinaria-pesada-colombia/repuestos-maquinaria-pesada-marcas/repuestos-para-maquinaria-pesada-case-construction/repuestos-para-maquinaria-pesada-cargador-frontal-case-construction/repuestos-para-maquinaria-pesada-excavadora-case-construction","/repuestos-maquinaria-pesada-colombia/repuestos-maquinaria-pesada-marcas/repuestos-para-maquinaria-pesada-case-construction/repuestos-para-maquinaria-pesada-cargador-frontal-case-construction/repuestos-para-maquinaria-pesada-excavadora-case-construction","301","migracion","alta","Ruta conservada idéntica en el sitio nuevo. NO necesita redirect (solo difiere la barra final)."
"/repuestos-maquinaria-pesada-colombia/repuestos-maquinaria-pesada-marcas/repuestos-para-maquinaria-pesada-case-construction/repuestos-para-maquinaria-pesada-cargador-frontal-case-construction/repuestos-para-maquinaria-pesada-excavadora-case-construction/repuestos-excavadora-case-construction-cx210b","","301","migracion","baja","HUÉRFANA: sin destino evidente en la estructura nueva. Requiere decisión humana."
"/repuestos-maquinaria-pesada-colombia/repuestos-maquinaria-pesada-marcas/repuestos-para-maquinaria-pesada-case-construction/repuestos-para-maquinaria-pesada-cargador-frontal-case-construction/repuestos-para-maquinaria-pesada-excavadora-case-construction/repuestos-excavadora-case-construction-cx220c","","301","migracion","baja","HUÉRFANA: sin destino evidente en la estructura nueva. Requiere decisión humana."
"/repuestos-maquinaria-pesada-colombia/repuestos-maquinaria-pesada-marcas/repuestos-para-maquinaria-pesada-case-construction/repuestos-para-maquinaria-pesada-cargador-frontal-case-construction/repuestos-para-maquinaria-pesada-excavadora-case-construction/repuestos-excavadora-case-construction-cx350b","","301","migracion","baja","HUÉRFANA: sin destino evidente en la estructura nueva. Requiere decisión humana."
"/repuestos-maquinaria-pesada-colombia/repuestos-maquinaria-pesada-marcas/repuestos-para-maquinaria-pesada-case-construction/repuestos-para-maquinaria-pesada-cargador-frontal-case-construction/repuestos-para-maquinaria-pesada-excavadora-case-construction/repuestos-excavadora-case-construction-cx350c","","301","migracion","baja","HUÉRFANA: sin destino evidente en la estructura nueva. Requiere decisión humana."
"/repuestos-maquinaria-pesada-colombia/repuestos-maquinaria-pesada-marcas/repuestos-para-maquinaria-pesada-case-construction/repuestos-para-maquinaria-pesada-minicargador-case-construction","/repuestos-maquinaria-pesada-colombia/repuestos-maquinaria-pesada-marcas/repuestos-para-maquinaria-pesada-case-construction/repuestos-para-maquinaria-pesada-minicargador-case-construction","301","migracion","alta","Ruta conservada idéntica en el sitio nuevo. NO necesita redirect (solo difiere la barra final)."
"/repuestos-maquinaria-pesada-colombia/repuestos-maquinaria-pesada-marcas/repuestos-para-maquinaria-pesada-case-construction/repuestos-para-maquinaria-pesada-minicargador-case-construction/repuestos-minicargador-case-construction-sr175","/repuestos-maquinaria-pesada-colombia/repuestos-maquinaria-pesada-marcas/repuestos-para-maquinaria-pesada-case-construction/repuestos-para-maquinaria-pesada-minicargador-case-construction/repuestos-minicargador-case-construction-sr175","301","migracion","alta","Ruta conservada idéntica en el sitio nuevo. NO necesita redirect (solo difiere la barra final)."
"/repuestos-maquinaria-pesada-colombia/repuestos-maquinaria-pesada-marcas/repuestos-para-maquinaria-pesada-case-construction/repuestos-para-maquinaria-pesada-minicargador-case-construction/repuestos-minicargador-case-construction-sr200","/repuestos-maquinaria-pesada-colombia/repuestos-maquinaria-pesada-marcas/repuestos-para-maquinaria-pesada-case-construction/repuestos-para-maquinaria-pesada-minicargador-case-construction/repuestos-minicargador-case-construction-sr200","301","migracion","alta","Ruta conservada idéntica en el sitio nuevo. NO necesita redirect (solo difiere la barra final)."
"/repuestos-maquinaria-pesada-colombia/repuestos-maquinaria-pesada-marcas/repuestos-para-maquinaria-pesada-case-construction/repuestos-para-maquinaria-pesada-minicargador-case-construction/repuestos-minicargador-case-construction-sr200b","/repuestos-maquinaria-pesada-colombia/repuestos-maquinaria-pesada-marcas/repuestos-para-maquinaria-pesada-case-construction/repuestos-para-maquinaria-pesada-minicargador-case-construction/repuestos-minicargador-case-construction-sr200b","301","migracion","alta","Ruta conservada idéntica en el sitio nuevo. NO necesita redirect (solo difiere la barra final)."
"/repuestos-maquinaria-pesada-colombia/repuestos-maquinaria-pesada-marcas/repuestos-para-maquinaria-pesada-case-construction/repuestos-para-maquinaria-pesada-minicargador-case-construction/repuestos-minicargador-case-construction-sr220","/repuestos-maquinaria-pesada-colombia/repuestos-maquinaria-pesada-marcas/repuestos-para-maquinaria-pesada-case-construction/repuestos-para-maquinaria-pesada-minicargador-case-construction/repuestos-minicargador-case-construction-sr220","301","migracion","alta","Ruta conservada idéntica en el sitio nuevo. NO necesita redirect (solo difiere la barra final)."
"/repuestos-maquinaria-pesada-colombia/repuestos-maquinaria-pesada-marcas/repuestos-para-maquinaria-pesada-case-construction/repuestos-para-maquinaria-pesada-minicargador-case-construction/repuestos-minicargador-case-construction-sr250","/repuestos-maquinaria-pesada-colombia/repuestos-maquinaria-pesada-marcas/repuestos-para-maquinaria-pesada-case-construction/repuestos-para-maquinaria-pesada-minicargador-case-construction/repuestos-minicargador-case-construction-sr250","301","migracion","alta","Ruta conservada idéntica en el sitio nuevo. NO necesita redirect (solo difiere la barra final)."
"/repuestos-maquinaria-pesada-colombia/repuestos-maquinaria-pesada-marcas/repuestos-para-maquinaria-pesada-case-construction/repuestos-para-maquinaria-pesada-motoniveladora-case-construction","/repuestos-maquinaria-pesada-colombia/repuestos-maquinaria-pesada-marcas/repuestos-para-maquinaria-pesada-case-construction/repuestos-para-maquinaria-pesada-motoniveladora-case-construction","301","migracion","alta","Ruta conservada idéntica en el sitio nuevo. NO necesita redirect (solo difiere la barra final)."
"/repuestos-maquinaria-pesada-colombia/repuestos-maquinaria-pesada-marcas/repuestos-para-maquinaria-pesada-case-construction/repuestos-para-maquinaria-pesada-motoniveladora-case-construction/repuestos-motoniveladora-case-construction-845","/repuestos-maquinaria-pesada-colombia/repuestos-maquinaria-pesada-marcas/repuestos-para-maquinaria-pesada-case-construction/repuestos-para-maquinaria-pesada-motoniveladora-case-construction/repuestos-motoniveladora-case-construction-845","301","migracion","alta","Ruta conservada idéntica en el sitio nuevo. NO necesita redirect (solo difiere la barra final)."
"/repuestos-maquinaria-pesada-colombia/repuestos-maquinaria-pesada-marcas/repuestos-para-maquinaria-pesada-case-construction/repuestos-para-maquinaria-pesada-motoniveladora-case-construction/repuestos-motoniveladora-case-construction-845b","/repuestos-maquinaria-pesada-colombia/repuestos-maquinaria-pesada-marcas/repuestos-para-maquinaria-pesada-case-construction/repuestos-para-maquinaria-pesada-motoniveladora-case-construction/repuestos-motoniveladora-case-construction-845b","301","migracion","alta","Ruta conservada idéntica en el sitio nuevo. NO necesita redirect (solo difiere la barra final)."
"/repuestos-maquinaria-pesada-colombia/repuestos-maquinaria-pesada-marcas/repuestos-para-maquinaria-pesada-case-construction/repuestos-para-maquinaria-pesada-motoniveladora-case-construction/repuestos-motoniveladora-case-construction-865","/repuestos-maquinaria-pesada-colombia/repuestos-maquinaria-pesada-marcas/repuestos-para-maquinaria-pesada-case-construction/repuestos-para-maquinaria-pesada-motoniveladora-case-construction/repuestos-motoniveladora-case-construction-865","301","migracion","alta","Ruta conservada idéntica en el sitio nuevo. NO necesita redirect (solo difiere la barra final)."
"/repuestos-maquinaria-pesada-colombia/repuestos-maquinaria-pesada-marcas/repuestos-para-maquinaria-pesada-case-construction/repuestos-para-maquinaria-pesada-motoniveladora-case-construction/repuestos-motoniveladora-case-construction-865b","/repuestos-maquinaria-pesada-colombia/repuestos-maquinaria-pesada-marcas/repuestos-para-maquinaria-pesada-case-construction/repuestos-para-maquinaria-pesada-motoniveladora-case-construction/repuestos-motoniveladora-case-construction-865b","301","migracion","alta","Ruta conservada idéntica en el sitio nuevo. NO necesita redirect (solo difiere la barra final)."
"/repuestos-maquinaria-pesada-colombia/repuestos-maquinaria-pesada-marcas/repuestos-para-maquinaria-pesada-case-construction/repuestos-para-maquinaria-pesada-retrocargadora-case-construction","/repuestos-maquinaria-pesada-colombia/repuestos-maquinaria-pesada-marcas/repuestos-para-maquinaria-pesada-case-construction/repuestos-para-maquinaria-pesada-retrocargadora-case-construction","301","migracion","alta","Ruta conservada idéntica en el sitio nuevo. NO necesita redirect (solo difiere la barra final)."
"/repuestos-maquinaria-pesada-colombia/repuestos-maquinaria-pesada-marcas/repuestos-para-maquinaria-pesada-case-construction/repuestos-para-maquinaria-pesada-retrocargadora-case-construction/repuestos-retrocargadora-case-construction-570st","/repuestos-maquinaria-pesada-colombia/repuestos-maquinaria-pesada-marcas/repuestos-para-maquinaria-pesada-case-construction/repuestos-para-maquinaria-pesada-retrocargadora-case-construction/repuestos-retrocargadora-case-construction-570st","301","migracion","alta","Ruta conservada idéntica en el sitio nuevo. NO necesita redirect (solo difiere la barra final)."
"/repuestos-maquinaria-pesada-colombia/repuestos-maquinaria-pesada-marcas/repuestos-para-maquinaria-pesada-case-construction/repuestos-para-maquinaria-pesada-retrocargadora-case-construction/repuestos-retrocargadora-case-construction-575sv","/repuestos-maquinaria-pesada-colombia/repuestos-maquinaria-pesada-marcas/repuestos-para-maquinaria-pesada-case-construction/repuestos-para-maquinaria-pesada-retrocargadora-case-construction/repuestos-retrocargadora-case-construction-575sv","301","migracion","alta","Ruta conservada idéntica en el sitio nuevo. NO necesita redirect (solo difiere la barra final)."
"/repuestos-maquinaria-pesada-colombia/repuestos-maquinaria-pesada-marcas/repuestos-para-maquinaria-pesada-case-construction/repuestos-para-maquinaria-pesada-retrocargadora-case-construction/repuestos-retrocargadora-case-construction-580l","/repuestos-maquinaria-pesada-colombia/repuestos-maquinaria-pesada-marcas/repuestos-para-maquinaria-pesada-case-construction/repuestos-para-maquinaria-pesada-retrocargadora-case-construction/repuestos-retrocargadora-case-construction-580l","301","migracion","alta","Ruta conservada idéntica en el sitio nuevo. NO necesita redirect (solo difiere la barra final)."
"/repuestos-maquinaria-pesada-colombia/repuestos-maquinaria-pesada-marcas/repuestos-para-maquinaria-pesada-case-construction/repuestos-para-maquinaria-pesada-retrocargadora-case-construction/repuestos-retrocargadora-case-construction-580m","/repuestos-maquinaria-pesada-colombia/repuestos-maquinaria-pesada-marcas/repuestos-para-maquinaria-pesada-case-construction/repuestos-para-maquinaria-pesada-retrocargadora-case-construction/repuestos-retrocargadora-case-construction-580m","301","migracion","alta","Ruta conservada idéntica en el sitio nuevo. NO necesita redirect (solo difiere la barra final)."
"/repuestos-maquinaria-pesada-colombia/repuestos-maquinaria-pesada-marcas/repuestos-para-maquinaria-pesada-case-construction/repuestos-para-maquinaria-pesada-retrocargadora-case-construction/repuestos-retrocargadora-case-construction-580n","/repuestos-maquinaria-pesada-colombia/repuestos-maquinaria-pesada-marcas/repuestos-para-maquinaria-pesada-case-construction/repuestos-para-maquinaria-pesada-retrocargadora-case-construction/repuestos-retrocargadora-case-construction-580n","301","migracion","alta","Ruta conservada idéntica en el sitio nuevo. NO necesita redirect (solo difiere la barra final)."
"/repuestos-maquinaria-pesada-colombia/repuestos-maquinaria-pesada-marcas/repuestos-para-maquinaria-pesada-case-construction/repuestos-para-maquinaria-pesada-retrocargadora-case-construction/repuestos-retrocargadora-case-construction-580sl","/repuestos-maquinaria-pesada-colombia/repuestos-maquinaria-pesada-marcas/repuestos-para-maquinaria-pesada-case-construction/repuestos-para-maquinaria-pesada-retrocargadora-case-construction/repuestos-retrocargadora-case-construction-580sl","301","migracion","alta","Ruta conservada idéntica en el sitio nuevo. NO necesita redirect (solo difiere la barra final)."
"/repuestos-maquinaria-pesada-colombia/repuestos-maquinaria-pesada-marcas/repuestos-para-maquinaria-pesada-case-construction/repuestos-para-maquinaria-pesada-retrocargadora-case-construction/repuestos-retrocargadora-case-construction-580sm","/repuestos-maquinaria-pesada-colombia/repuestos-maquinaria-pesada-marcas/repuestos-para-maquinaria-pesada-case-construction/repuestos-para-maquinaria-pesada-retrocargadora-case-construction/repuestos-retrocargadora-case-construction-580sm","301","migracion","alta","Ruta conservada idéntica en el sitio nuevo. NO necesita redirect (solo difiere la barra final)."
"/repuestos-maquinaria-pesada-colombia/repuestos-maquinaria-pesada-marcas/repuestos-para-maquinaria-pesada-case-construction/repuestos-para-maquinaria-pesada-retrocargadora-case-construction/repuestos-retrocargadora-case-construction-580sn","/repuestos-maquinaria-pesada-colombia/repuestos-maquinaria-pesada-marcas/repuestos-para-maquinaria-pesada-case-construction/repuestos-para-maquinaria-pesada-retrocargadora-case-construction/repuestos-retrocargadora-case-construction-580sn","301","migracion","alta","Ruta conservada idéntica en el sitio nuevo. NO necesita redirect (solo difiere la barra final)."
"/repuestos-maquinaria-pesada-colombia/repuestos-maquinaria-pesada-marcas/repuestos-para-maquinaria-pesada-case-construction/repuestos-para-maquinaria-pesada-retrocargadora-case-construction/repuestos-retrocargadora-case-construction-590sm","/repuestos-maquinaria-pesada-colombia/repuestos-maquinaria-pesada-marcas/repuestos-para-maquinaria-pesada-case-construction/repuestos-para-maquinaria-pesada-retrocargadora-case-construction/repuestos-retrocargadora-case-construction-590sm","301","migracion","alta","Ruta conservada idéntica en el sitio nuevo. NO necesita redirect (solo difiere la barra final)."
"/repuestos-maquinaria-pesada-colombia/repuestos-maquinaria-pesada-marcas/repuestos-para-maquinaria-pesada-case-construction/repuestos-para-maquinaria-pesada-retrocargadora-case-construction/repuestos-retrocargadora-case-construction-590sn","/repuestos-maquinaria-pesada-colombia/repuestos-maquinaria-pesada-marcas/repuestos-para-maquinaria-pesada-case-construction/repuestos-para-maquinaria-pesada-retrocargadora-case-construction/repuestos-retrocargadora-case-construction-590sn","301","migracion","alta","Ruta conservada idéntica en el sitio nuevo. NO necesita redirect (solo difiere la barra final)."
"/repuestos-maquinaria-pesada-colombia/repuestos-maquinaria-pesada-marcas/repuestos-para-maquinaria-pesada-caterpillar","/repuestos-maquinaria-pesada-colombia/repuestos-maquinaria-pesada-marcas/repuestos-para-maquinaria-pesada-caterpillar","301","migracion","alta","Ruta conservada idéntica en el sitio nuevo. NO necesita redirect (solo difiere la barra final)."
"/repuestos-maquinaria-pesada-colombia/repuestos-maquinaria-pesada-marcas/repuestos-para-maquinaria-pesada-caterpillar/repuestos-para-maquinaria-pesada-buldozer-caterpillar","/repuestos-maquinaria-pesada-colombia/repuestos-maquinaria-pesada-marcas/repuestos-para-maquinaria-pesada-caterpillar/repuestos-para-maquinaria-pesada-buldozer-caterpillar","301","migracion","alta","Ruta conservada idéntica en el sitio nuevo. NO necesita redirect (solo difiere la barra final)."
"/repuestos-maquinaria-pesada-colombia/repuestos-maquinaria-pesada-marcas/repuestos-para-maquinaria-pesada-caterpillar/repuestos-para-maquinaria-pesada-buldozer-caterpillar/repuestos-bulldozer-caterpillar-d3","/repuestos-maquinaria-pesada-colombia/repuestos-maquinaria-pesada-marcas/repuestos-para-maquinaria-pesada-caterpillar/repuestos-para-maquinaria-pesada-buldozer-caterpillar/repuestos-bulldozer-caterpillar-d3","301","migracion","alta","Ruta conservada idéntica en el sitio nuevo. NO necesita redirect (solo difiere la barra final)."
"/repuestos-maquinaria-pesada-colombia/repuestos-maquinaria-pesada-marcas/repuestos-para-maquinaria-pesada-caterpillar/repuestos-para-maquinaria-pesada-buldozer-caterpillar/repuestos-bulldozer-caterpillar-d3b","/repuestos-maquinaria-pesada-colombia/repuestos-maquinaria-pesada-marcas/repuestos-para-maquinaria-pesada-caterpillar/repuestos-para-maquinaria-pesada-buldozer-caterpillar/repuestos-bulldozer-caterpillar-d3b","301","migracion","alta","Ruta conservada idéntica en el sitio nuevo. NO necesita redirect (solo difiere la barra final)."
"/repuestos-maquinaria-pesada-colombia/repuestos-maquinaria-pesada-marcas/repuestos-para-maquinaria-pesada-caterpillar/repuestos-para-maquinaria-pesada-buldozer-caterpillar/repuestos-bulldozer-caterpillar-d3c","/repuestos-maquinaria-pesada-colombia/repuestos-maquinaria-pesada-marcas/repuestos-para-maquinaria-pesada-caterpillar/repuestos-para-maquinaria-pesada-buldozer-caterpillar/repuestos-bulldozer-caterpillar-d3c","301","migracion","alta","Ruta conservada idéntica en el sitio nuevo. NO necesita redirect (solo difiere la barra final)."
"/repuestos-maquinaria-pesada-colombia/repuestos-maquinaria-pesada-marcas/repuestos-para-maquinaria-pesada-caterpillar/repuestos-para-maquinaria-pesada-buldozer-caterpillar/repuestos-bulldozer-caterpillar-d3g","/repuestos-maquinaria-pesada-colombia/repuestos-maquinaria-pesada-marcas/repuestos-para-maquinaria-pesada-caterpillar/repuestos-para-maquinaria-pesada-buldozer-caterpillar/repuestos-bulldozer-caterpillar-d3g","301","migracion","alta","Ruta conservada idéntica en el sitio nuevo. NO necesita redirect (solo difiere la barra final)."
"/repuestos-maquinaria-pesada-colombia/repuestos-maquinaria-pesada-marcas/repuestos-para-maquinaria-pesada-caterpillar/repuestos-para-maquinaria-pesada-buldozer-caterpillar/repuestos-bulldozer-caterpillar-d3k","/repuestos-maquinaria-pesada-colombia/repuestos-maquinaria-pesada-marcas/repuestos-para-maquinaria-pesada-caterpillar/repuestos-para-maquinaria-pesada-buldozer-caterpillar/repuestos-bulldozer-caterpillar-d3k","301","migracion","alta","Ruta conservada idéntica en el sitio nuevo. NO necesita redirect (solo difiere la barra final)."
"/repuestos-maquinaria-pesada-colombia/repuestos-maquinaria-pesada-marcas/repuestos-para-maquinaria-pesada-caterpillar/repuestos-para-maquinaria-pesada-buldozer-caterpillar/repuestos-bulldozer-caterpillar-d3k2","/repuestos-maquinaria-pesada-colombia/repuestos-maquinaria-pesada-marcas/repuestos-para-maquinaria-pesada-caterpillar/repuestos-para-maquinaria-pesada-buldozer-caterpillar/repuestos-bulldozer-caterpillar-d3k2","301","migracion","alta","Ruta conservada idéntica en el sitio nuevo. NO necesita redirect (solo difiere la barra final)."
"/repuestos-maquinaria-pesada-colombia/repuestos-maquinaria-pesada-marcas/repuestos-para-maquinaria-pesada-caterpillar/repuestos-para-maquinaria-pesada-buldozer-caterpillar/repuestos-bulldozer-caterpillar-d4c","/repuestos-maquinaria-pesada-colombia/repuestos-maquinaria-pesada-marcas/repuestos-para-maquinaria-pesada-caterpillar/repuestos-para-maquinaria-pesada-buldozer-caterpillar/repuestos-bulldozer-caterpillar-d4c","301","migracion","alta","Ruta conservada idéntica en el sitio nuevo. NO necesita redirect (solo difiere la barra final)."
"/repuestos-maquinaria-pesada-colombia/repuestos-maquinaria-pesada-marcas/repuestos-para-maquinaria-pesada-caterpillar/repuestos-para-maquinaria-pesada-buldozer-caterpillar/repuestos-bulldozer-caterpillar-d4d","/repuestos-maquinaria-pesada-colombia/repuestos-maquinaria-pesada-marcas/repuestos-para-maquinaria-pesada-caterpillar/repuestos-para-maquinaria-pesada-buldozer-caterpillar/repuestos-bulldozer-caterpillar-d4d","301","migracion","alta","Ruta conservada idéntica en el sitio nuevo. NO necesita redirect (solo difiere la barra final)."
"/repuestos-maquinaria-pesada-colombia/repuestos-maquinaria-pesada-marcas/repuestos-para-maquinaria-pesada-caterpillar/repuestos-para-maquinaria-pesada-buldozer-caterpillar/repuestos-bulldozer-caterpillar-d4e","/repuestos-maquinaria-pesada-colombia/repuestos-maquinaria-pesada-marcas/repuestos-para-maquinaria-pesada-caterpillar/repuestos-para-maquinaria-pesada-buldozer-caterpillar/repuestos-bulldozer-caterpillar-d4e","301","migracion","alta","Ruta conservada idéntica en el sitio nuevo. NO necesita redirect (solo difiere la barra final)."
"/repuestos-maquinaria-pesada-colombia/repuestos-maquinaria-pesada-marcas/repuestos-para-maquinaria-pesada-caterpillar/repuestos-para-maquinaria-pesada-buldozer-caterpillar/repuestos-bulldozer-caterpillar-d4g","/repuestos-maquinaria-pesada-colombia/repuestos-maquinaria-pesada-marcas/repuestos-para-maquinaria-pesada-caterpillar/repuestos-para-maquinaria-pesada-buldozer-caterpillar/repuestos-bulldozer-caterpillar-d4g","301","migracion","alta","Ruta conservada idéntica en el sitio nuevo. NO necesita redirect (solo difiere la barra final)."
"/repuestos-maquinaria-pesada-colombia/repuestos-maquinaria-pesada-marcas/repuestos-para-maquinaria-pesada-caterpillar/repuestos-para-maquinaria-pesada-buldozer-caterpillar/repuestos-bulldozer-caterpillar-d4h","/repuestos-maquinaria-pesada-colombia/repuestos-maquinaria-pesada-marcas/repuestos-para-maquinaria-pesada-caterpillar/repuestos-para-maquinaria-pesada-buldozer-caterpillar/repuestos-bulldozer-caterpillar-d4h","301","migracion","alta","Ruta conservada idéntica en el sitio nuevo. NO necesita redirect (solo difiere la barra final)."
"/repuestos-maquinaria-pesada-colombia/repuestos-maquinaria-pesada-marcas/repuestos-para-maquinaria-pesada-caterpillar/repuestos-para-maquinaria-pesada-buldozer-caterpillar/repuestos-bulldozer-caterpillar-d4k","/repuestos-maquinaria-pesada-colombia/repuestos-maquinaria-pesada-marcas/repuestos-para-maquinaria-pesada-caterpillar/repuestos-para-maquinaria-pesada-buldozer-caterpillar/repuestos-bulldozer-caterpillar-d4k","301","migracion","alta","Ruta conservada idéntica en el sitio nuevo. NO necesita redirect (solo difiere la barra final)."
"/repuestos-maquinaria-pesada-colombia/repuestos-maquinaria-pesada-marcas/repuestos-para-maquinaria-pesada-caterpillar/repuestos-para-maquinaria-pesada-buldozer-caterpillar/repuestos-bulldozer-caterpillar-d5","/repuestos-maquinaria-pesada-colombia/repuestos-maquinaria-pesada-marcas/repuestos-para-maquinaria-pesada-caterpillar/repuestos-para-maquinaria-pesada-buldozer-caterpillar/repuestos-bulldozer-caterpillar-d5","301","migracion","alta","Ruta conservada idéntica en el sitio nuevo. NO necesita redirect (solo difiere la barra final)."
"/repuestos-maquinaria-pesada-colombia/repuestos-maquinaria-pesada-marcas/repuestos-para-maquinaria-pesada-caterpillar/repuestos-para-maquinaria-pesada-buldozer-caterpillar/repuestos-bulldozer-caterpillar-d5b","/repuestos-maquinaria-pesada-colombia/repuestos-maquinaria-pesada-marcas/repuestos-para-maquinaria-pesada-caterpillar/repuestos-para-maquinaria-pesada-buldozer-caterpillar/repuestos-bulldozer-caterpillar-d5b","301","migracion","alta","Ruta conservada idéntica en el sitio nuevo. NO necesita redirect (solo difiere la barra final)."
"/repuestos-maquinaria-pesada-colombia/repuestos-maquinaria-pesada-marcas/repuestos-para-maquinaria-pesada-caterpillar/repuestos-para-maquinaria-pesada-buldozer-caterpillar/repuestos-bulldozer-caterpillar-d5c","/repuestos-maquinaria-pesada-colombia/repuestos-maquinaria-pesada-marcas/repuestos-para-maquinaria-pesada-caterpillar/repuestos-para-maquinaria-pesada-buldozer-caterpillar/repuestos-bulldozer-caterpillar-d5c","301","migracion","alta","Ruta conservada idéntica en el sitio nuevo. NO necesita redirect (solo difiere la barra final)."
"/repuestos-maquinaria-pesada-colombia/repuestos-maquinaria-pesada-marcas/repuestos-para-maquinaria-pesada-caterpillar/repuestos-para-maquinaria-pesada-buldozer-caterpillar/repuestos-bulldozer-caterpillar-d5g","/repuestos-maquinaria-pesada-colombia/repuestos-maquinaria-pesada-marcas/repuestos-para-maquinaria-pesada-caterpillar/repuestos-para-maquinaria-pesada-buldozer-caterpillar/repuestos-bulldozer-caterpillar-d5g","301","migracion","alta","Ruta conservada idéntica en el sitio nuevo. NO necesita redirect (solo difiere la barra final)."
"/repuestos-maquinaria-pesada-colombia/repuestos-maquinaria-pesada-marcas/repuestos-para-maquinaria-pesada-caterpillar/repuestos-para-maquinaria-pesada-buldozer-caterpillar/repuestos-bulldozer-caterpillar-d5h","/repuestos-maquinaria-pesada-colombia/repuestos-maquinaria-pesada-marcas/repuestos-para-maquinaria-pesada-caterpillar/repuestos-para-maquinaria-pesada-buldozer-caterpillar/repuestos-bulldozer-caterpillar-d5h","301","migracion","alta","Ruta conservada idéntica en el sitio nuevo. NO necesita redirect (solo difiere la barra final)."
"/repuestos-maquinaria-pesada-colombia/repuestos-maquinaria-pesada-marcas/repuestos-para-maquinaria-pesada-caterpillar/repuestos-para-maquinaria-pesada-buldozer-caterpillar/repuestos-bulldozer-caterpillar-d5k","/repuestos-maquinaria-pesada-colombia/repuestos-maquinaria-pesada-marcas/repuestos-para-maquinaria-pesada-caterpillar/repuestos-para-maquinaria-pesada-buldozer-caterpillar/repuestos-bulldozer-caterpillar-d5k","301","migracion","alta","Ruta conservada idéntica en el sitio nuevo. NO necesita redirect (solo difiere la barra final)."
"/repuestos-maquinaria-pesada-colombia/repuestos-maquinaria-pesada-marcas/repuestos-para-maquinaria-pesada-caterpillar/repuestos-para-maquinaria-pesada-buldozer-caterpillar/repuestos-bulldozer-caterpillar-d5k2","/repuestos-maquinaria-pesada-colombia/repuestos-maquinaria-pesada-marcas/repuestos-para-maquinaria-pesada-caterpillar/repuestos-para-maquinaria-pesada-buldozer-caterpillar/repuestos-bulldozer-caterpillar-d5k2","301","migracion","alta","Ruta conservada idéntica en el sitio nuevo. NO necesita redirect (solo difiere la barra final)."
"/repuestos-maquinaria-pesada-colombia/repuestos-maquinaria-pesada-marcas/repuestos-para-maquinaria-pesada-caterpillar/repuestos-para-maquinaria-pesada-buldozer-caterpillar/repuestos-bulldozer-caterpillar-d5m","/repuestos-maquinaria-pesada-colombia/repuestos-maquinaria-pesada-marcas/repuestos-para-maquinaria-pesada-caterpillar/repuestos-para-maquinaria-pesada-buldozer-caterpillar/repuestos-bulldozer-caterpillar-d5m","301","migracion","alta","Ruta conservada idéntica en el sitio nuevo. NO necesita redirect (solo difiere la barra final)."
"/repuestos-maquinaria-pesada-colombia/repuestos-maquinaria-pesada-marcas/repuestos-para-maquinaria-pesada-caterpillar/repuestos-para-maquinaria-pesada-buldozer-caterpillar/repuestos-bulldozer-caterpillar-d5n","/repuestos-maquinaria-pesada-colombia/repuestos-maquinaria-pesada-marcas/repuestos-para-maquinaria-pesada-caterpillar/repuestos-para-maquinaria-pesada-buldozer-caterpillar/repuestos-bulldozer-caterpillar-d5n","301","migracion","alta","Ruta conservada idéntica en el sitio nuevo. NO necesita redirect (solo difiere la barra final)."
"/repuestos-maquinaria-pesada-colombia/repuestos-maquinaria-pesada-marcas/repuestos-para-maquinaria-pesada-caterpillar/repuestos-para-maquinaria-pesada-buldozer-caterpillar/repuestos-bulldozer-caterpillar-d6","/repuestos-maquinaria-pesada-colombia/repuestos-maquinaria-pesada-marcas/repuestos-para-maquinaria-pesada-caterpillar/repuestos-para-maquinaria-pesada-buldozer-caterpillar/repuestos-bulldozer-caterpillar-d6","301","migracion","alta","Ruta conservada idéntica en el sitio nuevo. NO necesita redirect (solo difiere la barra final)."
"/repuestos-maquinaria-pesada-colombia/repuestos-maquinaria-pesada-marcas/repuestos-para-maquinaria-pesada-caterpillar/repuestos-para-maquinaria-pesada-buldozer-caterpillar/repuestos-bulldozer-caterpillar-d6c","/repuestos-maquinaria-pesada-colombia/repuestos-maquinaria-pesada-marcas/repuestos-para-maquinaria-pesada-caterpillar/repuestos-para-maquinaria-pesada-buldozer-caterpillar/repuestos-bulldozer-caterpillar-d6c","301","migracion","alta","Ruta conservada idéntica en el sitio nuevo. NO necesita redirect (solo difiere la barra final)."
"/repuestos-maquinaria-pesada-colombia/repuestos-maquinaria-pesada-marcas/repuestos-para-maquinaria-pesada-caterpillar/repuestos-para-maquinaria-pesada-buldozer-caterpillar/repuestos-bulldozer-caterpillar-d6g","/repuestos-maquinaria-pesada-colombia/repuestos-maquinaria-pesada-marcas/repuestos-para-maquinaria-pesada-caterpillar/repuestos-para-maquinaria-pesada-buldozer-caterpillar/repuestos-bulldozer-caterpillar-d6g","301","migracion","alta","Ruta conservada idéntica en el sitio nuevo. NO necesita redirect (solo difiere la barra final)."
"/repuestos-maquinaria-pesada-colombia/repuestos-maquinaria-pesada-marcas/repuestos-para-maquinaria-pesada-caterpillar/repuestos-para-maquinaria-pesada-buldozer-caterpillar/repuestos-bulldozer-caterpillar-d6h","/repuestos-maquinaria-pesada-colombia/repuestos-maquinaria-pesada-marcas/repuestos-para-maquinaria-pesada-caterpillar/repuestos-para-maquinaria-pesada-buldozer-caterpillar/repuestos-bulldozer-caterpillar-d6h","301","migracion","alta","Ruta conservada idéntica en el sitio nuevo. NO necesita redirect (solo difiere la barra final)."
"/repuestos-maquinaria-pesada-colombia/repuestos-maquinaria-pesada-marcas/repuestos-para-maquinaria-pesada-caterpillar/repuestos-para-maquinaria-pesada-buldozer-caterpillar/repuestos-bulldozer-caterpillar-d6k_","/repuestos-maquinaria-pesada-colombia/repuestos-maquinaria-pesada-marcas/repuestos-para-maquinaria-pesada-caterpillar/repuestos-para-maquinaria-pesada-buldozer-caterpillar/repuestos-bulldozer-caterpillar-d6k_","301","migracion","alta","Ruta conservada idéntica en el sitio nuevo. NO necesita redirect (solo difiere la barra final)."
"/repuestos-maquinaria-pesada-colombia/repuestos-maquinaria-pesada-marcas/repuestos-para-maquinaria-pesada-caterpillar/repuestos-para-maquinaria-pesada-buldozer-caterpillar/repuestos-bulldozer-caterpillar-d6k-old","/repuestos-maquinaria-pesada-colombia/repuestos-maquinaria-pesada-marcas/repuestos-para-maquinaria-pesada-caterpillar/repuestos-para-maquinaria-pesada-buldozer-caterpillar/repuestos-bulldozer-caterpillar-d6k-old","301","migracion","alta","Ruta conservada idéntica en el sitio nuevo. NO necesita redirect (solo difiere la barra final)."
"/repuestos-maquinaria-pesada-colombia/repuestos-maquinaria-pesada-marcas/repuestos-para-maquinaria-pesada-caterpillar/repuestos-para-maquinaria-pesada-buldozer-caterpillar/repuestos-bulldozer-caterpillar-d6k2","/repuestos-maquinaria-pesada-colombia/repuestos-maquinaria-pesada-marcas/repuestos-para-maquinaria-pesada-caterpillar/repuestos-para-maquinaria-pesada-buldozer-caterpillar/repuestos-bulldozer-caterpillar-d6k2","301","migracion","alta","Ruta conservada idéntica en el sitio nuevo. NO necesita redirect (solo difiere la barra final)."
"/repuestos-maquinaria-pesada-colombia/repuestos-maquinaria-pesada-marcas/repuestos-para-maquinaria-pesada-caterpillar/repuestos-para-maquinaria-pesada-buldozer-caterpillar/repuestos-bulldozer-caterpillar-d6m","/repuestos-maquinaria-pesada-colombia/repuestos-maquinaria-pesada-marcas/repuestos-para-maquinaria-pesada-caterpillar/repuestos-para-maquinaria-pesada-buldozer-caterpillar/repuestos-bulldozer-caterpillar-d6m","301","migracion","alta","Ruta conservada idéntica en el sitio nuevo. NO necesita redirect (solo difiere la barra final)."
"/repuestos-maquinaria-pesada-colombia/repuestos-maquinaria-pesada-marcas/repuestos-para-maquinaria-pesada-caterpillar/repuestos-para-maquinaria-pesada-buldozer-caterpillar/repuestos-bulldozer-caterpillar-d6n","/repuestos-maquinaria-pesada-colombia/repuestos-maquinaria-pesada-marcas/repuestos-para-maquinaria-pesada-caterpillar/repuestos-para-maquinaria-pesada-buldozer-caterpillar/repuestos-bulldozer-caterpillar-d6n","301","migracion","alta","Ruta conservada idéntica en el sitio nuevo. NO necesita redirect (solo difiere la barra final)."
"/repuestos-maquinaria-pesada-colombia/repuestos-maquinaria-pesada-marcas/repuestos-para-maquinaria-pesada-caterpillar/repuestos-para-maquinaria-pesada-buldozer-caterpillar/repuestos-bulldozer-caterpillar-d6r","/repuestos-maquinaria-pesada-colombia/repuestos-maquinaria-pesada-marcas/repuestos-para-maquinaria-pesada-caterpillar/repuestos-para-maquinaria-pesada-buldozer-caterpillar/repuestos-bulldozer-caterpillar-d6r","301","migracion","alta","Ruta conservada idéntica en el sitio nuevo. NO necesita redirect (solo difiere la barra final)."
"/repuestos-maquinaria-pesada-colombia/repuestos-maquinaria-pesada-marcas/repuestos-para-maquinaria-pesada-caterpillar/repuestos-para-maquinaria-pesada-buldozer-caterpillar/repuestos-bulldozer-caterpillar-d6t","/repuestos-maquinaria-pesada-colombia/repuestos-maquinaria-pesada-marcas/repuestos-para-maquinaria-pesada-caterpillar/repuestos-para-maquinaria-pesada-buldozer-caterpillar/repuestos-bulldozer-caterpillar-d6t","301","migracion","alta","Ruta conservada idéntica en el sitio nuevo. NO necesita redirect (solo difiere la barra final)."
"/repuestos-maquinaria-pesada-colombia/repuestos-maquinaria-pesada-marcas/repuestos-para-maquinaria-pesada-caterpillar/repuestos-para-maquinaria-pesada-buldozer-caterpillar/repuestos-bulldozer-caterpillar-d7g","/repuestos-maquinaria-pesada-colombia/repuestos-maquinaria-pesada-marcas/repuestos-para-maquinaria-pesada-caterpillar/repuestos-para-maquinaria-pesada-buldozer-caterpillar/repuestos-bulldozer-caterpillar-d7g","301","migracion","alta","Ruta conservada idéntica en el sitio nuevo. NO necesita redirect (solo difiere la barra final)."
"/repuestos-maquinaria-pesada-colombia/repuestos-maquinaria-pesada-marcas/repuestos-para-maquinaria-pesada-caterpillar/repuestos-para-maquinaria-pesada-buldozer-caterpillar/repuestos-bulldozer-caterpillar-d7r","/repuestos-maquinaria-pesada-colombia/repuestos-maquinaria-pesada-marcas/repuestos-para-maquinaria-pesada-caterpillar/repuestos-para-maquinaria-pesada-buldozer-caterpillar/repuestos-bulldozer-caterpillar-d7r","301","migracion","alta","Ruta conservada idéntica en el sitio nuevo. NO necesita redirect (solo difiere la barra final)."
"/repuestos-maquinaria-pesada-colombia/repuestos-maquinaria-pesada-marcas/repuestos-para-maquinaria-pesada-caterpillar/repuestos-para-maquinaria-pesada-buldozer-caterpillar/repuestos-bulldozer-caterpillar-d8","/repuestos-maquinaria-pesada-colombia/repuestos-maquinaria-pesada-marcas/repuestos-para-maquinaria-pesada-caterpillar/repuestos-para-maquinaria-pesada-buldozer-caterpillar/repuestos-bulldozer-caterpillar-d8","301","migracion","alta","Ruta conservada idéntica en el sitio nuevo. NO necesita redirect (solo difiere la barra final)."
"/repuestos-maquinaria-pesada-colombia/repuestos-maquinaria-pesada-marcas/repuestos-para-maquinaria-pesada-caterpillar/repuestos-para-maquinaria-pesada-buldozer-caterpillar/repuestos-bulldozer-caterpillar-d8k","/repuestos-maquinaria-pesada-colombia/repuestos-maquinaria-pesada-marcas/repuestos-para-maquinaria-pesada-caterpillar/repuestos-para-maquinaria-pesada-buldozer-caterpillar/repuestos-bulldozer-caterpillar-d8k","301","migracion","alta","Ruta conservada idéntica en el sitio nuevo. NO necesita redirect (solo difiere la barra final)."
"/repuestos-maquinaria-pesada-colombia/repuestos-maquinaria-pesada-marcas/repuestos-para-maquinaria-pesada-caterpillar/repuestos-para-maquinaria-pesada-buldozer-caterpillar/repuestos-bulldozer-caterpillar-d8l","/repuestos-maquinaria-pesada-colombia/repuestos-maquinaria-pesada-marcas/repuestos-para-maquinaria-pesada-caterpillar/repuestos-para-maquinaria-pesada-buldozer-caterpillar/repuestos-bulldozer-caterpillar-d8l","301","migracion","alta","Ruta conservada idéntica en el sitio nuevo. NO necesita redirect (solo difiere la barra final)."
"/repuestos-maquinaria-pesada-colombia/repuestos-maquinaria-pesada-marcas/repuestos-para-maquinaria-pesada-caterpillar/repuestos-para-maquinaria-pesada-buldozer-caterpillar/repuestos-bulldozer-caterpillar-d8n","/repuestos-maquinaria-pesada-colombia/repuestos-maquinaria-pesada-marcas/repuestos-para-maquinaria-pesada-caterpillar/repuestos-para-maquinaria-pesada-buldozer-caterpillar/repuestos-bulldozer-caterpillar-d8n","301","migracion","alta","Ruta conservada idéntica en el sitio nuevo. NO necesita redirect (solo difiere la barra final)."
"/repuestos-maquinaria-pesada-colombia/repuestos-maquinaria-pesada-marcas/repuestos-para-maquinaria-pesada-caterpillar/repuestos-para-maquinaria-pesada-buldozer-caterpillar/repuestos-bulldozer-caterpillar-d8r","/repuestos-maquinaria-pesada-colombia/repuestos-maquinaria-pesada-marcas/repuestos-para-maquinaria-pesada-caterpillar/repuestos-para-maquinaria-pesada-buldozer-caterpillar/repuestos-bulldozer-caterpillar-d8r","301","migracion","alta","Ruta conservada idéntica en el sitio nuevo. NO necesita redirect (solo difiere la barra final)."
"/repuestos-maquinaria-pesada-colombia/repuestos-maquinaria-pesada-marcas/repuestos-para-maquinaria-pesada-caterpillar/repuestos-para-maquinaria-pesada-buldozer-caterpillar/repuestos-bulldozer-caterpillar-d8t","/repuestos-maquinaria-pesada-colombia/repuestos-maquinaria-pesada-marcas/repuestos-para-maquinaria-pesada-caterpillar/repuestos-para-maquinaria-pesada-buldozer-caterpillar/repuestos-bulldozer-caterpillar-d8t","301","migracion","alta","Ruta conservada idéntica en el sitio nuevo. NO necesita redirect (solo difiere la barra final)."
"/repuestos-maquinaria-pesada-colombia/repuestos-maquinaria-pesada-marcas/repuestos-para-maquinaria-pesada-caterpillar/repuestos-para-maquinaria-pesada-cargador-frontal-caterpillar","/repuestos-maquinaria-pesada-colombia/repuestos-maquinaria-pesada-marcas/repuestos-para-maquinaria-pesada-caterpillar/repuestos-para-maquinaria-pesada-cargador-frontal-caterpillar","301","migracion","alta","Ruta conservada idéntica en el sitio nuevo. NO necesita redirect (solo difiere la barra final)."
"/repuestos-maquinaria-pesada-colombia/repuestos-maquinaria-pesada-marcas/repuestos-para-maquinaria-pesada-caterpillar/repuestos-para-maquinaria-pesada-cargador-frontal-caterpillar/repuestos-cargador-frontal-caterpillar-920","/repuestos-maquinaria-pesada-colombia/repuestos-maquinaria-pesada-marcas/repuestos-para-maquinaria-pesada-caterpillar/repuestos-para-maquinaria-pesada-cargador-frontal-caterpillar/repuestos-cargador-frontal-caterpillar-920","301","migracion","alta","Ruta conservada idéntica en el sitio nuevo. NO necesita redirect (solo difiere la barra final)."
"/repuestos-maquinaria-pesada-colombia/repuestos-maquinaria-pesada-marcas/repuestos-para-maquinaria-pesada-caterpillar/repuestos-para-maquinaria-pesada-cargador-frontal-caterpillar/repuestos-cargador-frontal-caterpillar-924f","/repuestos-maquinaria-pesada-colombia/repuestos-maquinaria-pesada-marcas/repuestos-para-maquinaria-pesada-caterpillar/repuestos-para-maquinaria-pesada-cargador-frontal-caterpillar/repuestos-cargador-frontal-caterpillar-924f","301","migracion","alta","Ruta conservada idéntica en el sitio nuevo. NO necesita redirect (solo difiere la barra final)."
"/repuestos-maquinaria-pesada-colombia/repuestos-maquinaria-pesada-marcas/repuestos-para-maquinaria-pesada-caterpillar/repuestos-para-maquinaria-pesada-cargador-frontal-caterpillar/repuestos-cargador-frontal-caterpillar-924g","/repuestos-maquinaria-pesada-colombia/repuestos-maquinaria-pesada-marcas/repuestos-para-maquinaria-pesada-caterpillar/repuestos-para-maquinaria-pesada-cargador-frontal-caterpillar/repuestos-cargador-frontal-caterpillar-924g","301","migracion","alta","Ruta conservada idéntica en el sitio nuevo. NO necesita redirect (solo difiere la barra final)."
"/repuestos-maquinaria-pesada-colombia/repuestos-maquinaria-pesada-marcas/repuestos-para-maquinaria-pesada-caterpillar/repuestos-para-maquinaria-pesada-cargador-frontal-caterpillar/repuestos-cargador-frontal-caterpillar-924h","/repuestos-maquinaria-pesada-colombia/repuestos-maquinaria-pesada-marcas/repuestos-para-maquinaria-pesada-caterpillar/repuestos-para-maquinaria-pesada-cargador-frontal-caterpillar/repuestos-cargador-frontal-caterpillar-924h","301","migracion","alta","Ruta conservada idéntica en el sitio nuevo. NO necesita redirect (solo difiere la barra final)."
"/repuestos-maquinaria-pesada-colombia/repuestos-maquinaria-pesada-marcas/repuestos-para-maquinaria-pesada-caterpillar/repuestos-para-maquinaria-pesada-cargador-frontal-caterpillar/repuestos-cargador-frontal-caterpillar-924k","/repuestos-maquinaria-pesada-colombia/repuestos-maquinaria-pesada-marcas/repuestos-para-maquinaria-pesada-caterpillar/repuestos-para-maquinaria-pesada-cargador-frontal-caterpillar/repuestos-cargador-frontal-caterpillar-924k","301","migracion","alta","Ruta conservada idéntica en el sitio nuevo. NO necesita redirect (solo difiere la barra final)."
"/repuestos-maquinaria-pesada-colombia/repuestos-maquinaria-pesada-marcas/repuestos-para-maquinaria-pesada-caterpillar/repuestos-para-maquinaria-pesada-cargador-frontal-caterpillar/repuestos-cargador-frontal-caterpillar-928f","/repuestos-maquinaria-pesada-colombia/repuestos-maquinaria-pesada-marcas/repuestos-para-maquinaria-pesada-caterpillar/repuestos-para-maquinaria-pesada-cargador-frontal-caterpillar/repuestos-cargador-frontal-caterpillar-928f","301","migracion","alta","Ruta conservada idéntica en el sitio nuevo. NO necesita redirect (solo difiere la barra final)."
"/repuestos-maquinaria-pesada-colombia/repuestos-maquinaria-pesada-marcas/repuestos-para-maquinaria-pesada-caterpillar/repuestos-para-maquinaria-pesada-cargador-frontal-caterpillar/repuestos-cargador-frontal-caterpillar-928g","/repuestos-maquinaria-pesada-colombia/repuestos-maquinaria-pesada-marcas/repuestos-para-maquinaria-pesada-caterpillar/repuestos-para-maquinaria-pesada-cargador-frontal-caterpillar/repuestos-cargador-frontal-caterpillar-928g","301","migracion","alta","Ruta conservada idéntica en el sitio nuevo. NO necesita redirect (solo difiere la barra final)."
"/repuestos-maquinaria-pesada-colombia/repuestos-maquinaria-pesada-marcas/repuestos-para-maquinaria-pesada-caterpillar/repuestos-para-maquinaria-pesada-cargador-frontal-caterpillar/repuestos-cargador-frontal-caterpillar-928h","/repuestos-maquinaria-pesada-colombia/repuestos-maquinaria-pesada-marcas/repuestos-para-maquinaria-pesada-caterpillar/repuestos-para-maquinaria-pesada-cargador-frontal-caterpillar/repuestos-cargador-frontal-caterpillar-928h","301","migracion","alta","Ruta conservada idéntica en el sitio nuevo. NO necesita redirect (solo difiere la barra final)."
"/repuestos-maquinaria-pesada-colombia/repuestos-maquinaria-pesada-marcas/repuestos-para-maquinaria-pesada-caterpillar/repuestos-para-maquinaria-pesada-cargador-frontal-caterpillar/repuestos-cargador-frontal-caterpillar-930","/repuestos-maquinaria-pesada-colombia/repuestos-maquinaria-pesada-marcas/repuestos-para-maquinaria-pesada-caterpillar/repuestos-para-maquinaria-pesada-cargador-frontal-caterpillar/repuestos-cargador-frontal-caterpillar-930","301","migracion","alta","Ruta conservada idéntica en el sitio nuevo. NO necesita redirect (solo difiere la barra final)."
"/repuestos-maquinaria-pesada-colombia/repuestos-maquinaria-pesada-marcas/repuestos-para-maquinaria-pesada-caterpillar/repuestos-para-maquinaria-pesada-cargador-frontal-caterpillar/repuestos-cargador-frontal-caterpillar-930g","/repuestos-maquinaria-pesada-colombia/repuestos-maquinaria-pesada-marcas/repuestos-para-maquinaria-pesada-caterpillar/repuestos-para-maquinaria-pesada-cargador-frontal-caterpillar/repuestos-cargador-frontal-caterpillar-930g","301","migracion","alta","Ruta conservada idéntica en el sitio nuevo. NO necesita redirect (solo difiere la barra final)."
"/repuestos-maquinaria-pesada-colombia/repuestos-maquinaria-pesada-marcas/repuestos-para-maquinaria-pesada-caterpillar/repuestos-para-maquinaria-pesada-cargador-frontal-caterpillar/repuestos-cargador-frontal-caterpillar-930r-t","/repuestos-maquinaria-pesada-colombia/repuestos-maquinaria-pesada-marcas/repuestos-para-maquinaria-pesada-caterpillar/repuestos-para-maquinaria-pesada-cargador-frontal-caterpillar/repuestos-cargador-frontal-caterpillar-930r-t","301","migracion","alta","Ruta conservada idéntica en el sitio nuevo. NO necesita redirect (solo difiere la barra final)."
"/repuestos-maquinaria-pesada-colombia/repuestos-maquinaria-pesada-marcas/repuestos-para-maquinaria-pesada-caterpillar/repuestos-para-maquinaria-pesada-cargador-frontal-caterpillar/repuestos-cargador-frontal-caterpillar-938g","/repuestos-maquinaria-pesada-colombia/repuestos-maquinaria-pesada-marcas/repuestos-para-maquinaria-pesada-caterpillar/repuestos-para-maquinaria-pesada-cargador-frontal-caterpillar/repuestos-cargador-frontal-caterpillar-938g","301","migracion","alta","Ruta conservada idéntica en el sitio nuevo. NO necesita redirect (solo difiere la barra final)."
"/repuestos-maquinaria-pesada-colombia/repuestos-maquinaria-pesada-marcas/repuestos-para-maquinaria-pesada-caterpillar/repuestos-para-maquinaria-pesada-cargador-frontal-caterpillar/repuestos-cargador-frontal-caterpillar-938h","/repuestos-maquinaria-pesada-colombia/repuestos-maquinaria-pesada-marcas/repuestos-para-maquinaria-pesada-caterpillar/repuestos-para-maquinaria-pesada-cargador-frontal-caterpillar/repuestos-cargador-frontal-caterpillar-938h","301","migracion","alta","Ruta conservada idéntica en el sitio nuevo. NO necesita redirect (solo difiere la barra final)."
"/repuestos-maquinaria-pesada-colombia/repuestos-maquinaria-pesada-marcas/repuestos-para-maquinaria-pesada-caterpillar/repuestos-para-maquinaria-pesada-cargador-frontal-caterpillar/repuestos-cargador-frontal-caterpillar-938k","/repuestos-maquinaria-pesada-colombia/repuestos-maquinaria-pesada-marcas/repuestos-para-maquinaria-pesada-caterpillar/repuestos-para-maquinaria-pesada-cargador-frontal-caterpillar/repuestos-cargador-frontal-caterpillar-938k","301","migracion","alta","Ruta conservada idéntica en el sitio nuevo. NO necesita redirect (solo difiere la barra final)."
"/repuestos-maquinaria-pesada-colombia/repuestos-maquinaria-pesada-marcas/repuestos-para-maquinaria-pesada-caterpillar/repuestos-para-maquinaria-pesada-cargador-frontal-caterpillar/repuestos-cargador-frontal-caterpillar-950","/repuestos-maquinaria-pesada-colombia/repuestos-maquinaria-pesada-marcas/repuestos-para-maquinaria-pesada-caterpillar/repuestos-para-maquinaria-pesada-cargador-frontal-caterpillar/repuestos-cargador-frontal-caterpillar-950","301","migracion","alta","Ruta conservada idéntica en el sitio nuevo. NO necesita redirect (solo difiere la barra final)."
"/repuestos-maquinaria-pesada-colombia/repuestos-maquinaria-pesada-marcas/repuestos-para-maquinaria-pesada-caterpillar/repuestos-para-maquinaria-pesada-cargador-frontal-caterpillar/repuestos-cargador-frontal-caterpillar-950b","/repuestos-maquinaria-pesada-colombia/repuestos-maquinaria-pesada-marcas/repuestos-para-maquinaria-pesada-caterpillar/repuestos-para-maquinaria-pesada-cargador-frontal-caterpillar/repuestos-cargador-frontal-caterpillar-950b","301","migracion","alta","Ruta conservada idéntica en el sitio nuevo. NO necesita redirect (solo difiere la barra final)."
"/repuestos-maquinaria-pesada-colombia/repuestos-maquinaria-pesada-marcas/repuestos-para-maquinaria-pesada-caterpillar/repuestos-para-maquinaria-pesada-cargador-frontal-caterpillar/repuestos-cargador-frontal-caterpillar-950f","/repuestos-maquinaria-pesada-colombia/repuestos-maquinaria-pesada-marcas/repuestos-para-maquinaria-pesada-caterpillar/repuestos-para-maquinaria-pesada-cargador-frontal-caterpillar/repuestos-cargador-frontal-caterpillar-950f","301","migracion","alta","Ruta conservada idéntica en el sitio nuevo. NO necesita redirect (solo difiere la barra final)."
"/repuestos-maquinaria-pesada-colombia/repuestos-maquinaria-pesada-marcas/repuestos-para-maquinaria-pesada-caterpillar/repuestos-para-maquinaria-pesada-cargador-frontal-caterpillar/repuestos-cargador-frontal-caterpillar-950g","/repuestos-maquinaria-pesada-colombia/repuestos-maquinaria-pesada-marcas/repuestos-para-maquinaria-pesada-caterpillar/repuestos-para-maquinaria-pesada-cargador-frontal-caterpillar/repuestos-cargador-frontal-caterpillar-950g","301","migracion","alta","Ruta conservada idéntica en el sitio nuevo. NO necesita redirect (solo difiere la barra final)."
"/repuestos-maquinaria-pesada-colombia/repuestos-maquinaria-pesada-marcas/repuestos-para-maquinaria-pesada-caterpillar/repuestos-para-maquinaria-pesada-cargador-frontal-caterpillar/repuestos-cargador-frontal-caterpillar-950gc","/repuestos-maquinaria-pesada-colombia/repuestos-maquinaria-pesada-marcas/repuestos-para-maquinaria-pesada-caterpillar/repuestos-para-maquinaria-pesada-cargador-frontal-caterpillar/repuestos-cargador-frontal-caterpillar-950gc","301","migracion","alta","Ruta conservada idéntica en el sitio nuevo. NO necesita redirect (solo difiere la barra final)."
"/repuestos-maquinaria-pesada-colombia/repuestos-maquinaria-pesada-marcas/repuestos-para-maquinaria-pesada-caterpillar/repuestos-para-maquinaria-pesada-cargador-frontal-caterpillar/repuestos-cargador-frontal-caterpillar-950h","/repuestos-maquinaria-pesada-colombia/repuestos-maquinaria-pesada-marcas/repuestos-para-maquinaria-pesada-caterpillar/repuestos-para-maquinaria-pesada-cargador-frontal-caterpillar/repuestos-cargador-frontal-caterpillar-950h","301","migracion","alta","Ruta conservada idéntica en el sitio nuevo. NO necesita redirect (solo difiere la barra final)."
"/repuestos-maquinaria-pesada-colombia/repuestos-maquinaria-pesada-marcas/repuestos-para-maquinaria-pesada-caterpillar/repuestos-para-maquinaria-pesada-cargador-frontal-caterpillar/repuestos-cargador-frontal-caterpillar-950k","/repuestos-maquinaria-pesada-colombia/repuestos-maquinaria-pesada-marcas/repuestos-para-maquinaria-pesada-caterpillar/repuestos-para-maquinaria-pesada-cargador-frontal-caterpillar/repuestos-cargador-frontal-caterpillar-950k","301","migracion","alta","Ruta conservada idéntica en el sitio nuevo. NO necesita redirect (solo difiere la barra final)."
"/repuestos-maquinaria-pesada-colombia/repuestos-maquinaria-pesada-marcas/repuestos-para-maquinaria-pesada-caterpillar/repuestos-para-maquinaria-pesada-cargador-frontal-caterpillar/repuestos-cargador-frontal-caterpillar-962h","/repuestos-maquinaria-pesada-colombia/repuestos-maquinaria-pesada-marcas/repuestos-para-maquinaria-pesada-caterpillar/repuestos-para-maquinaria-pesada-cargador-frontal-caterpillar/repuestos-cargador-frontal-caterpillar-962h","301","migracion","alta","Ruta conservada idéntica en el sitio nuevo. NO necesita redirect (solo difiere la barra final)."
"/repuestos-maquinaria-pesada-colombia/repuestos-maquinaria-pesada-marcas/repuestos-para-maquinaria-pesada-caterpillar/repuestos-para-maquinaria-pesada-cargador-frontal-caterpillar/repuestos-cargador-frontal-caterpillar-966f","/repuestos-maquinaria-pesada-colombia/repuestos-maquinaria-pesada-marcas/repuestos-para-maquinaria-pesada-caterpillar/repuestos-para-maquinaria-pesada-cargador-frontal-caterpillar/repuestos-cargador-frontal-caterpillar-966f","301","migracion","alta","Ruta conservada idéntica en el sitio nuevo. NO necesita redirect (solo difiere la barra final)."
"/repuestos-maquinaria-pesada-colombia/repuestos-maquinaria-pesada-marcas/repuestos-para-maquinaria-pesada-caterpillar/repuestos-para-maquinaria-pesada-cargador-frontal-caterpillar/repuestos-cargador-frontal-caterpillar-966g","/repuestos-maquinaria-pesada-colombia/repuestos-maquinaria-pesada-marcas/repuestos-para-maquinaria-pesada-caterpillar/repuestos-para-maquinaria-pesada-cargador-frontal-caterpillar/repuestos-cargador-frontal-caterpillar-966g","301","migracion","alta","Ruta conservada idéntica en el sitio nuevo. NO necesita redirect (solo difiere la barra final)."
"/repuestos-maquinaria-pesada-colombia/repuestos-maquinaria-pesada-marcas/repuestos-para-maquinaria-pesada-caterpillar/repuestos-para-maquinaria-pesada-cargador-frontal-caterpillar/repuestos-cargador-frontal-caterpillar-966h","/repuestos-maquinaria-pesada-colombia/repuestos-maquinaria-pesada-marcas/repuestos-para-maquinaria-pesada-caterpillar/repuestos-para-maquinaria-pesada-cargador-frontal-caterpillar/repuestos-cargador-frontal-caterpillar-966h","301","migracion","alta","Ruta conservada idéntica en el sitio nuevo. NO necesita redirect (solo difiere la barra final)."
"/repuestos-maquinaria-pesada-colombia/repuestos-maquinaria-pesada-marcas/repuestos-para-maquinaria-pesada-caterpillar/repuestos-para-maquinaria-pesada-excavadora-caterpillar","/repuestos-maquinaria-pesada-colombia/repuestos-maquinaria-pesada-marcas/repuestos-para-maquinaria-pesada-caterpillar/repuestos-para-maquinaria-pesada-excavadora-caterpillar","301","migracion","alta","Ruta conservada idéntica en el sitio nuevo. NO necesita redirect (solo difiere la barra final)."
"/repuestos-maquinaria-pesada-colombia/repuestos-maquinaria-pesada-marcas/repuestos-para-maquinaria-pesada-caterpillar/repuestos-para-maquinaria-pesada-excavadora-caterpillar/repuestos-excavadora-caterpillar-311","/repuestos-maquinaria-pesada-colombia/repuestos-maquinaria-pesada-marcas/repuestos-para-maquinaria-pesada-caterpillar/repuestos-para-maquinaria-pesada-excavadora-caterpillar/repuestos-excavadora-caterpillar-311","301","migracion","alta","Ruta conservada idéntica en el sitio nuevo. NO necesita redirect (solo difiere la barra final)."
"/repuestos-maquinaria-pesada-colombia/repuestos-maquinaria-pesada-marcas/repuestos-para-maquinaria-pesada-caterpillar/repuestos-para-maquinaria-pesada-excavadora-caterpillar/repuestos-excavadora-caterpillar-311b","/repuestos-maquinaria-pesada-colombia/repuestos-maquinaria-pesada-marcas/repuestos-para-maquinaria-pesada-caterpillar/repuestos-para-maquinaria-pesada-excavadora-caterpillar/repuestos-excavadora-caterpillar-311b","301","migracion","alta","Ruta conservada idéntica en el sitio nuevo. NO necesita redirect (solo difiere la barra final)."
"/repuestos-maquinaria-pesada-colombia/repuestos-maquinaria-pesada-marcas/repuestos-para-maquinaria-pesada-caterpillar/repuestos-para-maquinaria-pesada-excavadora-caterpillar/repuestos-excavadora-caterpillar-311c","/repuestos-maquinaria-pesada-colombia/repuestos-maquinaria-pesada-marcas/repuestos-para-maquinaria-pesada-caterpillar/repuestos-para-maquinaria-pesada-excavadora-caterpillar/repuestos-excavadora-caterpillar-311c","301","migracion","alta","Ruta conservada idéntica en el sitio nuevo. NO necesita redirect (solo difiere la barra final)."
"/repuestos-maquinaria-pesada-colombia/repuestos-maquinaria-pesada-marcas/repuestos-para-maquinaria-pesada-caterpillar/repuestos-para-maquinaria-pesada-excavadora-caterpillar/repuestos-excavadora-caterpillar-312","/repuestos-maquinaria-pesada-colombia/repuestos-maquinaria-pesada-marcas/repuestos-para-maquinaria-pesada-caterpillar/repuestos-para-maquinaria-pesada-excavadora-caterpillar/repuestos-excavadora-caterpillar-312","301","migracion","alta","Ruta conservada idéntica en el sitio nuevo. NO necesita redirect (solo difiere la barra final)."
"/repuestos-maquinaria-pesada-colombia/repuestos-maquinaria-pesada-marcas/repuestos-para-maquinaria-pesada-caterpillar/repuestos-para-maquinaria-pesada-excavadora-caterpillar/repuestos-excavadora-caterpillar-312b","/repuestos-maquinaria-pesada-colombia/repuestos-maquinaria-pesada-marcas/repuestos-para-maquinaria-pesada-caterpillar/repuestos-para-maquinaria-pesada-excavadora-caterpillar/repuestos-excavadora-caterpillar-312b","301","migracion","alta","Ruta conservada idéntica en el sitio nuevo. NO necesita redirect (solo difiere la barra final)."
"/repuestos-maquinaria-pesada-colombia/repuestos-maquinaria-pesada-marcas/repuestos-para-maquinaria-pesada-caterpillar/repuestos-para-maquinaria-pesada-excavadora-caterpillar/repuestos-excavadora-caterpillar-312c","/repuestos-maquinaria-pesada-colombia/repuestos-maquinaria-pesada-marcas/repuestos-para-maquinaria-pesada-caterpillar/repuestos-para-maquinaria-pesada-excavadora-caterpillar/repuestos-excavadora-caterpillar-312c","301","migracion","alta","Ruta conservada idéntica en el sitio nuevo. NO necesita redirect (solo difiere la barra final)."
"/repuestos-maquinaria-pesada-colombia/repuestos-maquinaria-pesada-marcas/repuestos-para-maquinaria-pesada-caterpillar/repuestos-para-maquinaria-pesada-excavadora-caterpillar/repuestos-excavadora-caterpillar-312d","/repuestos-maquinaria-pesada-colombia/repuestos-maquinaria-pesada-marcas/repuestos-para-maquinaria-pesada-caterpillar/repuestos-para-maquinaria-pesada-excavadora-caterpillar/repuestos-excavadora-caterpillar-312d","301","migracion","alta","Ruta conservada idéntica en el sitio nuevo. NO necesita redirect (solo difiere la barra final)."
"/repuestos-maquinaria-pesada-colombia/repuestos-maquinaria-pesada-marcas/repuestos-para-maquinaria-pesada-caterpillar/repuestos-para-maquinaria-pesada-excavadora-caterpillar/repuestos-excavadora-caterpillar-312d2","/repuestos-maquinaria-pesada-colombia/repuestos-maquinaria-pesada-marcas/repuestos-para-maquinaria-pesada-caterpillar/repuestos-para-maquinaria-pesada-excavadora-caterpillar/repuestos-excavadora-caterpillar-312d2","301","migracion","alta","Ruta conservada idéntica en el sitio nuevo. NO necesita redirect (solo difiere la barra final)."
"/repuestos-maquinaria-pesada-colombia/repuestos-maquinaria-pesada-marcas/repuestos-para-maquinaria-pesada-caterpillar/repuestos-para-maquinaria-pesada-excavadora-caterpillar/repuestos-excavadora-caterpillar-313b","/repuestos-maquinaria-pesada-colombia/repuestos-maquinaria-pesada-marcas/repuestos-para-maquinaria-pesada-caterpillar/repuestos-para-maquinaria-pesada-excavadora-caterpillar/repuestos-excavadora-caterpillar-313b","301","migracion","alta","Ruta conservada idéntica en el sitio nuevo. NO necesita redirect (solo difiere la barra final)."
"/repuestos-maquinaria-pesada-colombia/repuestos-maquinaria-pesada-marcas/repuestos-para-maquinaria-pesada-caterpillar/repuestos-para-maquinaria-pesada-excavadora-caterpillar/repuestos-excavadora-caterpillar-313d2","/repuestos-maquinaria-pesada-colombia/repuestos-maquinaria-pesada-marcas/repuestos-para-maquinaria-pesada-caterpillar/repuestos-para-maquinaria-pesada-excavadora-caterpillar/repuestos-excavadora-caterpillar-313d2","301","migracion","alta","Ruta conservada idéntica en el sitio nuevo. NO necesita redirect (solo difiere la barra final)."
"/repuestos-maquinaria-pesada-colombia/repuestos-maquinaria-pesada-marcas/repuestos-para-maquinaria-pesada-caterpillar/repuestos-para-maquinaria-pesada-excavadora-caterpillar/repuestos-excavadora-caterpillar-314c","/repuestos-maquinaria-pesada-colombia/repuestos-maquinaria-pesada-marcas/repuestos-para-maquinaria-pesada-caterpillar/repuestos-para-maquinaria-pesada-excavadora-caterpillar/repuestos-excavadora-caterpillar-314c","301","migracion","alta","Ruta conservada idéntica en el sitio nuevo. NO necesita redirect (solo difiere la barra final)."
"/repuestos-maquinaria-pesada-colombia/repuestos-maquinaria-pesada-marcas/repuestos-para-maquinaria-pesada-caterpillar/repuestos-para-maquinaria-pesada-excavadora-caterpillar/repuestos-excavadora-caterpillar-315c","/repuestos-maquinaria-pesada-colombia/repuestos-maquinaria-pesada-marcas/repuestos-para-maquinaria-pesada-caterpillar/repuestos-para-maquinaria-pesada-excavadora-caterpillar/repuestos-excavadora-caterpillar-315c","301","migracion","alta","Ruta conservada idéntica en el sitio nuevo. NO necesita redirect (solo difiere la barra final)."
"/repuestos-maquinaria-pesada-colombia/repuestos-maquinaria-pesada-marcas/repuestos-para-maquinaria-pesada-caterpillar/repuestos-para-maquinaria-pesada-excavadora-caterpillar/repuestos-excavadora-caterpillar-315d","/repuestos-maquinaria-pesada-colombia/repuestos-maquinaria-pesada-marcas/repuestos-para-maquinaria-pesada-caterpillar/repuestos-para-maquinaria-pesada-excavadora-caterpillar/repuestos-excavadora-caterpillar-315d","301","migracion","alta","Ruta conservada idéntica en el sitio nuevo. NO necesita redirect (solo difiere la barra final)."
"/repuestos-maquinaria-pesada-colombia/repuestos-maquinaria-pesada-marcas/repuestos-para-maquinaria-pesada-caterpillar/repuestos-para-maquinaria-pesada-excavadora-caterpillar/repuestos-excavadora-caterpillar-320","/repuestos-maquinaria-pesada-colombia/repuestos-maquinaria-pesada-marcas/repuestos-para-maquinaria-pesada-caterpillar/repuestos-para-maquinaria-pesada-excavadora-caterpillar/repuestos-excavadora-caterpillar-320","301","migracion","alta","Ruta conservada idéntica en el sitio nuevo. NO necesita redirect (solo difiere la barra final)."
"/repuestos-maquinaria-pesada-colombia/repuestos-maquinaria-pesada-marcas/repuestos-para-maquinaria-pesada-caterpillar/repuestos-para-maquinaria-pesada-excavadora-caterpillar/repuestos-excavadora-caterpillar-320b","/repuestos-maquinaria-pesada-colombia/repuestos-maquinaria-pesada-marcas/repuestos-para-maquinaria-pesada-caterpillar/repuestos-para-maquinaria-pesada-excavadora-caterpillar/repuestos-excavadora-caterpillar-320b","301","migracion","alta","Ruta conservada idéntica en el sitio nuevo. NO necesita redirect (solo difiere la barra final)."
"/repuestos-maquinaria-pesada-colombia/repuestos-maquinaria-pesada-marcas/repuestos-para-maquinaria-pesada-caterpillar/repuestos-para-maquinaria-pesada-excavadora-caterpillar/repuestos-excavadora-caterpillar-320c","/repuestos-maquinaria-pesada-colombia/repuestos-maquinaria-pesada-marcas/repuestos-para-maquinaria-pesada-caterpillar/repuestos-para-maquinaria-pesada-excavadora-caterpillar/repuestos-excavadora-caterpillar-320c","301","migracion","alta","Ruta conservada idéntica en el sitio nuevo. NO necesita redirect (solo difiere la barra final)."
"/repuestos-maquinaria-pesada-colombia/repuestos-maquinaria-pesada-marcas/repuestos-para-maquinaria-pesada-caterpillar/repuestos-para-maquinaria-pesada-excavadora-caterpillar/repuestos-excavadora-caterpillar-320d","/repuestos-maquinaria-pesada-colombia/repuestos-maquinaria-pesada-marcas/repuestos-para-maquinaria-pesada-caterpillar/repuestos-para-maquinaria-pesada-excavadora-caterpillar/repuestos-excavadora-caterpillar-320d","301","migracion","alta","Ruta conservada idéntica en el sitio nuevo. NO necesita redirect (solo difiere la barra final)."
"/repuestos-maquinaria-pesada-colombia/repuestos-maquinaria-pesada-marcas/repuestos-para-maquinaria-pesada-caterpillar/repuestos-para-maquinaria-pesada-excavadora-caterpillar/repuestos-excavadora-caterpillar-320d2","/repuestos-maquinaria-pesada-colombia/repuestos-maquinaria-pesada-marcas/repuestos-para-maquinaria-pesada-caterpillar/repuestos-para-maquinaria-pesada-excavadora-caterpillar/repuestos-excavadora-caterpillar-320d2","301","migracion","alta","Ruta conservada idéntica en el sitio nuevo. NO necesita redirect (solo difiere la barra final)."
"/repuestos-maquinaria-pesada-colombia/repuestos-maquinaria-pesada-marcas/repuestos-para-maquinaria-pesada-caterpillar/repuestos-para-maquinaria-pesada-excavadora-caterpillar/repuestos-excavadora-caterpillar-320gc","/repuestos-maquinaria-pesada-colombia/repuestos-maquinaria-pesada-marcas/repuestos-para-maquinaria-pesada-caterpillar/repuestos-para-maquinaria-pesada-excavadora-caterpillar/repuestos-excavadora-caterpillar-320gc","301","migracion","alta","Ruta conservada idéntica en el sitio nuevo. NO necesita redirect (solo difiere la barra final)."
"/repuestos-maquinaria-pesada-colombia/repuestos-maquinaria-pesada-marcas/repuestos-para-maquinaria-pesada-caterpillar/repuestos-para-maquinaria-pesada-excavadora-caterpillar/repuestos-excavadora-caterpillar-322c","/repuestos-maquinaria-pesada-colombia/repuestos-maquinaria-pesada-marcas/repuestos-para-maquinaria-pesada-caterpillar/repuestos-para-maquinaria-pesada-excavadora-caterpillar/repuestos-excavadora-caterpillar-322c","301","migracion","alta","Ruta conservada idéntica en el sitio nuevo. NO necesita redirect (solo difiere la barra final)."
"/repuestos-maquinaria-pesada-colombia/repuestos-maquinaria-pesada-marcas/repuestos-para-maquinaria-pesada-caterpillar/repuestos-para-maquinaria-pesada-excavadora-caterpillar/repuestos-excavadora-caterpillar-323d","/repuestos-maquinaria-pesada-colombia/repuestos-maquinaria-pesada-marcas/repuestos-para-maquinaria-pesada-caterpillar/repuestos-para-maquinaria-pesada-excavadora-caterpillar/repuestos-excavadora-caterpillar-323d","301","migracion","alta","Ruta conservada idéntica en el sitio nuevo. NO necesita redirect (solo difiere la barra final)."
"/repuestos-maquinaria-pesada-colombia/repuestos-maquinaria-pesada-marcas/repuestos-para-maquinaria-pesada-caterpillar/repuestos-para-maquinaria-pesada-excavadora-caterpillar/repuestos-excavadora-caterpillar-324d","/repuestos-maquinaria-pesada-colombia/repuestos-maquinaria-pesada-marcas/repuestos-para-maquinaria-pesada-caterpillar/repuestos-para-maquinaria-pesada-excavadora-caterpillar/repuestos-excavadora-caterpillar-324d","301","migracion","alta","Ruta conservada idéntica en el sitio nuevo. NO necesita redirect (solo difiere la barra final)."
"/repuestos-maquinaria-pesada-colombia/repuestos-maquinaria-pesada-marcas/repuestos-para-maquinaria-pesada-caterpillar/repuestos-para-maquinaria-pesada-excavadora-caterpillar/repuestos-excavadora-caterpillar-325c","/repuestos-maquinaria-pesada-colombia/repuestos-maquinaria-pesada-marcas/repuestos-para-maquinaria-pesada-caterpillar/repuestos-para-maquinaria-pesada-excavadora-caterpillar/repuestos-excavadora-caterpillar-325c","301","migracion","alta","Ruta conservada idéntica en el sitio nuevo. NO necesita redirect (solo difiere la barra final)."
"/repuestos-maquinaria-pesada-colombia/repuestos-maquinaria-pesada-marcas/repuestos-para-maquinaria-pesada-caterpillar/repuestos-para-maquinaria-pesada-excavadora-caterpillar/repuestos-excavadora-caterpillar-325d","/repuestos-maquinaria-pesada-colombia/repuestos-maquinaria-pesada-marcas/repuestos-para-maquinaria-pesada-caterpillar/repuestos-para-maquinaria-pesada-excavadora-caterpillar/repuestos-excavadora-caterpillar-325d","301","migracion","alta","Ruta conservada idéntica en el sitio nuevo. NO necesita redirect (solo difiere la barra final)."
"/repuestos-maquinaria-pesada-colombia/repuestos-maquinaria-pesada-marcas/repuestos-para-maquinaria-pesada-caterpillar/repuestos-para-maquinaria-pesada-excavadora-caterpillar/repuestos-excavadora-caterpillar-330","/repuestos-maquinaria-pesada-colombia/repuestos-maquinaria-pesada-marcas/repuestos-para-maquinaria-pesada-caterpillar/repuestos-para-maquinaria-pesada-excavadora-caterpillar/repuestos-excavadora-caterpillar-330","301","migracion","alta","Ruta conservada idéntica en el sitio nuevo. NO necesita redirect (solo difiere la barra final)."
"/repuestos-maquinaria-pesada-colombia/repuestos-maquinaria-pesada-marcas/repuestos-para-maquinaria-pesada-caterpillar/repuestos-para-maquinaria-pesada-excavadora-caterpillar/repuestos-excavadora-caterpillar-330b","/repuestos-maquinaria-pesada-colombia/repuestos-maquinaria-pesada-marcas/repuestos-para-maquinaria-pesada-caterpillar/repuestos-para-maquinaria-pesada-excavadora-caterpillar/repuestos-excavadora-caterpillar-330b","301","migracion","alta","Ruta conservada idéntica en el sitio nuevo. NO necesita redirect (solo difiere la barra final)."
"/repuestos-maquinaria-pesada-colombia/repuestos-maquinaria-pesada-marcas/repuestos-para-maquinaria-pesada-caterpillar/repuestos-para-maquinaria-pesada-excavadora-caterpillar/repuestos-excavadora-caterpillar-330c","/repuestos-maquinaria-pesada-colombia/repuestos-maquinaria-pesada-marcas/repuestos-para-maquinaria-pesada-caterpillar/repuestos-para-maquinaria-pesada-excavadora-caterpillar/repuestos-excavadora-caterpillar-330c","301","migracion","alta","Ruta conservada idéntica en el sitio nuevo. NO necesita redirect (solo difiere la barra final)."
"/repuestos-maquinaria-pesada-colombia/repuestos-maquinaria-pesada-marcas/repuestos-para-maquinaria-pesada-caterpillar/repuestos-para-maquinaria-pesada-excavadora-caterpillar/repuestos-excavadora-caterpillar-330d","/repuestos-maquinaria-pesada-colombia/repuestos-maquinaria-pesada-marcas/repuestos-para-maquinaria-pesada-caterpillar/repuestos-para-maquinaria-pesada-excavadora-caterpillar/repuestos-excavadora-caterpillar-330d","301","migracion","alta","Ruta conservada idéntica en el sitio nuevo. NO necesita redirect (solo difiere la barra final)."
"/repuestos-maquinaria-pesada-colombia/repuestos-maquinaria-pesada-marcas/repuestos-para-maquinaria-pesada-caterpillar/repuestos-para-maquinaria-pesada-excavadora-caterpillar/repuestos-excavadora-caterpillar-330d2","/repuestos-maquinaria-pesada-colombia/repuestos-maquinaria-pesada-marcas/repuestos-para-maquinaria-pesada-caterpillar/repuestos-para-maquinaria-pesada-excavadora-caterpillar/repuestos-excavadora-caterpillar-330d2","301","migracion","alta","Ruta conservada idéntica en el sitio nuevo. NO necesita redirect (solo difiere la barra final)."
"/repuestos-maquinaria-pesada-colombia/repuestos-maquinaria-pesada-marcas/repuestos-para-maquinaria-pesada-caterpillar/repuestos-para-maquinaria-pesada-excavadora-caterpillar/repuestos-excavadora-caterpillar-330gc","/repuestos-maquinaria-pesada-colombia/repuestos-maquinaria-pesada-marcas/repuestos-para-maquinaria-pesada-caterpillar/repuestos-para-maquinaria-pesada-excavadora-caterpillar/repuestos-excavadora-caterpillar-330gc","301","migracion","alta","Ruta conservada idéntica en el sitio nuevo. NO necesita redirect (solo difiere la barra final)."
"/repuestos-maquinaria-pesada-colombia/repuestos-maquinaria-pesada-marcas/repuestos-para-maquinaria-pesada-caterpillar/repuestos-para-maquinaria-pesada-excavadora-caterpillar/repuestos-excavadora-caterpillar-336d","/repuestos-maquinaria-pesada-colombia/repuestos-maquinaria-pesada-marcas/repuestos-para-maquinaria-pesada-caterpillar/repuestos-para-maquinaria-pesada-excavadora-caterpillar/repuestos-excavadora-caterpillar-336d","301","migracion","alta","Ruta conservada idéntica en el sitio nuevo. NO necesita redirect (solo difiere la barra final)."
"/repuestos-maquinaria-pesada-colombia/repuestos-maquinaria-pesada-marcas/repuestos-para-maquinaria-pesada-caterpillar/repuestos-para-maquinaria-pesada-excavadora-caterpillar/repuestos-excavadora-caterpillar-336d2","/repuestos-maquinaria-pesada-colombia/repuestos-maquinaria-pesada-marcas/repuestos-para-maquinaria-pesada-caterpillar/repuestos-para-maquinaria-pesada-excavadora-caterpillar/repuestos-excavadora-caterpillar-336d2","301","migracion","alta","Ruta conservada idéntica en el sitio nuevo. NO necesita redirect (solo difiere la barra final)."
"/repuestos-maquinaria-pesada-colombia/repuestos-maquinaria-pesada-marcas/repuestos-para-maquinaria-pesada-caterpillar/repuestos-para-maquinaria-pesada-excavadora-caterpillar/repuestos-excavadora-caterpillar-345b","/repuestos-maquinaria-pesada-colombia/repuestos-maquinaria-pesada-marcas/repuestos-para-maquinaria-pesada-caterpillar/repuestos-para-maquinaria-pesada-excavadora-caterpillar/repuestos-excavadora-caterpillar-345b","301","migracion","alta","Ruta conservada idéntica en el sitio nuevo. NO necesita redirect (solo difiere la barra final)."
"/repuestos-maquinaria-pesada-colombia/repuestos-maquinaria-pesada-marcas/repuestos-para-maquinaria-pesada-caterpillar/repuestos-para-maquinaria-pesada-excavadora-caterpillar/repuestos-excavadora-caterpillar-345c","/repuestos-maquinaria-pesada-colombia/repuestos-maquinaria-pesada-marcas/repuestos-para-maquinaria-pesada-caterpillar/repuestos-para-maquinaria-pesada-excavadora-caterpillar/repuestos-excavadora-caterpillar-345c","301","migracion","alta","Ruta conservada idéntica en el sitio nuevo. NO necesita redirect (solo difiere la barra final)."
"/repuestos-maquinaria-pesada-colombia/repuestos-maquinaria-pesada-marcas/repuestos-para-maquinaria-pesada-caterpillar/repuestos-para-maquinaria-pesada-excavadora-caterpillar/repuestos-excavadora-caterpillar-349d2","/repuestos-maquinaria-pesada-colombia/repuestos-maquinaria-pesada-marcas/repuestos-para-maquinaria-pesada-caterpillar/repuestos-para-maquinaria-pesada-excavadora-caterpillar/repuestos-excavadora-caterpillar-349d2","301","migracion","alta","Ruta conservada idéntica en el sitio nuevo. NO necesita redirect (solo difiere la barra final)."
"/repuestos-maquinaria-pesada-colombia/repuestos-maquinaria-pesada-marcas/repuestos-para-maquinaria-pesada-caterpillar/repuestos-para-maquinaria-pesada-excavadora-caterpillar/repuestos-excavadora-caterpillar-e200b","/repuestos-maquinaria-pesada-colombia/repuestos-maquinaria-pesada-marcas/repuestos-para-maquinaria-pesada-caterpillar/repuestos-para-maquinaria-pesada-excavadora-caterpillar/repuestos-excavadora-caterpillar-e200b","301","migracion","alta","Ruta conservada idéntica en el sitio nuevo. NO necesita redirect (solo difiere la barra final)."
"/repuestos-maquinaria-pesada-colombia/repuestos-maquinaria-pesada-marcas/repuestos-para-maquinaria-pesada-caterpillar/repuestos-para-maquinaria-pesada-minicargador-caterpillar","/repuestos-maquinaria-pesada-colombia/repuestos-maquinaria-pesada-marcas/repuestos-para-maquinaria-pesada-caterpillar/repuestos-para-maquinaria-pesada-minicargador-caterpillar","301","migracion","alta","Ruta conservada idéntica en el sitio nuevo. NO necesita redirect (solo difiere la barra final)."
"/repuestos-maquinaria-pesada-colombia/repuestos-maquinaria-pesada-marcas/repuestos-para-maquinaria-pesada-caterpillar/repuestos-para-maquinaria-pesada-minicargador-caterpillar/repuestos-minicargador-caterpillar-226b","/repuestos-maquinaria-pesada-colombia/repuestos-maquinaria-pesada-marcas/repuestos-para-maquinaria-pesada-caterpillar/repuestos-para-maquinaria-pesada-minicargador-caterpillar/repuestos-minicargador-caterpillar-226b","301","migracion","alta","Ruta conservada idéntica en el sitio nuevo. NO necesita redirect (solo difiere la barra final)."
"/repuestos-maquinaria-pesada-colombia/repuestos-maquinaria-pesada-marcas/repuestos-para-maquinaria-pesada-caterpillar/repuestos-para-maquinaria-pesada-minicargador-caterpillar/repuestos-minicargador-caterpillar-226b3","/repuestos-maquinaria-pesada-colombia/repuestos-maquinaria-pesada-marcas/repuestos-para-maquinaria-pesada-caterpillar/repuestos-para-maquinaria-pesada-minicargador-caterpillar/repuestos-minicargador-caterpillar-226b3","301","migracion","alta","Ruta conservada idéntica en el sitio nuevo. NO necesita redirect (solo difiere la barra final)."
"/repuestos-maquinaria-pesada-colombia/repuestos-maquinaria-pesada-marcas/repuestos-para-maquinaria-pesada-caterpillar/repuestos-para-maquinaria-pesada-minicargador-caterpillar/repuestos-minicargador-caterpillar-236b","/repuestos-maquinaria-pesada-colombia/repuestos-maquinaria-pesada-marcas/repuestos-para-maquinaria-pesada-caterpillar/repuestos-para-maquinaria-pesada-minicargador-caterpillar/repuestos-minicargador-caterpillar-236b","301","migracion","alta","Ruta conservada idéntica en el sitio nuevo. NO necesita redirect (solo difiere la barra final)."
"/repuestos-maquinaria-pesada-colombia/repuestos-maquinaria-pesada-marcas/repuestos-para-maquinaria-pesada-caterpillar/repuestos-para-maquinaria-pesada-minicargador-caterpillar/repuestos-minicargador-caterpillar-236b3","/repuestos-maquinaria-pesada-colombia/repuestos-maquinaria-pesada-marcas/repuestos-para-maquinaria-pesada-caterpillar/repuestos-para-maquinaria-pesada-minicargador-caterpillar/repuestos-minicargador-caterpillar-236b3","301","migracion","alta","Ruta conservada idéntica en el sitio nuevo. NO necesita redirect (solo difiere la barra final)."
"/repuestos-maquinaria-pesada-colombia/repuestos-maquinaria-pesada-marcas/repuestos-para-maquinaria-pesada-caterpillar/repuestos-para-maquinaria-pesada-minicargador-caterpillar/repuestos-minicargador-caterpillar-236d","/repuestos-maquinaria-pesada-colombia/repuestos-maquinaria-pesada-marcas/repuestos-para-maquinaria-pesada-caterpillar/repuestos-para-maquinaria-pesada-minicargador-caterpillar/repuestos-minicargador-caterpillar-236d","301","migracion","alta","Ruta conservada idéntica en el sitio nuevo. NO necesita redirect (solo difiere la barra final)."
"/repuestos-maquinaria-pesada-colombia/repuestos-maquinaria-pesada-marcas/repuestos-para-maquinaria-pesada-caterpillar/repuestos-para-maquinaria-pesada-minicargador-caterpillar/repuestos-minicargador-caterpillar-242b","/repuestos-maquinaria-pesada-colombia/repuestos-maquinaria-pesada-marcas/repuestos-para-maquinaria-pesada-caterpillar/repuestos-para-maquinaria-pesada-minicargador-caterpillar/repuestos-minicargador-caterpillar-242b","301","migracion","alta","Ruta conservada idéntica en el sitio nuevo. NO necesita redirect (solo difiere la barra final)."
"/repuestos-maquinaria-pesada-colombia/repuestos-maquinaria-pesada-marcas/repuestos-para-maquinaria-pesada-caterpillar/repuestos-para-maquinaria-pesada-minicargador-caterpillar/repuestos-minicargador-caterpillar-242b3","/repuestos-maquinaria-pesada-colombia/repuestos-maquinaria-pesada-marcas/repuestos-para-maquinaria-pesada-caterpillar/repuestos-para-maquinaria-pesada-minicargador-caterpillar/repuestos-minicargador-caterpillar-242b3","301","migracion","alta","Ruta conservada idéntica en el sitio nuevo. NO necesita redirect (solo difiere la barra final)."
"/repuestos-maquinaria-pesada-colombia/repuestos-maquinaria-pesada-marcas/repuestos-para-maquinaria-pesada-caterpillar/repuestos-para-maquinaria-pesada-minicargador-caterpillar/repuestos-minicargador-caterpillar-246b","/repuestos-maquinaria-pesada-colombia/repuestos-maquinaria-pesada-marcas/repuestos-para-maquinaria-pesada-caterpillar/repuestos-para-maquinaria-pesada-minicargador-caterpillar/repuestos-minicargador-caterpillar-246b","301","migracion","alta","Ruta conservada idéntica en el sitio nuevo. NO necesita redirect (solo difiere la barra final)."
"/repuestos-maquinaria-pesada-colombia/repuestos-maquinaria-pesada-marcas/repuestos-para-maquinaria-pesada-caterpillar/repuestos-para-maquinaria-pesada-minicargador-caterpillar/repuestos-minicargador-caterpillar-246d","/repuestos-maquinaria-pesada-colombia/repuestos-maquinaria-pesada-marcas/repuestos-para-maquinaria-pesada-caterpillar/repuestos-para-maquinaria-pesada-minicargador-caterpillar/repuestos-minicargador-caterpillar-246d","301","migracion","alta","Ruta conservada idéntica en el sitio nuevo. NO necesita redirect (solo difiere la barra final)."
"/repuestos-maquinaria-pesada-colombia/repuestos-maquinaria-pesada-marcas/repuestos-para-maquinaria-pesada-caterpillar/repuestos-para-maquinaria-pesada-minicargador-caterpillar/repuestos-minicargador-caterpillar-262b","/repuestos-maquinaria-pesada-colombia/repuestos-maquinaria-pesada-marcas/repuestos-para-maquinaria-pesada-caterpillar/repuestos-para-maquinaria-pesada-minicargador-caterpillar/repuestos-minicargador-caterpillar-262b","301","migracion","alta","Ruta conservada idéntica en el sitio nuevo. NO necesita redirect (solo difiere la barra final)."
"/repuestos-maquinaria-pesada-colombia/repuestos-maquinaria-pesada-marcas/repuestos-para-maquinaria-pesada-caterpillar/repuestos-para-maquinaria-pesada-motoniveladora-caterpillar","/repuestos-maquinaria-pesada-colombia/repuestos-maquinaria-pesada-marcas/repuestos-para-maquinaria-pesada-caterpillar/repuestos-para-maquinaria-pesada-motoniveladora-caterpillar","301","migracion","alta","Ruta conservada idéntica en el sitio nuevo. NO necesita redirect (solo difiere la barra final)."
"/repuestos-maquinaria-pesada-colombia/repuestos-maquinaria-pesada-marcas/repuestos-para-maquinaria-pesada-caterpillar/repuestos-para-maquinaria-pesada-motoniveladora-caterpillar/repuestos-motoniveladora-caterpillar-120g","/repuestos-maquinaria-pesada-colombia/repuestos-maquinaria-pesada-marcas/repuestos-para-maquinaria-pesada-caterpillar/repuestos-para-maquinaria-pesada-motoniveladora-caterpillar/repuestos-motoniveladora-caterpillar-120g","301","migracion","alta","Ruta conservada idéntica en el sitio nuevo. NO necesita redirect (solo difiere la barra final)."
"/repuestos-maquinaria-pesada-colombia/repuestos-maquinaria-pesada-marcas/repuestos-para-maquinaria-pesada-caterpillar/repuestos-para-maquinaria-pesada-motoniveladora-caterpillar/repuestos-motoniveladora-caterpillar-120h","/repuestos-maquinaria-pesada-colombia/repuestos-maquinaria-pesada-marcas/repuestos-para-maquinaria-pesada-caterpillar/repuestos-para-maquinaria-pesada-motoniveladora-caterpillar/repuestos-motoniveladora-caterpillar-120h","301","migracion","alta","Ruta conservada idéntica en el sitio nuevo. NO necesita redirect (solo difiere la barra final)."
"/repuestos-maquinaria-pesada-colombia/repuestos-maquinaria-pesada-marcas/repuestos-para-maquinaria-pesada-caterpillar/repuestos-para-maquinaria-pesada-motoniveladora-caterpillar/repuestos-motoniveladora-caterpillar-120k","/repuestos-maquinaria-pesada-colombia/repuestos-maquinaria-pesada-marcas/repuestos-para-maquinaria-pesada-caterpillar/repuestos-para-maquinaria-pesada-motoniveladora-caterpillar/repuestos-motoniveladora-caterpillar-120k","301","migracion","alta","Ruta conservada idéntica en el sitio nuevo. NO necesita redirect (solo difiere la barra final)."
"/repuestos-maquinaria-pesada-colombia/repuestos-maquinaria-pesada-marcas/repuestos-para-maquinaria-pesada-caterpillar/repuestos-para-maquinaria-pesada-motoniveladora-caterpillar/repuestos-motoniveladora-caterpillar-120m","/repuestos-maquinaria-pesada-colombia/repuestos-maquinaria-pesada-marcas/repuestos-para-maquinaria-pesada-caterpillar/repuestos-para-maquinaria-pesada-motoniveladora-caterpillar/repuestos-motoniveladora-caterpillar-120m","301","migracion","alta","Ruta conservada idéntica en el sitio nuevo. NO necesita redirect (solo difiere la barra final)."
"/repuestos-maquinaria-pesada-colombia/repuestos-maquinaria-pesada-marcas/repuestos-para-maquinaria-pesada-caterpillar/repuestos-para-maquinaria-pesada-motoniveladora-caterpillar/repuestos-motoniveladora-caterpillar-12g","/repuestos-maquinaria-pesada-colombia/repuestos-maquinaria-pesada-marcas/repuestos-para-maquinaria-pesada-caterpillar/repuestos-para-maquinaria-pesada-motoniveladora-caterpillar/repuestos-motoniveladora-caterpillar-12g","301","migracion","alta","Ruta conservada idéntica en el sitio nuevo. NO necesita redirect (solo difiere la barra final)."
"/repuestos-maquinaria-pesada-colombia/repuestos-maquinaria-pesada-marcas/repuestos-para-maquinaria-pesada-caterpillar/repuestos-para-maquinaria-pesada-motoniveladora-caterpillar/repuestos-motoniveladora-caterpillar-12h","/repuestos-maquinaria-pesada-colombia/repuestos-maquinaria-pesada-marcas/repuestos-para-maquinaria-pesada-caterpillar/repuestos-para-maquinaria-pesada-motoniveladora-caterpillar/repuestos-motoniveladora-caterpillar-12h","301","migracion","alta","Ruta conservada idéntica en el sitio nuevo. NO necesita redirect (solo difiere la barra final)."
"/repuestos-maquinaria-pesada-colombia/repuestos-maquinaria-pesada-marcas/repuestos-para-maquinaria-pesada-caterpillar/repuestos-para-maquinaria-pesada-motoniveladora-caterpillar/repuestos-motoniveladora-caterpillar-140g","/repuestos-maquinaria-pesada-colombia/repuestos-maquinaria-pesada-marcas/repuestos-para-maquinaria-pesada-caterpillar/repuestos-para-maquinaria-pesada-motoniveladora-caterpillar/repuestos-motoniveladora-caterpillar-140g","301","migracion","alta","Ruta conservada idéntica en el sitio nuevo. NO necesita redirect (solo difiere la barra final)."
"/repuestos-maquinaria-pesada-colombia/repuestos-maquinaria-pesada-marcas/repuestos-para-maquinaria-pesada-caterpillar/repuestos-para-maquinaria-pesada-motoniveladora-caterpillar/repuestos-motoniveladora-caterpillar-140h","/repuestos-maquinaria-pesada-colombia/repuestos-maquinaria-pesada-marcas/repuestos-para-maquinaria-pesada-caterpillar/repuestos-para-maquinaria-pesada-motoniveladora-caterpillar/repuestos-motoniveladora-caterpillar-140h","301","migracion","alta","Ruta conservada idéntica en el sitio nuevo. NO necesita redirect (solo difiere la barra final)."
"/repuestos-maquinaria-pesada-colombia/repuestos-maquinaria-pesada-marcas/repuestos-para-maquinaria-pesada-caterpillar/repuestos-para-maquinaria-pesada-motoniveladora-caterpillar/repuestos-motoniveladora-caterpillar-140k","/repuestos-maquinaria-pesada-colombia/repuestos-maquinaria-pesada-marcas/repuestos-para-maquinaria-pesada-caterpillar/repuestos-para-maquinaria-pesada-motoniveladora-caterpillar/repuestos-motoniveladora-caterpillar-140k","301","migracion","alta","Ruta conservada idéntica en el sitio nuevo. NO necesita redirect (solo difiere la barra final)."
"/repuestos-maquinaria-pesada-colombia/repuestos-maquinaria-pesada-marcas/repuestos-para-maquinaria-pesada-caterpillar/repuestos-para-maquinaria-pesada-motoniveladora-caterpillar/repuestos-motoniveladora-caterpillar-14g","/repuestos-maquinaria-pesada-colombia/repuestos-maquinaria-pesada-marcas/repuestos-para-maquinaria-pesada-caterpillar/repuestos-para-maquinaria-pesada-motoniveladora-caterpillar/repuestos-motoniveladora-caterpillar-14g","301","migracion","alta","Ruta conservada idéntica en el sitio nuevo. NO necesita redirect (solo difiere la barra final)."
"/repuestos-maquinaria-pesada-colombia/repuestos-maquinaria-pesada-marcas/repuestos-para-maquinaria-pesada-caterpillar/repuestos-para-maquinaria-pesada-retrocargador-caterpillar","/repuestos-maquinaria-pesada-colombia/repuestos-maquinaria-pesada-marcas/repuestos-para-maquinaria-pesada-caterpillar/repuestos-para-maquinaria-pesada-retrocargador-caterpillar","301","migracion","alta","Ruta conservada idéntica en el sitio nuevo. NO necesita redirect (solo difiere la barra final)."
"/repuestos-maquinaria-pesada-colombia/repuestos-maquinaria-pesada-marcas/repuestos-para-maquinaria-pesada-caterpillar/repuestos-para-maquinaria-pesada-retrocargador-caterpillar/repuestos-retrocargadora-caterpillar-416","/repuestos-maquinaria-pesada-colombia/repuestos-maquinaria-pesada-marcas/repuestos-para-maquinaria-pesada-caterpillar/repuestos-para-maquinaria-pesada-retrocargador-caterpillar/repuestos-retrocargadora-caterpillar-416","301","migracion","alta","Ruta conservada idéntica en el sitio nuevo. NO necesita redirect (solo difiere la barra final)."
"/repuestos-maquinaria-pesada-colombia/repuestos-maquinaria-pesada-marcas/repuestos-para-maquinaria-pesada-caterpillar/repuestos-para-maquinaria-pesada-retrocargador-caterpillar/repuestos-retrocargadora-caterpillar-416b","/repuestos-maquinaria-pesada-colombia/repuestos-maquinaria-pesada-marcas/repuestos-para-maquinaria-pesada-caterpillar/repuestos-para-maquinaria-pesada-retrocargador-caterpillar/repuestos-retrocargadora-caterpillar-416b","301","migracion","alta","Ruta conservada idéntica en el sitio nuevo. NO necesita redirect (solo difiere la barra final)."
"/repuestos-maquinaria-pesada-colombia/repuestos-maquinaria-pesada-marcas/repuestos-para-maquinaria-pesada-caterpillar/repuestos-para-maquinaria-pesada-retrocargador-caterpillar/repuestos-retrocargadora-caterpillar-416c","/repuestos-maquinaria-pesada-colombia/repuestos-maquinaria-pesada-marcas/repuestos-para-maquinaria-pesada-caterpillar/repuestos-para-maquinaria-pesada-retrocargador-caterpillar/repuestos-retrocargadora-caterpillar-416c","301","migracion","alta","Ruta conservada idéntica en el sitio nuevo. NO necesita redirect (solo difiere la barra final)."
"/repuestos-maquinaria-pesada-colombia/repuestos-maquinaria-pesada-marcas/repuestos-para-maquinaria-pesada-caterpillar/repuestos-para-maquinaria-pesada-retrocargador-caterpillar/repuestos-retrocargadora-caterpillar-416d","/repuestos-maquinaria-pesada-colombia/repuestos-maquinaria-pesada-marcas/repuestos-para-maquinaria-pesada-caterpillar/repuestos-para-maquinaria-pesada-retrocargador-caterpillar/repuestos-retrocargadora-caterpillar-416d","301","migracion","alta","Ruta conservada idéntica en el sitio nuevo. NO necesita redirect (solo difiere la barra final)."
"/repuestos-maquinaria-pesada-colombia/repuestos-maquinaria-pesada-marcas/repuestos-para-maquinaria-pesada-caterpillar/repuestos-para-maquinaria-pesada-retrocargador-caterpillar/repuestos-retrocargadora-caterpillar-416e","/repuestos-maquinaria-pesada-colombia/repuestos-maquinaria-pesada-marcas/repuestos-para-maquinaria-pesada-caterpillar/repuestos-para-maquinaria-pesada-retrocargador-caterpillar/repuestos-retrocargadora-caterpillar-416e","301","migracion","alta","Ruta conservada idéntica en el sitio nuevo. NO necesita redirect (solo difiere la barra final)."
"/repuestos-maquinaria-pesada-colombia/repuestos-maquinaria-pesada-marcas/repuestos-para-maquinaria-pesada-caterpillar/repuestos-para-maquinaria-pesada-retrocargador-caterpillar/repuestos-retrocargadora-caterpillar-416f2","/repuestos-maquinaria-pesada-colombia/repuestos-maquinaria-pesada-marcas/repuestos-para-maquinaria-pesada-caterpillar/repuestos-para-maquinaria-pesada-retrocargador-caterpillar/repuestos-retrocargadora-caterpillar-416f2","301","migracion","alta","Ruta conservada idéntica en el sitio nuevo. NO necesita redirect (solo difiere la barra final)."
"/repuestos-maquinaria-pesada-colombia/repuestos-maquinaria-pesada-marcas/repuestos-para-maquinaria-pesada-caterpillar/repuestos-para-maquinaria-pesada-retrocargador-caterpillar/repuestos-retrocargadora-caterpillar-420d","/repuestos-maquinaria-pesada-colombia/repuestos-maquinaria-pesada-marcas/repuestos-para-maquinaria-pesada-caterpillar/repuestos-para-maquinaria-pesada-retrocargador-caterpillar/repuestos-retrocargadora-caterpillar-420d","301","migracion","alta","Ruta conservada idéntica en el sitio nuevo. NO necesita redirect (solo difiere la barra final)."
"/repuestos-maquinaria-pesada-colombia/repuestos-maquinaria-pesada-marcas/repuestos-para-maquinaria-pesada-caterpillar/repuestos-para-maquinaria-pesada-retrocargador-caterpillar/repuestos-retrocargadora-caterpillar-420e","/repuestos-maquinaria-pesada-colombia/repuestos-maquinaria-pesada-marcas/repuestos-para-maquinaria-pesada-caterpillar/repuestos-para-maquinaria-pesada-retrocargador-caterpillar/repuestos-retrocargadora-caterpillar-420e","301","migracion","alta","Ruta conservada idéntica en el sitio nuevo. NO necesita redirect (solo difiere la barra final)."
"/repuestos-maquinaria-pesada-colombia/repuestos-maquinaria-pesada-marcas/repuestos-para-maquinaria-pesada-caterpillar/repuestos-para-maquinaria-pesada-retrocargador-caterpillar/repuestos-retrocargadora-caterpillar-420f","/repuestos-maquinaria-pesada-colombia/repuestos-maquinaria-pesada-marcas/repuestos-para-maquinaria-pesada-caterpillar/repuestos-para-maquinaria-pesada-retrocargador-caterpillar/repuestos-retrocargadora-caterpillar-420f","301","migracion","alta","Ruta conservada idéntica en el sitio nuevo. NO necesita redirect (solo difiere la barra final)."
"/repuestos-maquinaria-pesada-colombia/repuestos-maquinaria-pesada-marcas/repuestos-para-maquinaria-pesada-caterpillar/repuestos-para-maquinaria-pesada-retrocargador-caterpillar/repuestos-retrocargadora-caterpillar-420f2","/repuestos-maquinaria-pesada-colombia/repuestos-maquinaria-pesada-marcas/repuestos-para-maquinaria-pesada-caterpillar/repuestos-para-maquinaria-pesada-retrocargador-caterpillar/repuestos-retrocargadora-caterpillar-420f2","301","migracion","alta","Ruta conservada idéntica en el sitio nuevo. NO necesita redirect (solo difiere la barra final)."
"/repuestos-maquinaria-pesada-colombia/repuestos-maquinaria-pesada-marcas/repuestos-para-maquinaria-pesada-caterpillar/repuestos-para-maquinaria-pesada-retrocargador-caterpillar/repuestos-retrocargadora-caterpillar-426c","/repuestos-maquinaria-pesada-colombia/repuestos-maquinaria-pesada-marcas/repuestos-para-maquinaria-pesada-caterpillar/repuestos-para-maquinaria-pesada-retrocargador-caterpillar/repuestos-retrocargadora-caterpillar-426c","301","migracion","alta","Ruta conservada idéntica en el sitio nuevo. NO necesita redirect (solo difiere la barra final)."
"/repuestos-maquinaria-pesada-colombia/repuestos-maquinaria-pesada-marcas/repuestos-para-maquinaria-pesada-caterpillar/repuestos-para-maquinaria-pesada-retrocargador-caterpillar/repuestos-retrocargadora-caterpillar-428","/repuestos-maquinaria-pesada-colombia/repuestos-maquinaria-pesada-marcas/repuestos-para-maquinaria-pesada-caterpillar/repuestos-para-maquinaria-pesada-retrocargador-caterpillar/repuestos-retrocargadora-caterpillar-428","301","migracion","alta","Ruta conservada idéntica en el sitio nuevo. NO necesita redirect (solo difiere la barra final)."
"/repuestos-maquinaria-pesada-colombia/repuestos-maquinaria-pesada-marcas/repuestos-para-maquinaria-pesada-caterpillar/repuestos-para-maquinaria-pesada-retrocargador-caterpillar/repuestos-retrocargadora-caterpillar-428b","/repuestos-maquinaria-pesada-colombia/repuestos-maquinaria-pesada-marcas/repuestos-para-maquinaria-pesada-caterpillar/repuestos-para-maquinaria-pesada-retrocargador-caterpillar/repuestos-retrocargadora-caterpillar-428b","301","migracion","alta","Ruta conservada idéntica en el sitio nuevo. NO necesita redirect (solo difiere la barra final)."
"/repuestos-maquinaria-pesada-colombia/repuestos-maquinaria-pesada-marcas/repuestos-para-maquinaria-pesada-caterpillar/repuestos-para-maquinaria-pesada-retrocargador-caterpillar/repuestos-retrocargadora-caterpillar-428c","/repuestos-maquinaria-pesada-colombia/repuestos-maquinaria-pesada-marcas/repuestos-para-maquinaria-pesada-caterpillar/repuestos-para-maquinaria-pesada-retrocargador-caterpillar/repuestos-retrocargadora-caterpillar-428c","301","migracion","alta","Ruta conservada idéntica en el sitio nuevo. NO necesita redirect (solo difiere la barra final)."
"/repuestos-maquinaria-pesada-colombia/repuestos-maquinaria-pesada-marcas/repuestos-para-maquinaria-pesada-caterpillar/repuestos-para-maquinaria-pesada-retrocargador-caterpillar/repuestos-retrocargadora-caterpillar-428d-2","/repuestos-maquinaria-pesada-colombia/repuestos-maquinaria-pesada-marcas/repuestos-para-maquinaria-pesada-caterpillar/repuestos-para-maquinaria-pesada-retrocargador-caterpillar/repuestos-retrocargadora-caterpillar-428d-2","301","migracion","alta","Ruta conservada idéntica en el sitio nuevo. NO necesita redirect (solo difiere la barra final)."
"/repuestos-maquinaria-pesada-colombia/repuestos-maquinaria-pesada-marcas/repuestos-para-maquinaria-pesada-caterpillar/repuestos-para-maquinaria-pesada-retrocargador-caterpillar/repuestos-retrocargadora-caterpillar-428d","/repuestos-maquinaria-pesada-colombia/repuestos-maquinaria-pesada-marcas/repuestos-para-maquinaria-pesada-caterpillar/repuestos-para-maquinaria-pesada-retrocargador-caterpillar/repuestos-retrocargadora-caterpillar-428d","301","migracion","alta","Ruta conservada idéntica en el sitio nuevo. NO necesita redirect (solo difiere la barra final)."
"/repuestos-maquinaria-pesada-colombia/repuestos-maquinaria-pesada-marcas/repuestos-para-maquinaria-pesada-caterpillar/repuestos-para-maquinaria-pesada-retrocargador-caterpillar/repuestos-retrocargadora-caterpillar-428e","/repuestos-maquinaria-pesada-colombia/repuestos-maquinaria-pesada-marcas/repuestos-para-maquinaria-pesada-caterpillar/repuestos-para-maquinaria-pesada-retrocargador-caterpillar/repuestos-retrocargadora-caterpillar-428e","301","migracion","alta","Ruta conservada idéntica en el sitio nuevo. NO necesita redirect (solo difiere la barra final)."
"/repuestos-maquinaria-pesada-colombia/repuestos-maquinaria-pesada-marcas/repuestos-para-maquinaria-pesada-caterpillar/repuestos-para-maquinaria-pesada-retrocargador-caterpillar/repuestos-retrocargadora-caterpillar-428f","/repuestos-maquinaria-pesada-colombia/repuestos-maquinaria-pesada-marcas/repuestos-para-maquinaria-pesada-caterpillar/repuestos-para-maquinaria-pesada-retrocargador-caterpillar/repuestos-retrocargadora-caterpillar-428f","301","migracion","alta","Ruta conservada idéntica en el sitio nuevo. NO necesita redirect (solo difiere la barra final)."
"/repuestos-maquinaria-pesada-colombia/repuestos-maquinaria-pesada-marcas/repuestos-para-maquinaria-pesada-caterpillar/repuestos-para-maquinaria-pesada-retrocargador-caterpillar/repuestos-retrocargadora-caterpillar-430d","/repuestos-maquinaria-pesada-colombia/repuestos-maquinaria-pesada-marcas/repuestos-para-maquinaria-pesada-caterpillar/repuestos-para-maquinaria-pesada-retrocargador-caterpillar/repuestos-retrocargadora-caterpillar-430d","301","migracion","alta","Ruta conservada idéntica en el sitio nuevo. NO necesita redirect (solo difiere la barra final)."
"/repuestos-maquinaria-pesada-colombia/repuestos-maquinaria-pesada-marcas/repuestos-para-maquinaria-pesada-caterpillar/repuestos-para-maquinaria-pesada-retrocargador-caterpillar/repuestos-retrocargadora-caterpillar-430e","/repuestos-maquinaria-pesada-colombia/repuestos-maquinaria-pesada-marcas/repuestos-para-maquinaria-pesada-caterpillar/repuestos-para-maquinaria-pesada-retrocargador-caterpillar/repuestos-retrocargadora-caterpillar-430e","301","migracion","alta","Ruta conservada idéntica en el sitio nuevo. NO necesita redirect (solo difiere la barra final)."
"/repuestos-maquinaria-pesada-colombia/repuestos-maquinaria-pesada-marcas/repuestos-para-maquinaria-pesada-doosan","/repuestos-maquinaria-pesada-colombia/repuestos-maquinaria-pesada-marcas/repuestos-para-maquinaria-pesada-doosan","301","migracion","alta","Ruta conservada idéntica en el sitio nuevo. NO necesita redirect (solo difiere la barra final)."
"/repuestos-maquinaria-pesada-colombia/repuestos-maquinaria-pesada-marcas/repuestos-para-maquinaria-pesada-doosan/repuestos-para-maquinaria-pesada-cargador-frontal-doosan","/repuestos-maquinaria-pesada-colombia/repuestos-maquinaria-pesada-marcas/repuestos-para-maquinaria-pesada-doosan/repuestos-para-maquinaria-pesada-cargador-frontal-doosan","301","migracion","alta","Ruta conservada idéntica en el sitio nuevo. NO necesita redirect (solo difiere la barra final)."
"/repuestos-maquinaria-pesada-colombia/repuestos-maquinaria-pesada-marcas/repuestos-para-maquinaria-pesada-doosan/repuestos-para-maquinaria-pesada-cargador-frontal-doosan/repuestos-cargador-frontal-doosan-dl300a","/repuestos-maquinaria-pesada-colombia/repuestos-maquinaria-pesada-marcas/repuestos-para-maquinaria-pesada-doosan/repuestos-para-maquinaria-pesada-cargador-frontal-doosan/repuestos-cargador-frontal-doosan-dl300a","301","migracion","alta","Ruta conservada idéntica en el sitio nuevo. NO necesita redirect (solo difiere la barra final)."
"/repuestos-maquinaria-pesada-colombia/repuestos-maquinaria-pesada-marcas/repuestos-para-maquinaria-pesada-doosan/repuestos-para-maquinaria-pesada-excavadora-doosan","/repuestos-maquinaria-pesada-colombia/repuestos-maquinaria-pesada-marcas/repuestos-para-maquinaria-pesada-doosan/repuestos-para-maquinaria-pesada-excavadora-doosan","301","migracion","alta","Ruta conservada idéntica en el sitio nuevo. NO necesita redirect (solo difiere la barra final)."
"/repuestos-maquinaria-pesada-colombia/repuestos-maquinaria-pesada-marcas/repuestos-para-maquinaria-pesada-doosan/repuestos-para-maquinaria-pesada-excavadora-doosan/repuestos-excavadora-doosan-dx140lc-s-cebaa","/repuestos-maquinaria-pesada-colombia/repuestos-maquinaria-pesada-marcas/repuestos-para-maquinaria-pesada-doosan/repuestos-para-maquinaria-pesada-excavadora-doosan/repuestos-excavadora-doosan-dx140lc-s-cebaa","301","migracion","alta","Ruta conservada idéntica en el sitio nuevo. NO necesita redirect (solo difiere la barra final)."
"/repuestos-maquinaria-pesada-colombia/repuestos-maquinaria-pesada-marcas/repuestos-para-maquinaria-pesada-doosan/repuestos-para-maquinaria-pesada-excavadora-doosan/repuestos-excavadora-doosan-dx140lc-s-cebcu","/repuestos-maquinaria-pesada-colombia/repuestos-maquinaria-pesada-marcas/repuestos-para-maquinaria-pesada-doosan/repuestos-para-maquinaria-pesada-excavadora-doosan/repuestos-excavadora-doosan-dx140lc-s-cebcu","301","migracion","alta","Ruta conservada idéntica en el sitio nuevo. NO necesita redirect (solo difiere la barra final)."
"/repuestos-maquinaria-pesada-colombia/repuestos-maquinaria-pesada-marcas/repuestos-para-maquinaria-pesada-doosan/repuestos-para-maquinaria-pesada-excavadora-doosan/repuestos-excavadora-doosan-dx220lca-2","/repuestos-maquinaria-pesada-colombia/repuestos-maquinaria-pesada-marcas/repuestos-para-maquinaria-pesada-doosan/repuestos-para-maquinaria-pesada-excavadora-doosan/repuestos-excavadora-doosan-dx220lca-2","301","migracion","alta","Ruta conservada idéntica en el sitio nuevo. NO necesita redirect (solo difiere la barra final)."
"/repuestos-maquinaria-pesada-colombia/repuestos-maquinaria-pesada-marcas/repuestos-para-maquinaria-pesada-doosan/repuestos-para-maquinaria-pesada-excavadora-doosan/repuestos-excavadora-doosan-dx225lca-7m-cebee","/repuestos-maquinaria-pesada-colombia/repuestos-maquinaria-pesada-marcas/repuestos-para-maquinaria-pesada-doosan/repuestos-para-maquinaria-pesada-excavadora-doosan/repuestos-excavadora-doosan-dx225lca-7m-cebee","301","migracion","alta","Ruta conservada idéntica en el sitio nuevo. NO necesita redirect (solo difiere la barra final)."
"/repuestos-maquinaria-pesada-colombia/repuestos-maquinaria-pesada-marcas/repuestos-para-maquinaria-pesada-doosan/repuestos-para-maquinaria-pesada-excavadora-doosan/repuestos-excavadora-doosan-dx225lca-cebac","/repuestos-maquinaria-pesada-colombia/repuestos-maquinaria-pesada-marcas/repuestos-para-maquinaria-pesada-doosan/repuestos-para-maquinaria-pesada-excavadora-doosan/repuestos-excavadora-doosan-dx225lca-cebac","301","migracion","alta","Ruta conservada idéntica en el sitio nuevo. NO necesita redirect (solo difiere la barra final)."
"/repuestos-maquinaria-pesada-colombia/repuestos-maquinaria-pesada-marcas/repuestos-para-maquinaria-pesada-doosan/repuestos-para-maquinaria-pesada-excavadora-doosan/repuestos-excavadora-doosan-dx225lca-cebdx_","/repuestos-maquinaria-pesada-colombia/repuestos-maquinaria-pesada-marcas/repuestos-para-maquinaria-pesada-doosan/repuestos-para-maquinaria-pesada-excavadora-doosan/repuestos-excavadora-doosan-dx225lca-cebdx_","301","migracion","alta","Ruta conservada idéntica en el sitio nuevo. NO necesita redirect (solo difiere la barra final)."
"/repuestos-maquinaria-pesada-colombia/repuestos-maquinaria-pesada-marcas/repuestos-para-maquinaria-pesada-doosan/repuestos-para-maquinaria-pesada-excavadora-doosan/repuestos-excavadora-doosan-dx340lca_","/repuestos-maquinaria-pesada-colombia/repuestos-maquinaria-pesada-marcas/repuestos-para-maquinaria-pesada-doosan/repuestos-para-maquinaria-pesada-excavadora-doosan/repuestos-excavadora-doosan-dx340lca_","301","migracion","alta","Ruta conservada idéntica en el sitio nuevo. NO necesita redirect (solo difiere la barra final)."
"/repuestos-maquinaria-pesada-colombia/repuestos-maquinaria-pesada-marcas/repuestos-para-maquinaria-pesada-doosan/repuestos-para-maquinaria-pesada-excavadora-doosan/repuestos-excavadora-doosan-dx340lca-k","/repuestos-maquinaria-pesada-colombia/repuestos-maquinaria-pesada-marcas/repuestos-para-maquinaria-pesada-doosan/repuestos-para-maquinaria-pesada-excavadora-doosan/repuestos-excavadora-doosan-dx340lca-k","301","migracion","alta","Ruta conservada idéntica en el sitio nuevo. NO necesita redirect (solo difiere la barra final)."
"/repuestos-maquinaria-pesada-colombia/repuestos-maquinaria-pesada-marcas/repuestos-para-maquinaria-pesada-doosan/repuestos-para-maquinaria-pesada-excavadora-doosan/repuestos-excavadora-doosan-dx340lca","/repuestos-maquinaria-pesada-colombia/repuestos-maquinaria-pesada-marcas/repuestos-para-maquinaria-pesada-doosan/repuestos-para-maquinaria-pesada-excavadora-doosan/repuestos-excavadora-doosan-dx340lca","301","migracion","alta","Ruta conservada idéntica en el sitio nuevo. NO necesita redirect (solo difiere la barra final)."
"/repuestos-maquinaria-pesada-colombia/repuestos-maquinaria-pesada-marcas/repuestos-para-maquinaria-pesada-doosan/repuestos-para-maquinaria-pesada-excavadora-doosan/repuestos-excavadora-doosan-solar-225lc-v","/repuestos-maquinaria-pesada-colombia/repuestos-maquinaria-pesada-marcas/repuestos-para-maquinaria-pesada-doosan/repuestos-para-maquinaria-pesada-excavadora-doosan/repuestos-excavadora-doosan-solar-225lc-v","301","migracion","alta","Ruta conservada idéntica en el sitio nuevo. NO necesita redirect (solo difiere la barra final)."
"/repuestos-maquinaria-pesada-colombia/repuestos-maquinaria-pesada-marcas/repuestos-para-maquinaria-pesada-doosan/repuestos-para-maquinaria-pesada-excavadora-doosan/repuestos-excavadora-doosan-solar-340lc-v","/repuestos-maquinaria-pesada-colombia/repuestos-maquinaria-pesada-marcas/repuestos-para-maquinaria-pesada-doosan/repuestos-para-maquinaria-pesada-excavadora-doosan/repuestos-excavadora-doosan-solar-340lc-v","301","migracion","alta","Ruta conservada idéntica en el sitio nuevo. NO necesita redirect (solo difiere la barra final)."
"/repuestos-maquinaria-pesada-colombia/repuestos-maquinaria-pesada-marcas/repuestos-para-maquinaria-pesada-hitachi","/repuestos-maquinaria-pesada-colombia/repuestos-maquinaria-pesada-marcas/repuestos-para-maquinaria-pesada-hitachi","301","migracion","alta","Ruta conservada idéntica en el sitio nuevo. NO necesita redirect (solo difiere la barra final)."
"/repuestos-maquinaria-pesada-colombia/repuestos-maquinaria-pesada-marcas/repuestos-para-maquinaria-pesada-hitachi/repuestos-para-maquinaria-pesada-excavadora-hitachi","/repuestos-maquinaria-pesada-colombia/repuestos-maquinaria-pesada-marcas/repuestos-para-maquinaria-pesada-hitachi/repuestos-para-maquinaria-pesada-excavadora-hitachi","301","migracion","alta","Ruta conservada idéntica en el sitio nuevo. NO necesita redirect (solo difiere la barra final)."
"/repuestos-maquinaria-pesada-colombia/repuestos-maquinaria-pesada-marcas/repuestos-para-maquinaria-pesada-hitachi/repuestos-para-maquinaria-pesada-excavadora-hitachi/repuestos-excavadora-hitachi-ex100-3","/repuestos-maquinaria-pesada-colombia/repuestos-maquinaria-pesada-marcas/repuestos-para-maquinaria-pesada-hitachi/repuestos-para-maquinaria-pesada-excavadora-hitachi/repuestos-excavadora-hitachi-ex100-3","301","migracion","alta","Ruta conservada idéntica en el sitio nuevo. NO necesita redirect (solo difiere la barra final)."
"/repuestos-maquinaria-pesada-colombia/repuestos-maquinaria-pesada-marcas/repuestos-para-maquinaria-pesada-hitachi/repuestos-para-maquinaria-pesada-excavadora-hitachi/repuestos-excavadora-hitachi-ex100","/repuestos-maquinaria-pesada-colombia/repuestos-maquinaria-pesada-marcas/repuestos-para-maquinaria-pesada-hitachi/repuestos-para-maquinaria-pesada-excavadora-hitachi/repuestos-excavadora-hitachi-ex100","301","migracion","alta","Ruta conservada idéntica en el sitio nuevo. NO necesita redirect (solo difiere la barra final)."
"/repuestos-maquinaria-pesada-colombia/repuestos-maquinaria-pesada-marcas/repuestos-para-maquinaria-pesada-hitachi/repuestos-para-maquinaria-pesada-excavadora-hitachi/repuestos-excavadora-hitachi-ex120-2","/repuestos-maquinaria-pesada-colombia/repuestos-maquinaria-pesada-marcas/repuestos-para-maquinaria-pesada-hitachi/repuestos-para-maquinaria-pesada-excavadora-hitachi/repuestos-excavadora-hitachi-ex120-2","301","migracion","alta","Ruta conservada idéntica en el sitio nuevo. NO necesita redirect (solo difiere la barra final)."
"/repuestos-maquinaria-pesada-colombia/repuestos-maquinaria-pesada-marcas/repuestos-para-maquinaria-pesada-hitachi/repuestos-para-maquinaria-pesada-excavadora-hitachi/repuestos-excavadora-hitachi-ex120-3","/repuestos-maquinaria-pesada-colombia/repuestos-maquinaria-pesada-marcas/repuestos-para-maquinaria-pesada-hitachi/repuestos-para-maquinaria-pesada-excavadora-hitachi/repuestos-excavadora-hitachi-ex120-3","301","migracion","alta","Ruta conservada idéntica en el sitio nuevo. NO necesita redirect (solo difiere la barra final)."
"/repuestos-maquinaria-pesada-colombia/repuestos-maquinaria-pesada-marcas/repuestos-para-maquinaria-pesada-hitachi/repuestos-para-maquinaria-pesada-excavadora-hitachi/repuestos-excavadora-hitachi-ex160-5","/repuestos-maquinaria-pesada-colombia/repuestos-maquinaria-pesada-marcas/repuestos-para-maquinaria-pesada-hitachi/repuestos-para-maquinaria-pesada-excavadora-hitachi/repuestos-excavadora-hitachi-ex160-5","301","migracion","alta","Ruta conservada idéntica en el sitio nuevo. NO necesita redirect (solo difiere la barra final)."
"/repuestos-maquinaria-pesada-colombia/repuestos-maquinaria-pesada-marcas/repuestos-para-maquinaria-pesada-hitachi/repuestos-para-maquinaria-pesada-excavadora-hitachi/repuestos-excavadora-hitachi-ex200-2","/repuestos-maquinaria-pesada-colombia/repuestos-maquinaria-pesada-marcas/repuestos-para-maquinaria-pesada-hitachi/repuestos-para-maquinaria-pesada-excavadora-hitachi/repuestos-excavadora-hitachi-ex200-2","301","migracion","alta","Ruta conservada idéntica en el sitio nuevo. NO necesita redirect (solo difiere la barra final)."
"/repuestos-maquinaria-pesada-colombia/repuestos-maquinaria-pesada-marcas/repuestos-para-maquinaria-pesada-hitachi/repuestos-para-maquinaria-pesada-excavadora-hitachi/repuestos-excavadora-hitachi-ex200-3","/repuestos-maquinaria-pesada-colombia/repuestos-maquinaria-pesada-marcas/repuestos-para-maquinaria-pesada-hitachi/repuestos-para-maquinaria-pesada-excavadora-hitachi/repuestos-excavadora-hitachi-ex200-3","301","migracion","alta","Ruta conservada idéntica en el sitio nuevo. NO necesita redirect (solo difiere la barra final)."
"/repuestos-maquinaria-pesada-colombia/repuestos-maquinaria-pesada-marcas/repuestos-para-maquinaria-pesada-hitachi/repuestos-para-maquinaria-pesada-excavadora-hitachi/repuestos-excavadora-hitachi-ex200-5","/repuestos-maquinaria-pesada-colombia/repuestos-maquinaria-pesada-marcas/repuestos-para-maquinaria-pesada-hitachi/repuestos-para-maquinaria-pesada-excavadora-hitachi/repuestos-excavadora-hitachi-ex200-5","301","migracion","alta","Ruta conservada idéntica en el sitio nuevo. NO necesita redirect (solo difiere la barra final)."
"/repuestos-maquinaria-pesada-colombia/repuestos-maquinaria-pesada-marcas/repuestos-para-maquinaria-pesada-hitachi/repuestos-para-maquinaria-pesada-excavadora-hitachi/repuestos-excavadora-hitachi-ex200","/repuestos-maquinaria-pesada-colombia/repuestos-maquinaria-pesada-marcas/repuestos-para-maquinaria-pesada-hitachi/repuestos-para-maquinaria-pesada-excavadora-hitachi/repuestos-excavadora-hitachi-ex200","301","migracion","alta","Ruta conservada idéntica en el sitio nuevo. NO necesita redirect (solo difiere la barra final)."
"/repuestos-maquinaria-pesada-colombia/repuestos-maquinaria-pesada-marcas/repuestos-para-maquinaria-pesada-hitachi/repuestos-para-maquinaria-pesada-excavadora-hitachi/repuestos-excavadora-hitachi-ex230-5","/repuestos-maquinaria-pesada-colombia/repuestos-maquinaria-pesada-marcas/repuestos-para-maquinaria-pesada-hitachi/repuestos-para-maquinaria-pesada-excavadora-hitachi/repuestos-excavadora-hitachi-ex230-5","301","migracion","alta","Ruta conservada idéntica en el sitio nuevo. NO necesita redirect (solo difiere la barra final)."
"/repuestos-maquinaria-pesada-colombia/repuestos-maquinaria-pesada-marcas/repuestos-para-maquinaria-pesada-hitachi/repuestos-para-maquinaria-pesada-excavadora-hitachi/repuestos-excavadora-hitachi-ex270-5","/repuestos-maquinaria-pesada-colombia/repuestos-maquinaria-pesada-marcas/repuestos-para-maquinaria-pesada-hitachi/repuestos-para-maquinaria-pesada-excavadora-hitachi/repuestos-excavadora-hitachi-ex270-5","301","migracion","alta","Ruta conservada idéntica en el sitio nuevo. NO necesita redirect (solo difiere la barra final)."
"/repuestos-maquinaria-pesada-colombia/repuestos-maquinaria-pesada-marcas/repuestos-para-maquinaria-pesada-hitachi/repuestos-para-maquinaria-pesada-excavadora-hitachi/repuestos-excavadora-hitachi-zx-200","/repuestos-maquinaria-pesada-colombia/repuestos-maquinaria-pesada-marcas/repuestos-para-maquinaria-pesada-hitachi/repuestos-para-maquinaria-pesada-excavadora-hitachi/repuestos-excavadora-hitachi-zx-200","301","migracion","alta","Ruta conservada idéntica en el sitio nuevo. NO necesita redirect (solo difiere la barra final)."
"/repuestos-maquinaria-pesada-colombia/repuestos-maquinaria-pesada-marcas/repuestos-para-maquinaria-pesada-hitachi/repuestos-para-maquinaria-pesada-excavadora-hitachi/repuestos-excavadora-hitachi-zx120-3","/repuestos-maquinaria-pesada-colombia/repuestos-maquinaria-pesada-marcas/repuestos-para-maquinaria-pesada-hitachi/repuestos-para-maquinaria-pesada-excavadora-hitachi/repuestos-excavadora-hitachi-zx120-3","301","migracion","alta","Ruta conservada idéntica en el sitio nuevo. NO necesita redirect (solo difiere la barra final)."
"/repuestos-maquinaria-pesada-colombia/repuestos-maquinaria-pesada-marcas/repuestos-para-maquinaria-pesada-hitachi/repuestos-para-maquinaria-pesada-excavadora-hitachi/repuestos-excavadora-hitachi-zx120-zx130lcn","/repuestos-maquinaria-pesada-colombia/repuestos-maquinaria-pesada-marcas/repuestos-para-maquinaria-pesada-hitachi/repuestos-para-maquinaria-pesada-excavadora-hitachi/repuestos-excavadora-hitachi-zx120-zx130lcn","301","migracion","alta","Ruta conservada idéntica en el sitio nuevo. NO necesita redirect (solo difiere la barra final)."
"/repuestos-maquinaria-pesada-colombia/repuestos-maquinaria-pesada-marcas/repuestos-para-maquinaria-pesada-hitachi/repuestos-para-maquinaria-pesada-excavadora-hitachi/repuestos-excavadora-hitachi-zx200-3","/repuestos-maquinaria-pesada-colombia/repuestos-maquinaria-pesada-marcas/repuestos-para-maquinaria-pesada-hitachi/repuestos-para-maquinaria-pesada-excavadora-hitachi/repuestos-excavadora-hitachi-zx200-3","301","migracion","alta","Ruta conservada idéntica en el sitio nuevo. NO necesita redirect (solo difiere la barra final)."
"/repuestos-maquinaria-pesada-colombia/repuestos-maquinaria-pesada-marcas/repuestos-para-maquinaria-pesada-hitachi/repuestos-para-maquinaria-pesada-excavadora-hitachi/repuestos-excavadora-hitachi-zx200-5g","/repuestos-maquinaria-pesada-colombia/repuestos-maquinaria-pesada-marcas/repuestos-para-maquinaria-pesada-hitachi/repuestos-para-maquinaria-pesada-excavadora-hitachi/repuestos-excavadora-hitachi-zx200-5g","301","migracion","alta","Ruta conservada idéntica en el sitio nuevo. NO necesita redirect (solo difiere la barra final)."
"/repuestos-maquinaria-pesada-colombia/repuestos-maquinaria-pesada-marcas/repuestos-para-maquinaria-pesada-hitachi/repuestos-para-maquinaria-pesada-excavadora-hitachi/repuestos-excavadora-hitachi-zx210-5g","/repuestos-maquinaria-pesada-colombia/repuestos-maquinaria-pesada-marcas/repuestos-para-maquinaria-pesada-hitachi/repuestos-para-maquinaria-pesada-excavadora-hitachi/repuestos-excavadora-hitachi-zx210-5g","301","migracion","alta","Ruta conservada idéntica en el sitio nuevo. NO necesita redirect (solo difiere la barra final)."
"/repuestos-maquinaria-pesada-colombia/repuestos-maquinaria-pesada-marcas/repuestos-para-maquinaria-pesada-hitachi/repuestos-para-maquinaria-pesada-excavadora-hitachi/repuestos-excavadora-hitachi-zx220lc","/repuestos-maquinaria-pesada-colombia/repuestos-maquinaria-pesada-marcas/repuestos-para-maquinaria-pesada-hitachi/repuestos-para-maquinaria-pesada-excavadora-hitachi/repuestos-excavadora-hitachi-zx220lc","301","migracion","alta","Ruta conservada idéntica en el sitio nuevo. NO necesita redirect (solo difiere la barra final)."
"/repuestos-maquinaria-pesada-colombia/repuestos-maquinaria-pesada-marcas/repuestos-para-maquinaria-pesada-hitachi/repuestos-para-maquinaria-pesada-excavadora-hitachi/repuestos-excavadora-hitachi-zx270lc-3","/repuestos-maquinaria-pesada-colombia/repuestos-maquinaria-pesada-marcas/repuestos-para-maquinaria-pesada-hitachi/repuestos-para-maquinaria-pesada-excavadora-hitachi/repuestos-excavadora-hitachi-zx270lc-3","301","migracion","alta","Ruta conservada idéntica en el sitio nuevo. NO necesita redirect (solo difiere la barra final)."
"/repuestos-maquinaria-pesada-colombia/repuestos-maquinaria-pesada-marcas/repuestos-para-maquinaria-pesada-hitachi/repuestos-para-maquinaria-pesada-excavadora-hitachi/repuestos-excavadora-hitachi-zx270lc","/repuestos-maquinaria-pesada-colombia/repuestos-maquinaria-pesada-marcas/repuestos-para-maquinaria-pesada-hitachi/repuestos-para-maquinaria-pesada-excavadora-hitachi/repuestos-excavadora-hitachi-zx270lc","301","migracion","alta","Ruta conservada idéntica en el sitio nuevo. NO necesita redirect (solo difiere la barra final)."
"/repuestos-maquinaria-pesada-colombia/repuestos-maquinaria-pesada-marcas/repuestos-para-maquinaria-pesada-hitachi/repuestos-para-maquinaria-pesada-excavadora-hitachi/repuestos-excavadora-hitachi-zx330lc","/repuestos-maquinaria-pesada-colombia/repuestos-maquinaria-pesada-marcas/repuestos-para-maquinaria-pesada-hitachi/repuestos-para-maquinaria-pesada-excavadora-hitachi/repuestos-excavadora-hitachi-zx330lc","301","migracion","alta","Ruta conservada idéntica en el sitio nuevo. NO necesita redirect (solo difiere la barra final)."
"/repuestos-maquinaria-pesada-colombia/repuestos-maquinaria-pesada-marcas/repuestos-para-maquinaria-pesada-hitachi/repuestos-para-maquinaria-pesada-excavadora-hitachi/repuestos-excavadora-hitachi-zx350lc-3","/repuestos-maquinaria-pesada-colombia/repuestos-maquinaria-pesada-marcas/repuestos-para-maquinaria-pesada-hitachi/repuestos-para-maquinaria-pesada-excavadora-hitachi/repuestos-excavadora-hitachi-zx350lc-3","301","migracion","alta","Ruta conservada idéntica en el sitio nuevo. NO necesita redirect (solo difiere la barra final)."
"/repuestos-maquinaria-pesada-colombia/repuestos-maquinaria-pesada-marcas/repuestos-para-maquinaria-pesada-hitachi/repuestos-para-maquinaria-pesada-excavadora-hitachi/repuestos-excavadora-hitachi-zx350lc-5","/repuestos-maquinaria-pesada-colombia/repuestos-maquinaria-pesada-marcas/repuestos-para-maquinaria-pesada-hitachi/repuestos-para-maquinaria-pesada-excavadora-hitachi/repuestos-excavadora-hitachi-zx350lc-5","301","migracion","alta","Ruta conservada idéntica en el sitio nuevo. NO necesita redirect (solo difiere la barra final)."
"/repuestos-maquinaria-pesada-colombia/repuestos-maquinaria-pesada-marcas/repuestos-para-maquinaria-pesada-hitachi/repuestos-para-maquinaria-pesada-excavadora-hitachi/repuestos-excavadora-hitachi-zx450lc-3","/repuestos-maquinaria-pesada-colombia/repuestos-maquinaria-pesada-marcas/repuestos-para-maquinaria-pesada-hitachi/repuestos-para-maquinaria-pesada-excavadora-hitachi/repuestos-excavadora-hitachi-zx450lc-3","301","migracion","alta","Ruta conservada idéntica en el sitio nuevo. NO necesita redirect (solo difiere la barra final)."
"/repuestos-maquinaria-pesada-colombia/repuestos-maquinaria-pesada-marcas/repuestos-para-maquinaria-pesada-hitachi/repuestos-para-maquinaria-pesada-excavadora-hitachi/repuestos-excavadora-hitachi-zx450lc-5","/repuestos-maquinaria-pesada-colombia/repuestos-maquinaria-pesada-marcas/repuestos-para-maquinaria-pesada-hitachi/repuestos-para-maquinaria-pesada-excavadora-hitachi/repuestos-excavadora-hitachi-zx450lc-5","301","migracion","alta","Ruta conservada idéntica en el sitio nuevo. NO necesita redirect (solo difiere la barra final)."
"/repuestos-maquinaria-pesada-colombia/repuestos-maquinaria-pesada-marcas/repuestos-para-maquinaria-pesada-hitachi/repuestos-para-maquinaria-pesada-excavadora-hitachi/repuestos-excavadora-hitachi-zx450lc","/repuestos-maquinaria-pesada-colombia/repuestos-maquinaria-pesada-marcas/repuestos-para-maquinaria-pesada-hitachi/repuestos-para-maquinaria-pesada-excavadora-hitachi/repuestos-excavadora-hitachi-zx450lc","301","migracion","alta","Ruta conservada idéntica en el sitio nuevo. NO necesita redirect (solo difiere la barra final)."
"/repuestos-maquinaria-pesada-colombia/repuestos-maquinaria-pesada-marcas/repuestos-para-maquinaria-pesada-hitachi/repuestos-para-maquinaria-pesada-miniexcavadora-hitachi","/repuestos-maquinaria-pesada-colombia/repuestos-maquinaria-pesada-marcas/repuestos-para-maquinaria-pesada-hitachi/repuestos-para-maquinaria-pesada-miniexcavadora-hitachi","301","migracion","alta","Ruta conservada idéntica en el sitio nuevo. NO necesita redirect (solo difiere la barra final)."
"/repuestos-maquinaria-pesada-colombia/repuestos-maquinaria-pesada-marcas/repuestos-para-maquinaria-pesada-hitachi/repuestos-para-maquinaria-pesada-miniexcavadora-hitachi/repuestos-miniexcavadora-hitachi-ex40u","/repuestos-maquinaria-pesada-colombia/repuestos-maquinaria-pesada-marcas/repuestos-para-maquinaria-pesada-hitachi/repuestos-para-maquinaria-pesada-miniexcavadora-hitachi/repuestos-miniexcavadora-hitachi-ex40u","301","migracion","alta","Ruta conservada idéntica en el sitio nuevo. NO necesita redirect (solo difiere la barra final)."
"/repuestos-maquinaria-pesada-colombia/repuestos-maquinaria-pesada-marcas/repuestos-para-maquinaria-pesada-hitachi/repuestos-para-maquinaria-pesada-miniexcavadora-hitachi/repuestos-miniexcavadora-hitachi-ex50u","/repuestos-maquinaria-pesada-colombia/repuestos-maquinaria-pesada-marcas/repuestos-para-maquinaria-pesada-hitachi/repuestos-para-maquinaria-pesada-miniexcavadora-hitachi/repuestos-miniexcavadora-hitachi-ex50u","301","migracion","alta","Ruta conservada idéntica en el sitio nuevo. NO necesita redirect (solo difiere la barra final)."
"/repuestos-maquinaria-pesada-colombia/repuestos-maquinaria-pesada-marcas/repuestos-para-maquinaria-pesada-hitachi/repuestos-para-maquinaria-pesada-miniexcavadora-hitachi/repuestos-miniexcavadora-hitachi-ex60-1","/repuestos-maquinaria-pesada-colombia/repuestos-maquinaria-pesada-marcas/repuestos-para-maquinaria-pesada-hitachi/repuestos-para-maquinaria-pesada-miniexcavadora-hitachi/repuestos-miniexcavadora-hitachi-ex60-1","301","migracion","alta","Ruta conservada idéntica en el sitio nuevo. NO necesita redirect (solo difiere la barra final)."
"/repuestos-maquinaria-pesada-colombia/repuestos-maquinaria-pesada-marcas/repuestos-para-maquinaria-pesada-hitachi/repuestos-para-maquinaria-pesada-miniexcavadora-hitachi/repuestos-miniexcavadora-hitachi-ex60-3","/repuestos-maquinaria-pesada-colombia/repuestos-maquinaria-pesada-marcas/repuestos-para-maquinaria-pesada-hitachi/repuestos-para-maquinaria-pesada-miniexcavadora-hitachi/repuestos-miniexcavadora-hitachi-ex60-3","301","migracion","alta","Ruta conservada idéntica en el sitio nuevo. NO necesita redirect (solo difiere la barra final)."
"/repuestos-maquinaria-pesada-colombia/repuestos-maquinaria-pesada-marcas/repuestos-para-maquinaria-pesada-hitachi/repuestos-para-maquinaria-pesada-miniexcavadora-hitachi/repuestos-miniexcavadora-hitachi-ex60-5","/repuestos-maquinaria-pesada-colombia/repuestos-maquinaria-pesada-marcas/repuestos-para-maquinaria-pesada-hitachi/repuestos-para-maquinaria-pesada-miniexcavadora-hitachi/repuestos-miniexcavadora-hitachi-ex60-5","301","migracion","alta","Ruta conservada idéntica en el sitio nuevo. NO necesita redirect (solo difiere la barra final)."
"/repuestos-maquinaria-pesada-colombia/repuestos-maquinaria-pesada-marcas/repuestos-para-maquinaria-pesada-hitachi/repuestos-para-maquinaria-pesada-miniexcavadora-hitachi/repuestos-miniexcavadora-hitachi-ex70-ex80-5","/repuestos-maquinaria-pesada-colombia/repuestos-maquinaria-pesada-marcas/repuestos-para-maquinaria-pesada-hitachi/repuestos-para-maquinaria-pesada-miniexcavadora-hitachi/repuestos-miniexcavadora-hitachi-ex70-ex80-5","301","migracion","alta","Ruta conservada idéntica en el sitio nuevo. NO necesita redirect (solo difiere la barra final)."
"/repuestos-maquinaria-pesada-colombia/repuestos-maquinaria-pesada-marcas/repuestos-para-maquinaria-pesada-hitachi/repuestos-para-maquinaria-pesada-miniexcavadora-hitachi/repuestos-miniexcavadora-hitachi-zx17u-2","/repuestos-maquinaria-pesada-colombia/repuestos-maquinaria-pesada-marcas/repuestos-para-maquinaria-pesada-hitachi/repuestos-para-maquinaria-pesada-miniexcavadora-hitachi/repuestos-miniexcavadora-hitachi-zx17u-2","301","migracion","alta","Ruta conservada idéntica en el sitio nuevo. NO necesita redirect (solo difiere la barra final)."
"/repuestos-maquinaria-pesada-colombia/repuestos-maquinaria-pesada-marcas/repuestos-para-maquinaria-pesada-hitachi/repuestos-para-maquinaria-pesada-miniexcavadora-hitachi/repuestos-miniexcavadora-hitachi-zx30u-2","/repuestos-maquinaria-pesada-colombia/repuestos-maquinaria-pesada-marcas/repuestos-para-maquinaria-pesada-hitachi/repuestos-para-maquinaria-pesada-miniexcavadora-hitachi/repuestos-miniexcavadora-hitachi-zx30u-2","301","migracion","alta","Ruta conservada idéntica en el sitio nuevo. NO necesita redirect (solo difiere la barra final)."
"/repuestos-maquinaria-pesada-colombia/repuestos-maquinaria-pesada-marcas/repuestos-para-maquinaria-pesada-hitachi/repuestos-para-maquinaria-pesada-miniexcavadora-hitachi/repuestos-miniexcavadora-hitachi-zx35u-2","/repuestos-maquinaria-pesada-colombia/repuestos-maquinaria-pesada-marcas/repuestos-para-maquinaria-pesada-hitachi/repuestos-para-maquinaria-pesada-miniexcavadora-hitachi/repuestos-miniexcavadora-hitachi-zx35u-2","301","migracion","alta","Ruta conservada idéntica en el sitio nuevo. NO necesita redirect (solo difiere la barra final)."
"/repuestos-maquinaria-pesada-colombia/repuestos-maquinaria-pesada-marcas/repuestos-para-maquinaria-pesada-hitachi/repuestos-para-maquinaria-pesada-miniexcavadora-hitachi/repuestos-miniexcavadora-hitachi-zx35u-3","/repuestos-maquinaria-pesada-colombia/repuestos-maquinaria-pesada-marcas/repuestos-para-maquinaria-pesada-hitachi/repuestos-para-maquinaria-pesada-miniexcavadora-hitachi/repuestos-miniexcavadora-hitachi-zx35u-3","301","migracion","alta","Ruta conservada idéntica en el sitio nuevo. NO necesita redirect (solo difiere la barra final)."
"/repuestos-maquinaria-pesada-colombia/repuestos-maquinaria-pesada-marcas/repuestos-para-maquinaria-pesada-hitachi/repuestos-para-maquinaria-pesada-miniexcavadora-hitachi/repuestos-miniexcavadora-hitachi-zx35u","/repuestos-maquinaria-pesada-colombia/repuestos-maquinaria-pesada-marcas/repuestos-para-maquinaria-pesada-hitachi/repuestos-para-maquinaria-pesada-miniexcavadora-hitachi/repuestos-miniexcavadora-hitachi-zx35u","301","migracion","alta","Ruta conservada idéntica en el sitio nuevo. NO necesita redirect (solo difiere la barra final)."
"/repuestos-maquinaria-pesada-colombia/repuestos-maquinaria-pesada-marcas/repuestos-para-maquinaria-pesada-hitachi/repuestos-para-maquinaria-pesada-miniexcavadora-hitachi/repuestos-miniexcavadora-hitachi-zx40u-2","/repuestos-maquinaria-pesada-colombia/repuestos-maquinaria-pesada-marcas/repuestos-para-maquinaria-pesada-hitachi/repuestos-para-maquinaria-pesada-miniexcavadora-hitachi/repuestos-miniexcavadora-hitachi-zx40u-2","301","migracion","alta","Ruta conservada idéntica en el sitio nuevo. NO necesita redirect (solo difiere la barra final)."
"/repuestos-maquinaria-pesada-colombia/repuestos-maquinaria-pesada-marcas/repuestos-para-maquinaria-pesada-hitachi/repuestos-para-maquinaria-pesada-miniexcavadora-hitachi/repuestos-miniexcavadora-hitachi-zx40u-3","/repuestos-maquinaria-pesada-colombia/repuestos-maquinaria-pesada-marcas/repuestos-para-maquinaria-pesada-hitachi/repuestos-para-maquinaria-pesada-miniexcavadora-hitachi/repuestos-miniexcavadora-hitachi-zx40u-3","301","migracion","alta","Ruta conservada idéntica en el sitio nuevo. NO necesita redirect (solo difiere la barra final)."
"/repuestos-maquinaria-pesada-colombia/repuestos-maquinaria-pesada-marcas/repuestos-para-maquinaria-pesada-hitachi/repuestos-para-maquinaria-pesada-miniexcavadora-hitachi/repuestos-miniexcavadora-hitachi-zx40u","/repuestos-maquinaria-pesada-colombia/repuestos-maquinaria-pesada-marcas/repuestos-para-maquinaria-pesada-hitachi/repuestos-para-maquinaria-pesada-miniexcavadora-hitachi/repuestos-miniexcavadora-hitachi-zx40u","301","migracion","alta","Ruta conservada idéntica en el sitio nuevo. NO necesita redirect (solo difiere la barra final)."
"/repuestos-maquinaria-pesada-colombia/repuestos-maquinaria-pesada-marcas/repuestos-para-maquinaria-pesada-hitachi/repuestos-para-maquinaria-pesada-miniexcavadora-hitachi/repuestos-miniexcavadora-hitachi-zx50u-2","/repuestos-maquinaria-pesada-colombia/repuestos-maquinaria-pesada-marcas/repuestos-para-maquinaria-pesada-hitachi/repuestos-para-maquinaria-pesada-miniexcavadora-hitachi/repuestos-miniexcavadora-hitachi-zx50u-2","301","migracion","alta","Ruta conservada idéntica en el sitio nuevo. NO necesita redirect (solo difiere la barra final)."
"/repuestos-maquinaria-pesada-colombia/repuestos-maquinaria-pesada-marcas/repuestos-para-maquinaria-pesada-hitachi/repuestos-para-maquinaria-pesada-miniexcavadora-hitachi/repuestos-miniexcavadora-hitachi-zx50u-3","/repuestos-maquinaria-pesada-colombia/repuestos-maquinaria-pesada-marcas/repuestos-para-maquinaria-pesada-hitachi/repuestos-para-maquinaria-pesada-miniexcavadora-hitachi/repuestos-miniexcavadora-hitachi-zx50u-3","301","migracion","alta","Ruta conservada idéntica en el sitio nuevo. NO necesita redirect (solo difiere la barra final)."
"/repuestos-maquinaria-pesada-colombia/repuestos-maquinaria-pesada-marcas/repuestos-para-maquinaria-pesada-hitachi/repuestos-para-maquinaria-pesada-miniexcavadora-hitachi/repuestos-miniexcavadora-hitachi-zx70-zx80","/repuestos-maquinaria-pesada-colombia/repuestos-maquinaria-pesada-marcas/repuestos-para-maquinaria-pesada-hitachi/repuestos-para-maquinaria-pesada-miniexcavadora-hitachi/repuestos-miniexcavadora-hitachi-zx70-zx80","301","migracion","alta","Ruta conservada idéntica en el sitio nuevo. NO necesita redirect (solo difiere la barra final)."
"/repuestos-maquinaria-pesada-colombia/repuestos-maquinaria-pesada-marcas/repuestos-para-maquinaria-pesada-hitachi/repuestos-para-maquinaria-pesada-miniexcavadora-hitachi/repuestos-miniexcavadora-hitachi-zx75u-3-2","/repuestos-maquinaria-pesada-colombia/repuestos-maquinaria-pesada-marcas/repuestos-para-maquinaria-pesada-hitachi/repuestos-para-maquinaria-pesada-miniexcavadora-hitachi/repuestos-miniexcavadora-hitachi-zx75u-3-2","301","migracion","alta","Ruta conservada idéntica en el sitio nuevo. NO necesita redirect (solo difiere la barra final)."
"/repuestos-maquinaria-pesada-colombia/repuestos-maquinaria-pesada-marcas/repuestos-para-maquinaria-pesada-hitachi/repuestos-para-maquinaria-pesada-miniexcavadora-hitachi/repuestos-miniexcavadora-hitachi-zx75u-a","/repuestos-maquinaria-pesada-colombia/repuestos-maquinaria-pesada-marcas/repuestos-para-maquinaria-pesada-hitachi/repuestos-para-maquinaria-pesada-miniexcavadora-hitachi/repuestos-miniexcavadora-hitachi-zx75u-a","301","migracion","alta","Ruta conservada idéntica en el sitio nuevo. NO necesita redirect (solo difiere la barra final)."
"/repuestos-maquinaria-pesada-colombia/repuestos-maquinaria-pesada-marcas/repuestos-para-maquinaria-pesada-hitachi/repuestos-para-maquinaria-pesada-miniexcavadora-hitachi/repuestos-miniexcavadora-hitachi-zx85u-3","/repuestos-maquinaria-pesada-colombia/repuestos-maquinaria-pesada-marcas/repuestos-para-maquinaria-pesada-hitachi/repuestos-para-maquinaria-pesada-miniexcavadora-hitachi/repuestos-miniexcavadora-hitachi-zx85u-3","301","migracion","alta","Ruta conservada idéntica en el sitio nuevo. NO necesita redirect (solo difiere la barra final)."
"/repuestos-maquinaria-pesada-colombia/repuestos-maquinaria-pesada-marcas/repuestos-para-maquinaria-pesada-hyundai","/repuestos-maquinaria-pesada-colombia/repuestos-maquinaria-pesada-marcas/repuestos-para-maquinaria-pesada-hyundai","301","migracion","alta","Ruta conservada idéntica en el sitio nuevo. NO necesita redirect (solo difiere la barra final)."
"/repuestos-maquinaria-pesada-colombia/repuestos-maquinaria-pesada-marcas/repuestos-para-maquinaria-pesada-hyundai/repuestos-para-maquinaria-pesada-cargador-frontal-hyundai","/repuestos-maquinaria-pesada-colombia/repuestos-maquinaria-pesada-marcas/repuestos-para-maquinaria-pesada-hyundai/repuestos-para-maquinaria-pesada-cargador-frontal-hyundai","301","migracion","alta","Ruta conservada idéntica en el sitio nuevo. NO necesita redirect (solo difiere la barra final)."
"/repuestos-maquinaria-pesada-colombia/repuestos-maquinaria-pesada-marcas/repuestos-para-maquinaria-pesada-hyundai/repuestos-para-maquinaria-pesada-cargador-frontal-hyundai/repuestos-cargador-frontal-hyundai-hl740-9s","/repuestos-maquinaria-pesada-colombia/repuestos-maquinaria-pesada-marcas/repuestos-para-maquinaria-pesada-hyundai/repuestos-para-maquinaria-pesada-cargador-frontal-hyundai/repuestos-cargador-frontal-hyundai-hl740-9s","301","migracion","alta","Ruta conservada idéntica en el sitio nuevo. NO necesita redirect (solo difiere la barra final)."
"/repuestos-maquinaria-pesada-colombia/repuestos-maquinaria-pesada-marcas/repuestos-para-maquinaria-pesada-hyundai/repuestos-para-maquinaria-pesada-cargador-frontal-hyundai/repuestos-cargador-frontal-hyundai-hl757-9s","/repuestos-maquinaria-pesada-colombia/repuestos-maquinaria-pesada-marcas/repuestos-para-maquinaria-pesada-hyundai/repuestos-para-maquinaria-pesada-cargador-frontal-hyundai/repuestos-cargador-frontal-hyundai-hl757-9s","301","migracion","alta","Ruta conservada idéntica en el sitio nuevo. NO necesita redirect (solo difiere la barra final)."
"/repuestos-maquinaria-pesada-colombia/repuestos-maquinaria-pesada-marcas/repuestos-para-maquinaria-pesada-hyundai/repuestos-para-maquinaria-pesada-cargador-frontal-hyundai/repuestos-cargador-frontal-hyundai-hl760-9s","/repuestos-maquinaria-pesada-colombia/repuestos-maquinaria-pesada-marcas/repuestos-para-maquinaria-pesada-hyundai/repuestos-para-maquinaria-pesada-cargador-frontal-hyundai/repuestos-cargador-frontal-hyundai-hl760-9s","301","migracion","alta","Ruta conservada idéntica en el sitio nuevo. NO necesita redirect (solo difiere la barra final)."
"/repuestos-maquinaria-pesada-colombia/repuestos-maquinaria-pesada-marcas/repuestos-para-maquinaria-pesada-hyundai/repuestos-para-maquinaria-pesada-cargador-frontal-hyundai/repuestos-cargador-frontal-hyundai-hl770-7","/repuestos-maquinaria-pesada-colombia/repuestos-maquinaria-pesada-marcas/repuestos-para-maquinaria-pesada-hyundai/repuestos-para-maquinaria-pesada-cargador-frontal-hyundai/repuestos-cargador-frontal-hyundai-hl770-7","301","migracion","alta","Ruta conservada idéntica en el sitio nuevo. NO necesita redirect (solo difiere la barra final)."
"/repuestos-maquinaria-pesada-colombia/repuestos-maquinaria-pesada-marcas/repuestos-para-maquinaria-pesada-hyundai/repuestos-para-maquinaria-pesada-cargador-frontal-hyundai/repuestos-cargador-frontal-hyundai-hl770-9s","/repuestos-maquinaria-pesada-colombia/repuestos-maquinaria-pesada-marcas/repuestos-para-maquinaria-pesada-hyundai/repuestos-para-maquinaria-pesada-cargador-frontal-hyundai/repuestos-cargador-frontal-hyundai-hl770-9s","301","migracion","alta","Ruta conservada idéntica en el sitio nuevo. NO necesita redirect (solo difiere la barra final)."
"/repuestos-maquinaria-pesada-colombia/repuestos-maquinaria-pesada-marcas/repuestos-para-maquinaria-pesada-hyundai/repuestos-para-maquinaria-pesada-cargador-frontal-hyundai/repuestos-cargador-frontal-hyundai-hl980-9s","/repuestos-maquinaria-pesada-colombia/repuestos-maquinaria-pesada-marcas/repuestos-para-maquinaria-pesada-hyundai/repuestos-para-maquinaria-pesada-cargador-frontal-hyundai/repuestos-cargador-frontal-hyundai-hl980-9s","301","migracion","alta","Ruta conservada idéntica en el sitio nuevo. NO necesita redirect (solo difiere la barra final)."
"/repuestos-maquinaria-pesada-colombia/repuestos-maquinaria-pesada-marcas/repuestos-para-maquinaria-pesada-hyundai/repuestos-para-maquinaria-pesada-excavadora-hyundai","/repuestos-maquinaria-pesada-colombia/repuestos-maquinaria-pesada-marcas/repuestos-para-maquinaria-pesada-hyundai/repuestos-para-maquinaria-pesada-excavadora-hyundai","301","migracion","alta","Ruta conservada idéntica en el sitio nuevo. NO necesita redirect (solo difiere la barra final)."
"/repuestos-maquinaria-pesada-colombia/repuestos-maquinaria-pesada-marcas/repuestos-para-maquinaria-pesada-hyundai/repuestos-para-maquinaria-pesada-excavadora-hyundai/repuestos-excavadora-hyundai-hx220sl","/repuestos-maquinaria-pesada-colombia/repuestos-maquinaria-pesada-marcas/repuestos-para-maquinaria-pesada-hyundai/repuestos-para-maquinaria-pesada-excavadora-hyundai/repuestos-excavadora-hyundai-hx220sl","301","migracion","alta","Ruta conservada idéntica en el sitio nuevo. NO necesita redirect (solo difiere la barra final)."
"/repuestos-maquinaria-pesada-colombia/repuestos-maquinaria-pesada-marcas/repuestos-para-maquinaria-pesada-hyundai/repuestos-para-maquinaria-pesada-excavadora-hyundai/repuestos-excavadora-hyundai-hx34osl","/repuestos-maquinaria-pesada-colombia/repuestos-maquinaria-pesada-marcas/repuestos-para-maquinaria-pesada-hyundai/repuestos-para-maquinaria-pesada-excavadora-hyundai/repuestos-excavadora-hyundai-hx34osl","301","migracion","alta","Ruta conservada idéntica en el sitio nuevo. NO necesita redirect (solo difiere la barra final)."
"/repuestos-maquinaria-pesada-colombia/repuestos-maquinaria-pesada-marcas/repuestos-para-maquinaria-pesada-hyundai/repuestos-para-maquinaria-pesada-excavadora-hyundai/repuestos-excavadora-hyundai-r140lc-9s","/repuestos-maquinaria-pesada-colombia/repuestos-maquinaria-pesada-marcas/repuestos-para-maquinaria-pesada-hyundai/repuestos-para-maquinaria-pesada-excavadora-hyundai/repuestos-excavadora-hyundai-r140lc-9s","301","migracion","alta","Ruta conservada idéntica en el sitio nuevo. NO necesita redirect (solo difiere la barra final)."
"/repuestos-maquinaria-pesada-colombia/repuestos-maquinaria-pesada-marcas/repuestos-para-maquinaria-pesada-hyundai/repuestos-para-maquinaria-pesada-excavadora-hyundai/repuestos-excavadora-hyundai-r140lc-9sb","/repuestos-maquinaria-pesada-colombia/repuestos-maquinaria-pesada-marcas/repuestos-para-maquinaria-pesada-hyundai/repuestos-para-maquinaria-pesada-excavadora-hyundai/repuestos-excavadora-hyundai-r140lc-9sb","301","migracion","alta","Ruta conservada idéntica en el sitio nuevo. NO necesita redirect (solo difiere la barra final)."
"/repuestos-maquinaria-pesada-colombia/repuestos-maquinaria-pesada-marcas/repuestos-para-maquinaria-pesada-hyundai/repuestos-para-maquinaria-pesada-excavadora-hyundai/repuestos-excavadora-hyundai-r210lc-7","/repuestos-maquinaria-pesada-colombia/repuestos-maquinaria-pesada-marcas/repuestos-para-maquinaria-pesada-hyundai/repuestos-para-maquinaria-pesada-excavadora-hyundai/repuestos-excavadora-hyundai-r210lc-7","301","migracion","alta","Ruta conservada idéntica en el sitio nuevo. NO necesita redirect (solo difiere la barra final)."
"/repuestos-maquinaria-pesada-colombia/repuestos-maquinaria-pesada-marcas/repuestos-para-maquinaria-pesada-hyundai/repuestos-para-maquinaria-pesada-excavadora-hyundai/repuestos-excavadora-hyundai-r210lc-7a","/repuestos-maquinaria-pesada-colombia/repuestos-maquinaria-pesada-marcas/repuestos-para-maquinaria-pesada-hyundai/repuestos-para-maquinaria-pesada-excavadora-hyundai/repuestos-excavadora-hyundai-r210lc-7a","301","migracion","alta","Ruta conservada idéntica en el sitio nuevo. NO necesita redirect (solo difiere la barra final)."
"/repuestos-maquinaria-pesada-colombia/repuestos-maquinaria-pesada-marcas/repuestos-para-maquinaria-pesada-hyundai/repuestos-para-maquinaria-pesada-excavadora-hyundai/repuestos-excavadora-hyundai-r210w-9s","/repuestos-maquinaria-pesada-colombia/repuestos-maquinaria-pesada-marcas/repuestos-para-maquinaria-pesada-hyundai/repuestos-para-maquinaria-pesada-excavadora-hyundai/repuestos-excavadora-hyundai-r210w-9s","301","migracion","alta","Ruta conservada idéntica en el sitio nuevo. NO necesita redirect (solo difiere la barra final)."
"/repuestos-maquinaria-pesada-colombia/repuestos-maquinaria-pesada-marcas/repuestos-para-maquinaria-pesada-hyundai/repuestos-para-maquinaria-pesada-excavadora-hyundai/repuestos-excavadora-hyundai-r220lc-9s","/repuestos-maquinaria-pesada-colombia/repuestos-maquinaria-pesada-marcas/repuestos-para-maquinaria-pesada-hyundai/repuestos-para-maquinaria-pesada-excavadora-hyundai/repuestos-excavadora-hyundai-r220lc-9s","301","migracion","alta","Ruta conservada idéntica en el sitio nuevo. NO necesita redirect (solo difiere la barra final)."
"/repuestos-maquinaria-pesada-colombia/repuestos-maquinaria-pesada-marcas/repuestos-para-maquinaria-pesada-hyundai/repuestos-para-maquinaria-pesada-excavadora-hyundai/repuestos-excavadora-hyundai-r220lc-9sb","/repuestos-maquinaria-pesada-colombia/repuestos-maquinaria-pesada-marcas/repuestos-para-maquinaria-pesada-hyundai/repuestos-para-maquinaria-pesada-excavadora-hyundai/repuestos-excavadora-hyundai-r220lc-9sb","301","migracion","alta","Ruta conservada idéntica en el sitio nuevo. NO necesita redirect (solo difiere la barra final)."
"/repuestos-maquinaria-pesada-colombia/repuestos-maquinaria-pesada-marcas/repuestos-para-maquinaria-pesada-hyundai/repuestos-para-maquinaria-pesada-excavadora-hyundai/repuestos-excavadora-hyundai-r220lc-hx","/repuestos-maquinaria-pesada-colombia/repuestos-maquinaria-pesada-marcas/repuestos-para-maquinaria-pesada-hyundai/repuestos-para-maquinaria-pesada-excavadora-hyundai/repuestos-excavadora-hyundai-r220lc-hx","301","migracion","alta","Ruta conservada idéntica en el sitio nuevo. NO necesita redirect (solo difiere la barra final)."
"/repuestos-maquinaria-pesada-colombia/repuestos-maquinaria-pesada-marcas/repuestos-para-maquinaria-pesada-hyundai/repuestos-para-maquinaria-pesada-excavadora-hyundai/repuestos-excavadora-hyundai-r250lc-7","/repuestos-maquinaria-pesada-colombia/repuestos-maquinaria-pesada-marcas/repuestos-para-maquinaria-pesada-hyundai/repuestos-para-maquinaria-pesada-excavadora-hyundai/repuestos-excavadora-hyundai-r250lc-7","301","migracion","alta","Ruta conservada idéntica en el sitio nuevo. NO necesita redirect (solo difiere la barra final)."
"/repuestos-maquinaria-pesada-colombia/repuestos-maquinaria-pesada-marcas/repuestos-para-maquinaria-pesada-hyundai/repuestos-para-maquinaria-pesada-excavadora-hyundai/repuestos-excavadora-hyundai-r250lc-7a","/repuestos-maquinaria-pesada-colombia/repuestos-maquinaria-pesada-marcas/repuestos-para-maquinaria-pesada-hyundai/repuestos-para-maquinaria-pesada-excavadora-hyundai/repuestos-excavadora-hyundai-r250lc-7a","301","migracion","alta","Ruta conservada idéntica en el sitio nuevo. NO necesita redirect (solo difiere la barra final)."
"/repuestos-maquinaria-pesada-colombia/repuestos-maquinaria-pesada-marcas/repuestos-para-maquinaria-pesada-hyundai/repuestos-para-maquinaria-pesada-excavadora-hyundai/repuestos-excavadora-hyundai-r260lc-9sa","/repuestos-maquinaria-pesada-colombia/repuestos-maquinaria-pesada-marcas/repuestos-para-maquinaria-pesada-hyundai/repuestos-para-maquinaria-pesada-excavadora-hyundai/repuestos-excavadora-hyundai-r260lc-9sa","301","migracion","alta","Ruta conservada idéntica en el sitio nuevo. NO necesita redirect (solo difiere la barra final)."
"/repuestos-maquinaria-pesada-colombia/repuestos-maquinaria-pesada-marcas/repuestos-para-maquinaria-pesada-hyundai/repuestos-para-maquinaria-pesada-excavadora-hyundai/repuestos-excavadora-hyundai-r290lc-7","/repuestos-maquinaria-pesada-colombia/repuestos-maquinaria-pesada-marcas/repuestos-para-maquinaria-pesada-hyundai/repuestos-para-maquinaria-pesada-excavadora-hyundai/repuestos-excavadora-hyundai-r290lc-7","301","migracion","alta","Ruta conservada idéntica en el sitio nuevo. NO necesita redirect (solo difiere la barra final)."
"/repuestos-maquinaria-pesada-colombia/repuestos-maquinaria-pesada-marcas/repuestos-para-maquinaria-pesada-hyundai/repuestos-para-maquinaria-pesada-excavadora-hyundai/repuestos-excavadora-hyundai-r290lc-7a","/repuestos-maquinaria-pesada-colombia/repuestos-maquinaria-pesada-marcas/repuestos-para-maquinaria-pesada-hyundai/repuestos-para-maquinaria-pesada-excavadora-hyundai/repuestos-excavadora-hyundai-r290lc-7a","301","migracion","alta","Ruta conservada idéntica en el sitio nuevo. NO necesita redirect (solo difiere la barra final)."
"/repuestos-maquinaria-pesada-colombia/repuestos-maquinaria-pesada-marcas/repuestos-para-maquinaria-pesada-hyundai/repuestos-para-maquinaria-pesada-excavadora-hyundai/repuestos-excavadora-hyundai-r380lc-9sh","/repuestos-maquinaria-pesada-colombia/repuestos-maquinaria-pesada-marcas/repuestos-para-maquinaria-pesada-hyundai/repuestos-para-maquinaria-pesada-excavadora-hyundai/repuestos-excavadora-hyundai-r380lc-9sh","301","migracion","alta","Ruta conservada idéntica en el sitio nuevo. NO necesita redirect (solo difiere la barra final)."
"/repuestos-maquinaria-pesada-colombia/repuestos-maquinaria-pesada-marcas/repuestos-para-maquinaria-pesada-hyundai/repuestos-para-maquinaria-pesada-minicargador-hyundai","/repuestos-maquinaria-pesada-colombia/repuestos-maquinaria-pesada-marcas/repuestos-para-maquinaria-pesada-hyundai/repuestos-para-maquinaria-pesada-minicargador-hyundai","301","migracion","alta","Ruta conservada idéntica en el sitio nuevo. NO necesita redirect (solo difiere la barra final)."
"/repuestos-maquinaria-pesada-colombia/repuestos-maquinaria-pesada-marcas/repuestos-para-maquinaria-pesada-hyundai/repuestos-para-maquinaria-pesada-minicargador-hyundai/repuestos-minicargador-hyundai-hsl850-7","/repuestos-maquinaria-pesada-colombia/repuestos-maquinaria-pesada-marcas/repuestos-para-maquinaria-pesada-hyundai/repuestos-para-maquinaria-pesada-minicargador-hyundai/repuestos-minicargador-hyundai-hsl850-7","301","migracion","alta","Ruta conservada idéntica en el sitio nuevo. NO necesita redirect (solo difiere la barra final)."
"/repuestos-maquinaria-pesada-colombia/repuestos-maquinaria-pesada-marcas/repuestos-para-maquinaria-pesada-hyundai/repuestos-para-maquinaria-pesada-minicargador-hyundai/repuestos-minicargador-hyundai-hsl850-7a","/repuestos-maquinaria-pesada-colombia/repuestos-maquinaria-pesada-marcas/repuestos-para-maquinaria-pesada-hyundai/repuestos-para-maquinaria-pesada-minicargador-hyundai/repuestos-minicargador-hyundai-hsl850-7a","301","migracion","alta","Ruta conservada idéntica en el sitio nuevo. NO necesita redirect (solo difiere la barra final)."
"/repuestos-maquinaria-pesada-colombia/repuestos-maquinaria-pesada-marcas/repuestos-para-maquinaria-pesada-hyundai/repuestos-para-maquinaria-pesada-miniexcavadora-hyundai","/repuestos-maquinaria-pesada-colombia/repuestos-maquinaria-pesada-marcas/repuestos-para-maquinaria-pesada-hyundai/repuestos-para-maquinaria-pesada-miniexcavadora-hyundai","301","migracion","alta","Ruta conservada idéntica en el sitio nuevo. NO necesita redirect (solo difiere la barra final)."
"/repuestos-maquinaria-pesada-colombia/repuestos-maquinaria-pesada-marcas/repuestos-para-maquinaria-pesada-hyundai/repuestos-para-maquinaria-pesada-miniexcavadora-hyundai/repuestos-miniexcavadora-hyundai-r35z-7","/repuestos-maquinaria-pesada-colombia/repuestos-maquinaria-pesada-marcas/repuestos-para-maquinaria-pesada-hyundai/repuestos-para-maquinaria-pesada-miniexcavadora-hyundai/repuestos-miniexcavadora-hyundai-r35z-7","301","migracion","alta","Ruta conservada idéntica en el sitio nuevo. NO necesita redirect (solo difiere la barra final)."
"/repuestos-maquinaria-pesada-colombia/repuestos-maquinaria-pesada-marcas/repuestos-para-maquinaria-pesada-hyundai/repuestos-para-maquinaria-pesada-miniexcavadora-hyundai/repuestos-miniexcavadora-hyundai-r35z-9","/repuestos-maquinaria-pesada-colombia/repuestos-maquinaria-pesada-marcas/repuestos-para-maquinaria-pesada-hyundai/repuestos-para-maquinaria-pesada-miniexcavadora-hyundai/repuestos-miniexcavadora-hyundai-r35z-9","301","migracion","alta","Ruta conservada idéntica en el sitio nuevo. NO necesita redirect (solo difiere la barra final)."
"/repuestos-maquinaria-pesada-colombia/repuestos-maquinaria-pesada-marcas/repuestos-para-maquinaria-pesada-kobelco","/repuestos-maquinaria-pesada-colombia/repuestos-maquinaria-pesada-marcas/repuestos-para-maquinaria-pesada-kobelco","301","migracion","alta","Ruta conservada idéntica en el sitio nuevo. NO necesita redirect (solo difiere la barra final)."
"/repuestos-maquinaria-pesada-colombia/repuestos-maquinaria-pesada-marcas/repuestos-para-maquinaria-pesada-kobelco/repuestos-para-maquinaria-pesada-excavadora-kobelco","/repuestos-maquinaria-pesada-colombia/repuestos-maquinaria-pesada-marcas/repuestos-para-maquinaria-pesada-kobelco/repuestos-para-maquinaria-pesada-excavadora-kobelco","301","migracion","alta","Ruta conservada idéntica en el sitio nuevo. NO necesita redirect (solo difiere la barra final)."
"/repuestos-maquinaria-pesada-colombia/repuestos-maquinaria-pesada-marcas/repuestos-para-maquinaria-pesada-kobelco/repuestos-para-maquinaria-pesada-excavadora-kobelco/repuestos-excavadora-kobelco-mark-iii","/repuestos-maquinaria-pesada-colombia/repuestos-maquinaria-pesada-marcas/repuestos-para-maquinaria-pesada-kobelco/repuestos-para-maquinaria-pesada-excavadora-kobelco/repuestos-excavadora-kobelco-mark-iii","301","migracion","alta","Ruta conservada idéntica en el sitio nuevo. NO necesita redirect (solo difiere la barra final)."
"/repuestos-maquinaria-pesada-colombia/repuestos-maquinaria-pesada-marcas/repuestos-para-maquinaria-pesada-kobelco/repuestos-para-maquinaria-pesada-excavadora-kobelco/repuestos-excavadora-kobelco-mark-iv","/repuestos-maquinaria-pesada-colombia/repuestos-maquinaria-pesada-marcas/repuestos-para-maquinaria-pesada-kobelco/repuestos-para-maquinaria-pesada-excavadora-kobelco/repuestos-excavadora-kobelco-mark-iv","301","migracion","alta","Ruta conservada idéntica en el sitio nuevo. NO necesita redirect (solo difiere la barra final)."
"/repuestos-maquinaria-pesada-colombia/repuestos-maquinaria-pesada-marcas/repuestos-para-maquinaria-pesada-kobelco/repuestos-para-maquinaria-pesada-excavadora-kobelco/repuestos-excavadora-kobelco-sk200-6","/repuestos-maquinaria-pesada-colombia/repuestos-maquinaria-pesada-marcas/repuestos-para-maquinaria-pesada-kobelco/repuestos-para-maquinaria-pesada-excavadora-kobelco/repuestos-excavadora-kobelco-sk200-6","301","migracion","alta","Ruta conservada idéntica en el sitio nuevo. NO necesita redirect (solo difiere la barra final)."
"/repuestos-maquinaria-pesada-colombia/repuestos-maquinaria-pesada-marcas/repuestos-para-maquinaria-pesada-kobelco/repuestos-para-maquinaria-pesada-excavadora-kobelco/repuestos-excavadora-kobelco-sk210-6","/repuestos-maquinaria-pesada-colombia/repuestos-maquinaria-pesada-marcas/repuestos-para-maquinaria-pesada-kobelco/repuestos-para-maquinaria-pesada-excavadora-kobelco/repuestos-excavadora-kobelco-sk210-6","301","migracion","alta","Ruta conservada idéntica en el sitio nuevo. NO necesita redirect (solo difiere la barra final)."
"/repuestos-maquinaria-pesada-colombia/repuestos-maquinaria-pesada-marcas/repuestos-para-maquinaria-pesada-kobelco/repuestos-para-maquinaria-pesada-excavadora-kobelco/repuestos-excavadora-kobelco-sk210lc-10","/repuestos-maquinaria-pesada-colombia/repuestos-maquinaria-pesada-marcas/repuestos-para-maquinaria-pesada-kobelco/repuestos-para-maquinaria-pesada-excavadora-kobelco/repuestos-excavadora-kobelco-sk210lc-10","301","migracion","alta","Ruta conservada idéntica en el sitio nuevo. NO necesita redirect (solo difiere la barra final)."
"/repuestos-maquinaria-pesada-colombia/repuestos-maquinaria-pesada-marcas/repuestos-para-maquinaria-pesada-kobelco/repuestos-para-maquinaria-pesada-excavadora-kobelco/repuestos-excavadora-kobelco-sk210lc-8","/repuestos-maquinaria-pesada-colombia/repuestos-maquinaria-pesada-marcas/repuestos-para-maquinaria-pesada-kobelco/repuestos-para-maquinaria-pesada-excavadora-kobelco/repuestos-excavadora-kobelco-sk210lc-8","301","migracion","alta","Ruta conservada idéntica en el sitio nuevo. NO necesita redirect (solo difiere la barra final)."
"/repuestos-maquinaria-pesada-colombia/repuestos-maquinaria-pesada-marcas/repuestos-para-maquinaria-pesada-kobelco/repuestos-para-maquinaria-pesada-excavadora-kobelco/repuestos-excavadora-kobelco-sk210lc-9","/repuestos-maquinaria-pesada-colombia/repuestos-maquinaria-pesada-marcas/repuestos-para-maquinaria-pesada-kobelco/repuestos-para-maquinaria-pesada-excavadora-kobelco/repuestos-excavadora-kobelco-sk210lc-9","301","migracion","alta","Ruta conservada idéntica en el sitio nuevo. NO necesita redirect (solo difiere la barra final)."
"/repuestos-maquinaria-pesada-colombia/repuestos-maquinaria-pesada-marcas/repuestos-para-maquinaria-pesada-kobelco/repuestos-para-maquinaria-pesada-excavadora-kobelco/repuestos-excavadora-kobelco-sk330-6","/repuestos-maquinaria-pesada-colombia/repuestos-maquinaria-pesada-marcas/repuestos-para-maquinaria-pesada-kobelco/repuestos-para-maquinaria-pesada-excavadora-kobelco/repuestos-excavadora-kobelco-sk330-6","301","migracion","alta","Ruta conservada idéntica en el sitio nuevo. NO necesita redirect (solo difiere la barra final)."
"/repuestos-maquinaria-pesada-colombia/repuestos-maquinaria-pesada-marcas/repuestos-para-maquinaria-pesada-kobelco/repuestos-para-maquinaria-pesada-excavadora-kobelco/repuestos-excavadora-kobelco-sk350lc-8","/repuestos-maquinaria-pesada-colombia/repuestos-maquinaria-pesada-marcas/repuestos-para-maquinaria-pesada-kobelco/repuestos-para-maquinaria-pesada-excavadora-kobelco/repuestos-excavadora-kobelco-sk350lc-8","301","migracion","alta","Ruta conservada idéntica en el sitio nuevo. NO necesita redirect (solo difiere la barra final)."
"/repuestos-maquinaria-pesada-colombia/repuestos-maquinaria-pesada-marcas/repuestos-para-maquinaria-pesada-komatsu","/repuestos-maquinaria-pesada-colombia/repuestos-maquinaria-pesada-marcas/repuestos-para-maquinaria-pesada-komatsu","301","migracion","alta","Ruta conservada idéntica en el sitio nuevo. NO necesita redirect (solo difiere la barra final)."
"/repuestos-maquinaria-pesada-colombia/repuestos-maquinaria-pesada-marcas/repuestos-para-maquinaria-pesada-komatsu/repuestos-para-maquinaria-pesada-bulldozer-komatsu","/repuestos-maquinaria-pesada-colombia/repuestos-maquinaria-pesada-marcas/repuestos-para-maquinaria-pesada-komatsu/repuestos-para-maquinaria-pesada-bulldozer-komatsu","301","migracion","alta","Ruta conservada idéntica en el sitio nuevo. NO necesita redirect (solo difiere la barra final)."
"/repuestos-maquinaria-pesada-colombia/repuestos-maquinaria-pesada-marcas/repuestos-para-maquinaria-pesada-komatsu/repuestos-para-maquinaria-pesada-bulldozer-komatsu/repuestos-bulldozer-komatsu-d41p-6-e-6","/repuestos-maquinaria-pesada-colombia/repuestos-maquinaria-pesada-marcas/repuestos-para-maquinaria-pesada-komatsu/repuestos-para-maquinaria-pesada-bulldozer-komatsu/repuestos-bulldozer-komatsu-d41p-6-e-6","301","migracion","alta","Ruta conservada idéntica en el sitio nuevo. NO necesita redirect (solo difiere la barra final)."
"/repuestos-maquinaria-pesada-colombia/repuestos-maquinaria-pesada-marcas/repuestos-para-maquinaria-pesada-komatsu/repuestos-para-maquinaria-pesada-bulldozer-komatsu/repuestos-bulldozer-komatsu-d51ex-22-px22","/repuestos-maquinaria-pesada-colombia/repuestos-maquinaria-pesada-marcas/repuestos-para-maquinaria-pesada-komatsu/repuestos-para-maquinaria-pesada-bulldozer-komatsu/repuestos-bulldozer-komatsu-d51ex-22-px22","301","migracion","alta","Ruta conservada idéntica en el sitio nuevo. NO necesita redirect (solo difiere la barra final)."
"/repuestos-maquinaria-pesada-colombia/repuestos-maquinaria-pesada-marcas/repuestos-para-maquinaria-pesada-komatsu/repuestos-para-maquinaria-pesada-bulldozer-komatsu/repuestos-bulldozer-komatsu-d61px-12","/repuestos-maquinaria-pesada-colombia/repuestos-maquinaria-pesada-marcas/repuestos-para-maquinaria-pesada-komatsu/repuestos-para-maquinaria-pesada-bulldozer-komatsu/repuestos-bulldozer-komatsu-d61px-12","301","migracion","alta","Ruta conservada idéntica en el sitio nuevo. NO necesita redirect (solo difiere la barra final)."
"/repuestos-maquinaria-pesada-colombia/repuestos-maquinaria-pesada-marcas/repuestos-para-maquinaria-pesada-komatsu/repuestos-para-maquinaria-pesada-bulldozer-komatsu/repuestos-bulldozer-komatsu-d61px-15","/repuestos-maquinaria-pesada-colombia/repuestos-maquinaria-pesada-marcas/repuestos-para-maquinaria-pesada-komatsu/repuestos-para-maquinaria-pesada-bulldozer-komatsu/repuestos-bulldozer-komatsu-d61px-15","301","migracion","alta","Ruta conservada idéntica en el sitio nuevo. NO necesita redirect (solo difiere la barra final)."
"/repuestos-maquinaria-pesada-colombia/repuestos-maquinaria-pesada-marcas/repuestos-para-maquinaria-pesada-komatsu/repuestos-para-maquinaria-pesada-bulldozer-komatsu/repuestos-bulldozer-komatsu-d65ex-12-px-12","/repuestos-maquinaria-pesada-colombia/repuestos-maquinaria-pesada-marcas/repuestos-para-maquinaria-pesada-komatsu/repuestos-para-maquinaria-pesada-bulldozer-komatsu/repuestos-bulldozer-komatsu-d65ex-12-px-12","301","migracion","alta","Ruta conservada idéntica en el sitio nuevo. NO necesita redirect (solo difiere la barra final)."
"/repuestos-maquinaria-pesada-colombia/repuestos-maquinaria-pesada-marcas/repuestos-para-maquinaria-pesada-komatsu/repuestos-para-maquinaria-pesada-bulldozer-komatsu/repuestos-bulldozer-komatsu-d65ex-15-px-15","/repuestos-maquinaria-pesada-colombia/repuestos-maquinaria-pesada-marcas/repuestos-para-maquinaria-pesada-komatsu/repuestos-para-maquinaria-pesada-bulldozer-komatsu/repuestos-bulldozer-komatsu-d65ex-15-px-15","301","migracion","alta","Ruta conservada idéntica en el sitio nuevo. NO necesita redirect (solo difiere la barra final)."
"/repuestos-maquinaria-pesada-colombia/repuestos-maquinaria-pesada-marcas/repuestos-para-maquinaria-pesada-komatsu/repuestos-para-maquinaria-pesada-cargador-komatsu","/repuestos-maquinaria-pesada-colombia/repuestos-maquinaria-pesada-marcas/repuestos-para-maquinaria-pesada-komatsu/repuestos-para-maquinaria-pesada-cargador-komatsu","301","migracion","alta","Ruta conservada idéntica en el sitio nuevo. NO necesita redirect (solo difiere la barra final)."
"/repuestos-maquinaria-pesada-colombia/repuestos-maquinaria-pesada-marcas/repuestos-para-maquinaria-pesada-komatsu/repuestos-para-maquinaria-pesada-cargador-komatsu/repuestos-cargador-frontal-komatsu-wa250-3","/repuestos-maquinaria-pesada-colombia/repuestos-maquinaria-pesada-marcas/repuestos-para-maquinaria-pesada-komatsu/repuestos-para-maquinaria-pesada-cargador-komatsu/repuestos-cargador-frontal-komatsu-wa250-3","301","migracion","alta","Ruta conservada idéntica en el sitio nuevo. NO necesita redirect (solo difiere la barra final)."
"/repuestos-maquinaria-pesada-colombia/repuestos-maquinaria-pesada-marcas/repuestos-para-maquinaria-pesada-komatsu/repuestos-para-maquinaria-pesada-cargador-komatsu/repuestos-cargador-frontal-komatsu-wa250-5","/repuestos-maquinaria-pesada-colombia/repuestos-maquinaria-pesada-marcas/repuestos-para-maquinaria-pesada-komatsu/repuestos-para-maquinaria-pesada-cargador-komatsu/repuestos-cargador-frontal-komatsu-wa250-5","301","migracion","alta","Ruta conservada idéntica en el sitio nuevo. NO necesita redirect (solo difiere la barra final)."
"/repuestos-maquinaria-pesada-colombia/repuestos-maquinaria-pesada-marcas/repuestos-para-maquinaria-pesada-komatsu/repuestos-para-maquinaria-pesada-cargador-komatsu/repuestos-cargador-frontal-komatsu-wa320-3","/repuestos-maquinaria-pesada-colombia/repuestos-maquinaria-pesada-marcas/repuestos-para-maquinaria-pesada-komatsu/repuestos-para-maquinaria-pesada-cargador-komatsu/repuestos-cargador-frontal-komatsu-wa320-3","301","migracion","alta","Ruta conservada idéntica en el sitio nuevo. NO necesita redirect (solo difiere la barra final)."
"/repuestos-maquinaria-pesada-colombia/repuestos-maquinaria-pesada-marcas/repuestos-para-maquinaria-pesada-komatsu/repuestos-para-maquinaria-pesada-cargador-komatsu/repuestos-cargador-frontal-komatsu-wa320-5","/repuestos-maquinaria-pesada-colombia/repuestos-maquinaria-pesada-marcas/repuestos-para-maquinaria-pesada-komatsu/repuestos-para-maquinaria-pesada-cargador-komatsu/repuestos-cargador-frontal-komatsu-wa320-5","301","migracion","alta","Ruta conservada idéntica en el sitio nuevo. NO necesita redirect (solo difiere la barra final)."
"/repuestos-maquinaria-pesada-colombia/repuestos-maquinaria-pesada-marcas/repuestos-para-maquinaria-pesada-komatsu/repuestos-para-maquinaria-pesada-cargador-komatsu/repuestos-cargador-frontal-komatsu-wa380-3","/repuestos-maquinaria-pesada-colombia/repuestos-maquinaria-pesada-marcas/repuestos-para-maquinaria-pesada-komatsu/repuestos-para-maquinaria-pesada-cargador-komatsu/repuestos-cargador-frontal-komatsu-wa380-3","301","migracion","alta","Ruta conservada idéntica en el sitio nuevo. NO necesita redirect (solo difiere la barra final)."
"/repuestos-maquinaria-pesada-colombia/repuestos-maquinaria-pesada-marcas/repuestos-para-maquinaria-pesada-komatsu/repuestos-para-maquinaria-pesada-cargador-komatsu/repuestos-cargador-frontal-komatsu-wa380-5","/repuestos-maquinaria-pesada-colombia/repuestos-maquinaria-pesada-marcas/repuestos-para-maquinaria-pesada-komatsu/repuestos-para-maquinaria-pesada-cargador-komatsu/repuestos-cargador-frontal-komatsu-wa380-5","301","migracion","alta","Ruta conservada idéntica en el sitio nuevo. NO necesita redirect (solo difiere la barra final)."
"/repuestos-maquinaria-pesada-colombia/repuestos-maquinaria-pesada-marcas/repuestos-para-maquinaria-pesada-komatsu/repuestos-para-maquinaria-pesada-excavadora-komatsu","/repuestos-maquinaria-pesada-colombia/repuestos-maquinaria-pesada-marcas/repuestos-para-maquinaria-pesada-komatsu/repuestos-para-maquinaria-pesada-excavadora-komatsu","301","migracion","alta","Ruta conservada idéntica en el sitio nuevo. NO necesita redirect (solo difiere la barra final)."
"/repuestos-maquinaria-pesada-colombia/repuestos-maquinaria-pesada-marcas/repuestos-para-maquinaria-pesada-komatsu/repuestos-para-maquinaria-pesada-excavadora-komatsu/repuestos-excavadora-komatsu-pc120-6","/repuestos-maquinaria-pesada-colombia/repuestos-maquinaria-pesada-marcas/repuestos-para-maquinaria-pesada-komatsu/repuestos-para-maquinaria-pesada-excavadora-komatsu/repuestos-excavadora-komatsu-pc120-6","301","migracion","alta","Ruta conservada idéntica en el sitio nuevo. NO necesita redirect (solo difiere la barra final)."
"/repuestos-maquinaria-pesada-colombia/repuestos-maquinaria-pesada-marcas/repuestos-para-maquinaria-pesada-komatsu/repuestos-para-maquinaria-pesada-excavadora-komatsu/repuestos-excavadora-komatsu-pc130-8","/repuestos-maquinaria-pesada-colombia/repuestos-maquinaria-pesada-marcas/repuestos-para-maquinaria-pesada-komatsu/repuestos-para-maquinaria-pesada-excavadora-komatsu/repuestos-excavadora-komatsu-pc130-8","301","migracion","alta","Ruta conservada idéntica en el sitio nuevo. NO necesita redirect (solo difiere la barra final)."
"/repuestos-maquinaria-pesada-colombia/repuestos-maquinaria-pesada-marcas/repuestos-para-maquinaria-pesada-komatsu/repuestos-para-maquinaria-pesada-excavadora-komatsu/repuestos-excavadora-komatsu-pc160-7","/repuestos-maquinaria-pesada-colombia/repuestos-maquinaria-pesada-marcas/repuestos-para-maquinaria-pesada-komatsu/repuestos-para-maquinaria-pesada-excavadora-komatsu/repuestos-excavadora-komatsu-pc160-7","301","migracion","alta","Ruta conservada idéntica en el sitio nuevo. NO necesita redirect (solo difiere la barra final)."
"/repuestos-maquinaria-pesada-colombia/repuestos-maquinaria-pesada-marcas/repuestos-para-maquinaria-pesada-komatsu/repuestos-para-maquinaria-pesada-excavadora-komatsu/repuestos-excavadora-komatsu-pc200lc-6","/repuestos-maquinaria-pesada-colombia/repuestos-maquinaria-pesada-marcas/repuestos-para-maquinaria-pesada-komatsu/repuestos-para-maquinaria-pesada-excavadora-komatsu/repuestos-excavadora-komatsu-pc200lc-6","301","migracion","alta","Ruta conservada idéntica en el sitio nuevo. NO necesita redirect (solo difiere la barra final)."
"/repuestos-maquinaria-pesada-colombia/repuestos-maquinaria-pesada-marcas/repuestos-para-maquinaria-pesada-komatsu/repuestos-para-maquinaria-pesada-excavadora-komatsu/repuestos-excavadora-komatsu-pc200lc-7","/repuestos-maquinaria-pesada-colombia/repuestos-maquinaria-pesada-marcas/repuestos-para-maquinaria-pesada-komatsu/repuestos-para-maquinaria-pesada-excavadora-komatsu/repuestos-excavadora-komatsu-pc200lc-7","301","migracion","alta","Ruta conservada idéntica en el sitio nuevo. NO necesita redirect (solo difiere la barra final)."
"/repuestos-maquinaria-pesada-colombia/repuestos-maquinaria-pesada-marcas/repuestos-para-maquinaria-pesada-komatsu/repuestos-para-maquinaria-pesada-excavadora-komatsu/repuestos-excavadora-komatsu-pc200lc-8","/repuestos-maquinaria-pesada-colombia/repuestos-maquinaria-pesada-marcas/repuestos-para-maquinaria-pesada-komatsu/repuestos-para-maquinaria-pesada-excavadora-komatsu/repuestos-excavadora-komatsu-pc200lc-8","301","migracion","alta","Ruta conservada idéntica en el sitio nuevo. NO necesita redirect (solo difiere la barra final)."
"/repuestos-maquinaria-pesada-colombia/repuestos-maquinaria-pesada-marcas/repuestos-para-maquinaria-pesada-komatsu/repuestos-para-maquinaria-pesada-excavadora-komatsu/repuestos-excavadora-komatsu-pc210lc-10","/repuestos-maquinaria-pesada-colombia/repuestos-maquinaria-pesada-marcas/repuestos-para-maquinaria-pesada-komatsu/repuestos-para-maquinaria-pesada-excavadora-komatsu/repuestos-excavadora-komatsu-pc210lc-10","301","migracion","alta","Ruta conservada idéntica en el sitio nuevo. NO necesita redirect (solo difiere la barra final)."
"/repuestos-maquinaria-pesada-colombia/repuestos-maquinaria-pesada-marcas/repuestos-para-maquinaria-pesada-komatsu/repuestos-para-maquinaria-pesada-excavadora-komatsu/repuestos-excavadora-komatsu-pc220lc-7","/repuestos-maquinaria-pesada-colombia/repuestos-maquinaria-pesada-marcas/repuestos-para-maquinaria-pesada-komatsu/repuestos-para-maquinaria-pesada-excavadora-komatsu/repuestos-excavadora-komatsu-pc220lc-7","301","migracion","alta","Ruta conservada idéntica en el sitio nuevo. NO necesita redirect (solo difiere la barra final)."
"/repuestos-maquinaria-pesada-colombia/repuestos-maquinaria-pesada-marcas/repuestos-para-maquinaria-pesada-komatsu/repuestos-para-maquinaria-pesada-excavadora-komatsu/repuestos-excavadora-komatsu-pc220lc-8","/repuestos-maquinaria-pesada-colombia/repuestos-maquinaria-pesada-marcas/repuestos-para-maquinaria-pesada-komatsu/repuestos-para-maquinaria-pesada-excavadora-komatsu/repuestos-excavadora-komatsu-pc220lc-8","301","migracion","alta","Ruta conservada idéntica en el sitio nuevo. NO necesita redirect (solo difiere la barra final)."
"/repuestos-maquinaria-pesada-colombia/repuestos-maquinaria-pesada-marcas/repuestos-para-maquinaria-pesada-komatsu/repuestos-para-maquinaria-pesada-excavadora-komatsu/repuestos-excavadora-komatsu-pc300lc-6","/repuestos-maquinaria-pesada-colombia/repuestos-maquinaria-pesada-marcas/repuestos-para-maquinaria-pesada-komatsu/repuestos-para-maquinaria-pesada-excavadora-komatsu/repuestos-excavadora-komatsu-pc300lc-6","301","migracion","alta","Ruta conservada idéntica en el sitio nuevo. NO necesita redirect (solo difiere la barra final)."
"/repuestos-maquinaria-pesada-colombia/repuestos-maquinaria-pesada-marcas/repuestos-para-maquinaria-pesada-komatsu/repuestos-para-maquinaria-pesada-excavadora-komatsu/repuestos-excavadora-komatsu-pc300lc-7","/repuestos-maquinaria-pesada-colombia/repuestos-maquinaria-pesada-marcas/repuestos-para-maquinaria-pesada-komatsu/repuestos-para-maquinaria-pesada-excavadora-komatsu/repuestos-excavadora-komatsu-pc300lc-7","301","migracion","alta","Ruta conservada idéntica en el sitio nuevo. NO necesita redirect (solo difiere la barra final)."
"/repuestos-maquinaria-pesada-colombia/repuestos-maquinaria-pesada-marcas/repuestos-para-maquinaria-pesada-komatsu/repuestos-para-maquinaria-pesada-excavadora-komatsu/repuestos-excavadora-komatsu-pc350-7","/repuestos-maquinaria-pesada-colombia/repuestos-maquinaria-pesada-marcas/repuestos-para-maquinaria-pesada-komatsu/repuestos-para-maquinaria-pesada-excavadora-komatsu/repuestos-excavadora-komatsu-pc350-7","301","migracion","alta","Ruta conservada idéntica en el sitio nuevo. NO necesita redirect (solo difiere la barra final)."
"/repuestos-maquinaria-pesada-colombia/repuestos-maquinaria-pesada-marcas/repuestos-para-maquinaria-pesada-komatsu/repuestos-para-maquinaria-pesada-excavadora-komatsu/repuestos-excavadora-komatsu-pc350-8","/repuestos-maquinaria-pesada-colombia/repuestos-maquinaria-pesada-marcas/repuestos-para-maquinaria-pesada-komatsu/repuestos-para-maquinaria-pesada-excavadora-komatsu/repuestos-excavadora-komatsu-pc350-8","301","migracion","alta","Ruta conservada idéntica en el sitio nuevo. NO necesita redirect (solo difiere la barra final)."
"/repuestos-maquinaria-pesada-colombia/repuestos-maquinaria-pesada-marcas/repuestos-para-maquinaria-pesada-komatsu/repuestos-para-maquinaria-pesada-excavadora-komatsu/repuestos-excavadora-komatsu-pc40-7","/repuestos-maquinaria-pesada-colombia/repuestos-maquinaria-pesada-marcas/repuestos-para-maquinaria-pesada-komatsu/repuestos-para-maquinaria-pesada-excavadora-komatsu/repuestos-excavadora-komatsu-pc40-7","301","migracion","alta","Ruta conservada idéntica en el sitio nuevo. NO necesita redirect (solo difiere la barra final)."
"/repuestos-maquinaria-pesada-colombia/repuestos-maquinaria-pesada-marcas/repuestos-para-maquinaria-pesada-komatsu/repuestos-para-maquinaria-pesada-excavadora-komatsu/repuestos-excavadora-komatsu-pc40-mr1","/repuestos-maquinaria-pesada-colombia/repuestos-maquinaria-pesada-marcas/repuestos-para-maquinaria-pesada-komatsu/repuestos-para-maquinaria-pesada-excavadora-komatsu/repuestos-excavadora-komatsu-pc40-mr1","301","migracion","alta","Ruta conservada idéntica en el sitio nuevo. NO necesita redirect (solo difiere la barra final)."
"/repuestos-maquinaria-pesada-colombia/repuestos-maquinaria-pesada-marcas/repuestos-para-maquinaria-pesada-komatsu/repuestos-para-maquinaria-pesada-excavadora-komatsu/repuestos-excavadora-komatsu-pc40-mr2","/repuestos-maquinaria-pesada-colombia/repuestos-maquinaria-pesada-marcas/repuestos-para-maquinaria-pesada-komatsu/repuestos-para-maquinaria-pesada-excavadora-komatsu/repuestos-excavadora-komatsu-pc40-mr2","301","migracion","alta","Ruta conservada idéntica en el sitio nuevo. NO necesita redirect (solo difiere la barra final)."
"/repuestos-maquinaria-pesada-colombia/repuestos-maquinaria-pesada-marcas/repuestos-para-maquinaria-pesada-komatsu/repuestos-para-maquinaria-pesada-excavadora-komatsu/repuestos-excavadora-komatsu-pc400-7","/repuestos-maquinaria-pesada-colombia/repuestos-maquinaria-pesada-marcas/repuestos-para-maquinaria-pesada-komatsu/repuestos-para-maquinaria-pesada-excavadora-komatsu/repuestos-excavadora-komatsu-pc400-7","301","migracion","alta","Ruta conservada idéntica en el sitio nuevo. NO necesita redirect (solo difiere la barra final)."
"/repuestos-maquinaria-pesada-colombia/repuestos-maquinaria-pesada-marcas/repuestos-para-maquinaria-pesada-komatsu/repuestos-para-maquinaria-pesada-motoniveladora-komatsu","/repuestos-maquinaria-pesada-colombia/repuestos-maquinaria-pesada-marcas/repuestos-para-maquinaria-pesada-komatsu/repuestos-para-maquinaria-pesada-motoniveladora-komatsu","301","migracion","alta","Ruta conservada idéntica en el sitio nuevo. NO necesita redirect (solo difiere la barra final)."
"/repuestos-maquinaria-pesada-colombia/repuestos-maquinaria-pesada-marcas/repuestos-para-maquinaria-pesada-komatsu/repuestos-para-maquinaria-pesada-motoniveladora-komatsu/repuestos-motoniveladora-komatsu-gd511-1","/repuestos-maquinaria-pesada-colombia/repuestos-maquinaria-pesada-marcas/repuestos-para-maquinaria-pesada-komatsu/repuestos-para-maquinaria-pesada-motoniveladora-komatsu/repuestos-motoniveladora-komatsu-gd511-1","301","migracion","alta","Ruta conservada idéntica en el sitio nuevo. NO necesita redirect (solo difiere la barra final)."
"/repuestos-maquinaria-pesada-colombia/repuestos-maquinaria-pesada-marcas/repuestos-para-maquinaria-pesada-komatsu/repuestos-para-maquinaria-pesada-motoniveladora-komatsu/repuestos-motoniveladora-komatsu-gd555-3","/repuestos-maquinaria-pesada-colombia/repuestos-maquinaria-pesada-marcas/repuestos-para-maquinaria-pesada-komatsu/repuestos-para-maquinaria-pesada-motoniveladora-komatsu/repuestos-motoniveladora-komatsu-gd555-3","301","migracion","alta","Ruta conservada idéntica en el sitio nuevo. NO necesita redirect (solo difiere la barra final)."
"/repuestos-maquinaria-pesada-colombia/repuestos-maquinaria-pesada-marcas/repuestos-para-maquinaria-pesada-komatsu/repuestos-para-maquinaria-pesada-motoniveladora-komatsu/repuestos-motoniveladora-komatsu-gd555-5-copy","/repuestos-maquinaria-pesada-colombia/repuestos-maquinaria-pesada-marcas/repuestos-para-maquinaria-pesada-komatsu/repuestos-para-maquinaria-pesada-motoniveladora-komatsu/repuestos-motoniveladora-komatsu-gd555-5","301","migracion","media","Duplicado '-copy' (borrador publicado por error, ADR 0004): no se migra. Su gemelo canónico existe y es único en el rastreo, así que el destino es demostrable."
"/repuestos-maquinaria-pesada-colombia/repuestos-maquinaria-pesada-marcas/repuestos-para-maquinaria-pesada-komatsu/repuestos-para-maquinaria-pesada-motoniveladora-komatsu/repuestos-motoniveladora-komatsu-gd555-5","/repuestos-maquinaria-pesada-colombia/repuestos-maquinaria-pesada-marcas/repuestos-para-maquinaria-pesada-komatsu/repuestos-para-maquinaria-pesada-motoniveladora-komatsu/repuestos-motoniveladora-komatsu-gd555-5","301","migracion","alta","Ruta conservada idéntica en el sitio nuevo. NO necesita redirect (solo difiere la barra final)."
"/repuestos-maquinaria-pesada-colombia/repuestos-maquinaria-pesada-marcas/repuestos-para-maquinaria-pesada-link-belt","/repuestos-maquinaria-pesada-colombia/repuestos-maquinaria-pesada-marcas/repuestos-para-maquinaria-pesada-link-belt","301","migracion","alta","Ruta conservada idéntica en el sitio nuevo. NO necesita redirect (solo difiere la barra final)."
"/repuestos-maquinaria-pesada-colombia/repuestos-maquinaria-pesada-marcas/repuestos-para-maquinaria-pesada-link-belt/repuestos-para-maquinaria-pesada-excavadora-link-belt","/repuestos-maquinaria-pesada-colombia/repuestos-maquinaria-pesada-marcas/repuestos-para-maquinaria-pesada-link-belt/repuestos-para-maquinaria-pesada-excavadora-link-belt","301","migracion","alta","Ruta conservada idéntica en el sitio nuevo. NO necesita redirect (solo difiere la barra final)."
"/repuestos-maquinaria-pesada-colombia/repuestos-maquinaria-pesada-marcas/repuestos-para-maquinaria-pesada-link-belt/repuestos-para-maquinaria-pesada-excavadora-link-belt/repuestos-miniexcavadora-link-belt-210lx","/repuestos-maquinaria-pesada-colombia/repuestos-maquinaria-pesada-marcas/repuestos-para-maquinaria-pesada-link-belt/repuestos-para-maquinaria-pesada-excavadora-link-belt/repuestos-miniexcavadora-link-belt-210lx","301","migracion","alta","Ruta conservada idéntica en el sitio nuevo. NO necesita redirect (solo difiere la barra final)."
"/repuestos-maquinaria-pesada-colombia/repuestos-maquinaria-pesada-marcas/repuestos-para-maquinaria-pesada-link-belt/repuestos-para-maquinaria-pesada-excavadora-link-belt/repuestos-miniexcavadora-link-belt-lbx130x2","/repuestos-maquinaria-pesada-colombia/repuestos-maquinaria-pesada-marcas/repuestos-para-maquinaria-pesada-link-belt/repuestos-para-maquinaria-pesada-excavadora-link-belt/repuestos-miniexcavadora-link-belt-lbx130x2","301","migracion","alta","Ruta conservada idéntica en el sitio nuevo. NO necesita redirect (solo difiere la barra final)."
"/repuestos-maquinaria-pesada-colombia/repuestos-maquinaria-pesada-marcas/repuestos-para-maquinaria-pesada-link-belt/repuestos-para-maquinaria-pesada-excavadora-link-belt/repuestos-miniexcavadora-link-belt-lbx130x3e","/repuestos-maquinaria-pesada-colombia/repuestos-maquinaria-pesada-marcas/repuestos-para-maquinaria-pesada-link-belt/repuestos-para-maquinaria-pesada-excavadora-link-belt/repuestos-miniexcavadora-link-belt-lbx130x3e","301","migracion","alta","Ruta conservada idéntica en el sitio nuevo. NO necesita redirect (solo difiere la barra final)."
"/repuestos-maquinaria-pesada-colombia/repuestos-maquinaria-pesada-marcas/repuestos-para-maquinaria-pesada-link-belt/repuestos-para-maquinaria-pesada-excavadora-link-belt/repuestos-miniexcavadora-link-belt-lbx160x3e","/repuestos-maquinaria-pesada-colombia/repuestos-maquinaria-pesada-marcas/repuestos-para-maquinaria-pesada-link-belt/repuestos-para-maquinaria-pesada-excavadora-link-belt/repuestos-miniexcavadora-link-belt-lbx160x3e","301","migracion","alta","Ruta conservada idéntica en el sitio nuevo. NO necesita redirect (solo difiere la barra final)."
"/repuestos-maquinaria-pesada-colombia/repuestos-maquinaria-pesada-marcas/repuestos-para-maquinaria-pesada-link-belt/repuestos-para-maquinaria-pesada-excavadora-link-belt/repuestos-miniexcavadora-link-belt-lbx210x2","/repuestos-maquinaria-pesada-colombia/repuestos-maquinaria-pesada-marcas/repuestos-para-maquinaria-pesada-link-belt/repuestos-para-maquinaria-pesada-excavadora-link-belt/repuestos-miniexcavadora-link-belt-lbx210x2","301","migracion","alta","Ruta conservada idéntica en el sitio nuevo. NO necesita redirect (solo difiere la barra final)."
"/repuestos-maquinaria-pesada-colombia/repuestos-maquinaria-pesada-marcas/repuestos-para-maquinaria-pesada-link-belt/repuestos-para-maquinaria-pesada-excavadora-link-belt/repuestos-miniexcavadora-link-belt-lbx210x3e","/repuestos-maquinaria-pesada-colombia/repuestos-maquinaria-pesada-marcas/repuestos-para-maquinaria-pesada-link-belt/repuestos-para-maquinaria-pesada-excavadora-link-belt/repuestos-miniexcavadora-link-belt-lbx210x3e","301","migracion","alta","Ruta conservada idéntica en el sitio nuevo. NO necesita redirect (solo difiere la barra final)."
"/repuestos-maquinaria-pesada-colombia/repuestos-maquinaria-pesada-marcas/repuestos-para-maquinaria-pesada-link-belt/repuestos-para-maquinaria-pesada-excavadora-link-belt/repuestos-miniexcavadora-link-belt-lbx240x2","/repuestos-maquinaria-pesada-colombia/repuestos-maquinaria-pesada-marcas/repuestos-para-maquinaria-pesada-link-belt/repuestos-para-maquinaria-pesada-excavadora-link-belt/repuestos-miniexcavadora-link-belt-lbx240x2","301","migracion","alta","Ruta conservada idéntica en el sitio nuevo. NO necesita redirect (solo difiere la barra final)."
"/repuestos-maquinaria-pesada-colombia/repuestos-maquinaria-pesada-marcas/repuestos-para-maquinaria-pesada-link-belt/repuestos-para-maquinaria-pesada-excavadora-link-belt/repuestos-miniexcavadora-link-belt-lbx350x2","/repuestos-maquinaria-pesada-colombia/repuestos-maquinaria-pesada-marcas/repuestos-para-maquinaria-pesada-link-belt/repuestos-para-maquinaria-pesada-excavadora-link-belt/repuestos-miniexcavadora-link-belt-lbx350x2","301","migracion","alta","Ruta conservada idéntica en el sitio nuevo. NO necesita redirect (solo difiere la barra final)."
"/repuestos-maquinaria-pesada-colombia/repuestos-maquinaria-pesada-marcas/repuestos-para-maquinaria-pesada-link-belt/repuestos-para-maquinaria-pesada-excavadora-link-belt/repuestos-miniexcavadora-link-belt-lbx360x3e","/repuestos-maquinaria-pesada-colombia/repuestos-maquinaria-pesada-marcas/repuestos-para-maquinaria-pesada-link-belt/repuestos-para-maquinaria-pesada-excavadora-link-belt/repuestos-miniexcavadora-link-belt-lbx360x3e","301","migracion","alta","Ruta conservada idéntica en el sitio nuevo. NO necesita redirect (solo difiere la barra final)."
"/repuestos-maquinaria-pesada-colombia/repuestos-maquinaria-pesada-marcas/repuestos-para-maquinaria-pesada-link-belt/repuestos-para-maquinaria-pesada-excavadora-link-belt/repuestos-miniexcavadora-link-belt-lbx460x2","/repuestos-maquinaria-pesada-colombia/repuestos-maquinaria-pesada-marcas/repuestos-para-maquinaria-pesada-link-belt/repuestos-para-maquinaria-pesada-excavadora-link-belt/repuestos-miniexcavadora-link-belt-lbx460x2","301","migracion","alta","Ruta conservada idéntica en el sitio nuevo. NO necesita redirect (solo difiere la barra final)."
"/repuestos-maquinaria-pesada-colombia/repuestos-maquinaria-pesada-marcas/repuestos-para-maquinaria-pesada-link-belt/repuestos-para-maquinaria-pesada-excavadora-link-belt/repuestos-miniexcavadora-link-belt-lbx75-spin-ace","/repuestos-maquinaria-pesada-colombia/repuestos-maquinaria-pesada-marcas/repuestos-para-maquinaria-pesada-link-belt/repuestos-para-maquinaria-pesada-excavadora-link-belt/repuestos-miniexcavadora-link-belt-lbx75-spin-ace","301","migracion","alta","Ruta conservada idéntica en el sitio nuevo. NO necesita redirect (solo difiere la barra final)."
"/repuestos-maquinaria-pesada-colombia/repuestos-maquinaria-pesada-marcas/repuestos-para-maquinaria-pesada-liugong","/repuestos-maquinaria-pesada-colombia/repuestos-maquinaria-pesada-marcas/repuestos-para-maquinaria-pesada-liugong","301","migracion","alta","Ruta conservada idéntica en el sitio nuevo. NO necesita redirect (solo difiere la barra final)."
"/repuestos-maquinaria-pesada-colombia/repuestos-maquinaria-pesada-marcas/repuestos-para-maquinaria-pesada-liugong/repuestos-para-maquinaria-pesada-cargador-frontal-liugong","/repuestos-maquinaria-pesada-colombia/repuestos-maquinaria-pesada-marcas/repuestos-para-maquinaria-pesada-liugong/repuestos-para-maquinaria-pesada-cargador-frontal-liugong","301","migracion","alta","Ruta conservada idéntica en el sitio nuevo. NO necesita redirect (solo difiere la barra final)."
"/repuestos-maquinaria-pesada-colombia/repuestos-maquinaria-pesada-marcas/repuestos-para-maquinaria-pesada-liugong/repuestos-para-maquinaria-pesada-cargador-frontal-liugong/repuestos-cargador-frontal-liugong-clg820c","/repuestos-maquinaria-pesada-colombia/repuestos-maquinaria-pesada-marcas/repuestos-para-maquinaria-pesada-liugong/repuestos-para-maquinaria-pesada-cargador-frontal-liugong/repuestos-cargador-frontal-liugong-clg820c","301","migracion","alta","Ruta conservada idéntica en el sitio nuevo. NO necesita redirect (solo difiere la barra final)."
"/repuestos-maquinaria-pesada-colombia/repuestos-maquinaria-pesada-marcas/repuestos-para-maquinaria-pesada-liugong/repuestos-para-maquinaria-pesada-cargador-frontal-liugong/repuestos-cargador-frontal-liugong-clg835-cummins","/repuestos-maquinaria-pesada-colombia/repuestos-maquinaria-pesada-marcas/repuestos-para-maquinaria-pesada-liugong/repuestos-para-maquinaria-pesada-cargador-frontal-liugong/repuestos-cargador-frontal-liugong-clg835-cummins","301","migracion","alta","Ruta conservada idéntica en el sitio nuevo. NO necesita redirect (solo difiere la barra final)."
"/repuestos-maquinaria-pesada-colombia/repuestos-maquinaria-pesada-marcas/repuestos-para-maquinaria-pesada-liugong/repuestos-para-maquinaria-pesada-cargador-frontal-liugong/repuestos-cargador-frontal-liugong-clg835h-cummins","/repuestos-maquinaria-pesada-colombia/repuestos-maquinaria-pesada-marcas/repuestos-para-maquinaria-pesada-liugong/repuestos-para-maquinaria-pesada-cargador-frontal-liugong/repuestos-cargador-frontal-liugong-clg835h-cummins","301","migracion","alta","Ruta conservada idéntica en el sitio nuevo. NO necesita redirect (solo difiere la barra final)."
"/repuestos-maquinaria-pesada-colombia/repuestos-maquinaria-pesada-marcas/repuestos-para-maquinaria-pesada-liugong/repuestos-para-maquinaria-pesada-cargador-frontal-liugong/repuestos-cargador-frontal-liugong-clg835h-weichai","/repuestos-maquinaria-pesada-colombia/repuestos-maquinaria-pesada-marcas/repuestos-para-maquinaria-pesada-liugong/repuestos-para-maquinaria-pesada-cargador-frontal-liugong/repuestos-cargador-frontal-liugong-clg835h-weichai","301","migracion","alta","Ruta conservada idéntica en el sitio nuevo. NO necesita redirect (solo difiere la barra final)."
"/repuestos-maquinaria-pesada-colombia/repuestos-maquinaria-pesada-marcas/repuestos-para-maquinaria-pesada-liugong/repuestos-para-maquinaria-pesada-cargador-frontal-liugong/repuestos-cargador-frontal-liugong-clg855h","/repuestos-maquinaria-pesada-colombia/repuestos-maquinaria-pesada-marcas/repuestos-para-maquinaria-pesada-liugong/repuestos-para-maquinaria-pesada-cargador-frontal-liugong/repuestos-cargador-frontal-liugong-clg855h","301","migracion","alta","Ruta conservada idéntica en el sitio nuevo. NO necesita redirect (solo difiere la barra final)."
"/repuestos-maquinaria-pesada-colombia/repuestos-maquinaria-pesada-marcas/repuestos-para-maquinaria-pesada-liugong/repuestos-para-maquinaria-pesada-cargador-frontal-liugong/repuestos-cargador-frontal-liugong-clg856h","/repuestos-maquinaria-pesada-colombia/repuestos-maquinaria-pesada-marcas/repuestos-para-maquinaria-pesada-liugong/repuestos-para-maquinaria-pesada-cargador-frontal-liugong/repuestos-cargador-frontal-liugong-clg856h","301","migracion","alta","Ruta conservada idéntica en el sitio nuevo. NO necesita redirect (solo difiere la barra final)."
"/repuestos-maquinaria-pesada-colombia/repuestos-maquinaria-pesada-marcas/repuestos-para-maquinaria-pesada-liugong/repuestos-para-maquinaria-pesada-cargador-frontal-liugong/repuestos-cargador-frontal-liugong-zl50cn","/repuestos-maquinaria-pesada-colombia/repuestos-maquinaria-pesada-marcas/repuestos-para-maquinaria-pesada-liugong/repuestos-para-maquinaria-pesada-cargador-frontal-liugong/repuestos-cargador-frontal-liugong-zl50cn","301","migracion","alta","Ruta conservada idéntica en el sitio nuevo. NO necesita redirect (solo difiere la barra final)."
"/repuestos-maquinaria-pesada-colombia/repuestos-maquinaria-pesada-marcas/repuestos-para-maquinaria-pesada-liugong/repuestos-para-maquinaria-pesada-excavadora-liugong","/repuestos-maquinaria-pesada-colombia/repuestos-maquinaria-pesada-marcas/repuestos-para-maquinaria-pesada-liugong/repuestos-para-maquinaria-pesada-excavadora-liugong","301","migracion","alta","Ruta conservada idéntica en el sitio nuevo. NO necesita redirect (solo difiere la barra final)."
"/repuestos-maquinaria-pesada-colombia/repuestos-maquinaria-pesada-marcas/repuestos-para-maquinaria-pesada-liugong/repuestos-para-maquinaria-pesada-excavadora-liugong/repuestos-excavadora-liugong-clg908e","/repuestos-maquinaria-pesada-colombia/repuestos-maquinaria-pesada-marcas/repuestos-para-maquinaria-pesada-liugong/repuestos-para-maquinaria-pesada-excavadora-liugong/repuestos-excavadora-liugong-clg908e","301","migracion","alta","Ruta conservada idéntica en el sitio nuevo. NO necesita redirect (solo difiere la barra final)."
"/repuestos-maquinaria-pesada-colombia/repuestos-maquinaria-pesada-marcas/repuestos-para-maquinaria-pesada-liugong/repuestos-para-maquinaria-pesada-excavadora-liugong/repuestos-excavadora-liugong-clg915d","/repuestos-maquinaria-pesada-colombia/repuestos-maquinaria-pesada-marcas/repuestos-para-maquinaria-pesada-liugong/repuestos-para-maquinaria-pesada-excavadora-liugong/repuestos-excavadora-liugong-clg915d","301","migracion","alta","Ruta conservada idéntica en el sitio nuevo. NO necesita redirect (solo difiere la barra final)."
"/repuestos-maquinaria-pesada-colombia/repuestos-maquinaria-pesada-marcas/repuestos-para-maquinaria-pesada-liugong/repuestos-para-maquinaria-pesada-excavadora-liugong/repuestos-excavadora-liugong-clg915e","/repuestos-maquinaria-pesada-colombia/repuestos-maquinaria-pesada-marcas/repuestos-para-maquinaria-pesada-liugong/repuestos-para-maquinaria-pesada-excavadora-liugong/repuestos-excavadora-liugong-clg915e","301","migracion","alta","Ruta conservada idéntica en el sitio nuevo. NO necesita redirect (solo difiere la barra final)."
"/repuestos-maquinaria-pesada-colombia/repuestos-maquinaria-pesada-marcas/repuestos-para-maquinaria-pesada-liugong/repuestos-para-maquinaria-pesada-excavadora-liugong/repuestos-excavadora-liugong-clg920e","/repuestos-maquinaria-pesada-colombia/repuestos-maquinaria-pesada-marcas/repuestos-para-maquinaria-pesada-liugong/repuestos-para-maquinaria-pesada-excavadora-liugong/repuestos-excavadora-liugong-clg920e","301","migracion","alta","Ruta conservada idéntica en el sitio nuevo. NO necesita redirect (solo difiere la barra final)."
"/repuestos-maquinaria-pesada-colombia/repuestos-maquinaria-pesada-marcas/repuestos-para-maquinaria-pesada-liugong/repuestos-para-maquinaria-pesada-excavadora-liugong/repuestos-excavadora-liugong-clg933e","/repuestos-maquinaria-pesada-colombia/repuestos-maquinaria-pesada-marcas/repuestos-para-maquinaria-pesada-liugong/repuestos-para-maquinaria-pesada-excavadora-liugong/repuestos-excavadora-liugong-clg933e","301","migracion","alta","Ruta conservada idéntica en el sitio nuevo. NO necesita redirect (solo difiere la barra final)."
"/repuestos-maquinaria-pesada-colombia/repuestos-maquinaria-pesada-marcas/repuestos-para-maquinaria-pesada-liugong/repuestos-para-maquinaria-pesada-excavadora-liugong/repuestos-miniexcavadora-liugong-clg913e","/repuestos-maquinaria-pesada-colombia/repuestos-maquinaria-pesada-marcas/repuestos-para-maquinaria-pesada-liugong/repuestos-para-maquinaria-pesada-excavadora-liugong/repuestos-miniexcavadora-liugong-clg913e","301","migracion","alta","Ruta conservada idéntica en el sitio nuevo. NO necesita redirect (solo difiere la barra final)."
"/repuestos-maquinaria-pesada-colombia/repuestos-maquinaria-pesada-marcas/repuestos-para-maquinaria-pesada-liugong/repuestos-para-maquinaria-pesada-excavadora-liugong/repuestos-miniexcavadora-liugong-clg922d","/repuestos-maquinaria-pesada-colombia/repuestos-maquinaria-pesada-marcas/repuestos-para-maquinaria-pesada-liugong/repuestos-para-maquinaria-pesada-excavadora-liugong/repuestos-miniexcavadora-liugong-clg922d","301","migracion","alta","Ruta conservada idéntica en el sitio nuevo. NO necesita redirect (solo difiere la barra final)."
"/repuestos-maquinaria-pesada-colombia/repuestos-maquinaria-pesada-marcas/repuestos-para-maquinaria-pesada-liugong/repuestos-para-maquinaria-pesada-motoniveladora-liugong","/repuestos-maquinaria-pesada-colombia/repuestos-maquinaria-pesada-marcas/repuestos-para-maquinaria-pesada-liugong/repuestos-para-maquinaria-pesada-motoniveladora-liugong","301","migracion","alta","Ruta conservada idéntica en el sitio nuevo. NO necesita redirect (solo difiere la barra final)."
"/repuestos-maquinaria-pesada-colombia/repuestos-maquinaria-pesada-marcas/repuestos-para-maquinaria-pesada-liugong/repuestos-para-maquinaria-pesada-motoniveladora-liugong/repuestos-motoniveladora-liugong-clg4180d","/repuestos-maquinaria-pesada-colombia/repuestos-maquinaria-pesada-marcas/repuestos-para-maquinaria-pesada-liugong/repuestos-para-maquinaria-pesada-motoniveladora-liugong/repuestos-motoniveladora-liugong-clg4180d","301","migracion","alta","Ruta conservada idéntica en el sitio nuevo. NO necesita redirect (solo difiere la barra final)."
"/repuestos-maquinaria-pesada-colombia/repuestos-maquinaria-pesada-marcas/repuestos-para-maquinaria-pesada-okada","/repuestos-maquinaria-pesada-colombia/repuestos-maquinaria-pesada-marcas/repuestos-para-maquinaria-pesada-okada","301","migracion","alta","Ruta conservada idéntica en el sitio nuevo. NO necesita redirect (solo difiere la barra final)."
"/repuestos-maquinaria-pesada-colombia/repuestos-maquinaria-pesada-marcas/repuestos-para-maquinaria-pesada-okada/repuestos-para-maquinaria-pesada-martillo-okada","/repuestos-maquinaria-pesada-colombia/repuestos-maquinaria-pesada-marcas/repuestos-para-maquinaria-pesada-okada/repuestos-para-maquinaria-pesada-martillo-okada","301","migracion","alta","Ruta conservada idéntica en el sitio nuevo. NO necesita redirect (solo difiere la barra final)."
"/repuestos-maquinaria-pesada-colombia/repuestos-maquinaria-pesada-marcas/repuestos-para-maquinaria-pesada-okada/repuestos-para-maquinaria-pesada-martillo-okada/repuestos-martillo-okada-1500","/repuestos-maquinaria-pesada-colombia/repuestos-maquinaria-pesada-marcas/repuestos-para-maquinaria-pesada-okada/repuestos-para-maquinaria-pesada-martillo-okada/repuestos-martillo-okada-1500","301","migracion","alta","Ruta conservada idéntica en el sitio nuevo. NO necesita redirect (solo difiere la barra final)."
"/repuestos-maquinaria-pesada-colombia/repuestos-maquinaria-pesada-marcas/repuestos-para-maquinaria-pesada-okada/repuestos-para-maquinaria-pesada-martillo-okada/repuestos-martillo-okada-2600","/repuestos-maquinaria-pesada-colombia/repuestos-maquinaria-pesada-marcas/repuestos-para-maquinaria-pesada-okada/repuestos-para-maquinaria-pesada-martillo-okada/repuestos-martillo-okada-2600","301","migracion","alta","Ruta conservada idéntica en el sitio nuevo. NO necesita redirect (solo difiere la barra final)."
"/repuestos-maquinaria-pesada-colombia/repuestos-maquinaria-pesada-marcas/repuestos-para-maquinaria-pesada-okada/repuestos-para-maquinaria-pesada-martillo-okada/repuestos-martillo-okada-3600","/repuestos-maquinaria-pesada-colombia/repuestos-maquinaria-pesada-marcas/repuestos-para-maquinaria-pesada-okada/repuestos-para-maquinaria-pesada-martillo-okada/repuestos-martillo-okada-3600","301","migracion","alta","Ruta conservada idéntica en el sitio nuevo. NO necesita redirect (solo difiere la barra final)."
"/repuestos-maquinaria-pesada-colombia/repuestos-maquinaria-pesada-marcas/repuestos-para-maquinaria-pesada-okada/repuestos-para-maquinaria-pesada-martillo-okada/repuestos-martillo-okada-400","/repuestos-maquinaria-pesada-colombia/repuestos-maquinaria-pesada-marcas/repuestos-para-maquinaria-pesada-okada/repuestos-para-maquinaria-pesada-martillo-okada/repuestos-martillo-okada-400","301","migracion","alta","Ruta conservada idéntica en el sitio nuevo. NO necesita redirect (solo difiere la barra final)."
"/repuestos-maquinaria-pesada-colombia/repuestos-maquinaria-pesada-marcas/repuestos-para-maquinaria-pesada-okada/repuestos-para-maquinaria-pesada-martillo-okada/repuestos-martillo-okada-800","/repuestos-maquinaria-pesada-colombia/repuestos-maquinaria-pesada-marcas/repuestos-para-maquinaria-pesada-okada/repuestos-para-maquinaria-pesada-martillo-okada/repuestos-martillo-okada-800","301","migracion","alta","Ruta conservada idéntica en el sitio nuevo. NO necesita redirect (solo difiere la barra final)."
"/repuestos-maquinaria-pesada-colombia/repuestos-maquinaria-pesada-marcas/repuestos-para-maquinaria-pesada-volvo","/repuestos-maquinaria-pesada-colombia/repuestos-maquinaria-pesada-marcas/repuestos-para-maquinaria-pesada-volvo","301","migracion","alta","Ruta conservada idéntica en el sitio nuevo. NO necesita redirect (solo difiere la barra final)."
"/repuestos-maquinaria-pesada-colombia/repuestos-maquinaria-pesada-marcas/repuestos-para-maquinaria-pesada-volvo/repuestos-para-maquinaria-pesada-excavadora-volvo","/repuestos-maquinaria-pesada-colombia/repuestos-maquinaria-pesada-marcas/repuestos-para-maquinaria-pesada-volvo/repuestos-para-maquinaria-pesada-excavadora-volvo","301","migracion","alta","Ruta conservada idéntica en el sitio nuevo. NO necesita redirect (solo difiere la barra final)."
"/repuestos-maquinaria-pesada-colombia/repuestos-maquinaria-pesada-marcas/repuestos-para-maquinaria-pesada-volvo/repuestos-para-maquinaria-pesada-excavadora-volvo/repuestos-excavadora-volvo-ec210","/repuestos-maquinaria-pesada-colombia/repuestos-maquinaria-pesada-marcas/repuestos-para-maquinaria-pesada-volvo/repuestos-para-maquinaria-pesada-excavadora-volvo/repuestos-excavadora-volvo-ec210","301","migracion","alta","Ruta conservada idéntica en el sitio nuevo. NO necesita redirect (solo difiere la barra final)."
"/repuestos-maquinaria-pesada-colombia/repuestos-maquinaria-pesada-marcas/repuestos-para-maquinaria-pesada-volvo/repuestos-para-maquinaria-pesada-excavadora-volvo/repuestos-excavadora-volvo-ec210b","/repuestos-maquinaria-pesada-colombia/repuestos-maquinaria-pesada-marcas/repuestos-para-maquinaria-pesada-volvo/repuestos-para-maquinaria-pesada-excavadora-volvo/repuestos-excavadora-volvo-ec210b","301","migracion","alta","Ruta conservada idéntica en el sitio nuevo. NO necesita redirect (solo difiere la barra final)."
"/repuestos-maquinaria-pesada-colombia/repuestos-maquinaria-pesada-marcas/repuestos-para-maquinaria-pesada-volvo/repuestos-para-maquinaria-pesada-excavadora-volvo/repuestos-excavadora-volvo-ec240","/repuestos-maquinaria-pesada-colombia/repuestos-maquinaria-pesada-marcas/repuestos-para-maquinaria-pesada-volvo/repuestos-para-maquinaria-pesada-excavadora-volvo/repuestos-excavadora-volvo-ec240","301","migracion","alta","Ruta conservada idéntica en el sitio nuevo. NO necesita redirect (solo difiere la barra final)."
"/repuestos-maquinaria-pesada-colombia/repuestos-maquinaria-pesada-marcas/repuestos-para-maquinaria-pesada-yanmar","/repuestos-maquinaria-pesada-colombia/repuestos-maquinaria-pesada-marcas/repuestos-para-maquinaria-pesada-yanmar","301","migracion","alta","Ruta conservada idéntica en el sitio nuevo. NO necesita redirect (solo difiere la barra final)."
"/repuestos-maquinaria-pesada-colombia/repuestos-maquinaria-pesada-marcas/repuestos-para-maquinaria-pesada-yanmar/repuestos-para-maquinaria-pesada-miniexcavadora-yanmar","/repuestos-maquinaria-pesada-colombia/repuestos-maquinaria-pesada-marcas/repuestos-para-maquinaria-pesada-yanmar/repuestos-para-maquinaria-pesada-miniexcavadora-yanmar","301","migracion","alta","Ruta conservada idéntica en el sitio nuevo. NO necesita redirect (solo difiere la barra final)."
"/repuestos-maquinaria-pesada-colombia/repuestos-maquinaria-pesada-marcas/repuestos-para-maquinaria-pesada-yanmar/repuestos-para-maquinaria-pesada-miniexcavadora-yanmar/repuestos-miniexcavadora-yanmar-vio17-6b","/repuestos-maquinaria-pesada-colombia/repuestos-maquinaria-pesada-marcas/repuestos-para-maquinaria-pesada-yanmar/repuestos-para-maquinaria-pesada-miniexcavadora-yanmar/repuestos-miniexcavadora-yanmar-vio17-6b","301","migracion","alta","Ruta conservada idéntica en el sitio nuevo. NO necesita redirect (solo difiere la barra final)."
"/repuestos-maquinaria-pesada-colombia/repuestos-maquinaria-pesada-marcas/repuestos-para-maquinaria-pesada-yanmar/repuestos-para-maquinaria-pesada-miniexcavadora-yanmar/repuestos-miniexcavadora-yanmar-vio35-6b","/repuestos-maquinaria-pesada-colombia/repuestos-maquinaria-pesada-marcas/repuestos-para-maquinaria-pesada-yanmar/repuestos-para-maquinaria-pesada-miniexcavadora-yanmar/repuestos-miniexcavadora-yanmar-vio35-6b","301","migracion","alta","Ruta conservada idéntica en el sitio nuevo. NO necesita redirect (solo difiere la barra final)."
"/repuestos-maquinaria-pesada-colombia/repuestos-maquinaria-pesada-marcas/repuestos-para-maquinaria-pesada-yanmar/repuestos-para-maquinaria-pesada-miniexcavadora-yanmar/repuestos-miniexcavadora-yanmar-vio45-6b","/repuestos-maquinaria-pesada-colombia/repuestos-maquinaria-pesada-marcas/repuestos-para-maquinaria-pesada-yanmar/repuestos-para-maquinaria-pesada-miniexcavadora-yanmar/repuestos-miniexcavadora-yanmar-vio45-6b","301","migracion","alta","Ruta conservada idéntica en el sitio nuevo. NO necesita redirect (solo difiere la barra final)."
"/repuestos-maquinaria-pesada-colombia/repuestos-maquinaria-pesada-marcas/repuestos-para-maquinaria-pesada-yanmar/repuestos-para-maquinaria-pesada-miniexcavadora-yanmar/repuestos-miniexcavadora-yanmar-vio50-6b","/repuestos-maquinaria-pesada-colombia/repuestos-maquinaria-pesada-marcas/repuestos-para-maquinaria-pesada-yanmar/repuestos-para-maquinaria-pesada-miniexcavadora-yanmar/repuestos-miniexcavadora-yanmar-vio50-6b","301","migracion","alta","Ruta conservada idéntica en el sitio nuevo. NO necesita redirect (solo difiere la barra final)."
"/repuestos-maquinaria-pesada-colombia/repuestos-maquinaria-pesada-marcas/repuestos-para-maquinaria-pesada-yanmar/repuestos-para-maquinaria-pesada-miniexcavadora-yanmar/repuestos-miniexcavadora-yanmar-vio55-6b","/repuestos-maquinaria-pesada-colombia/repuestos-maquinaria-pesada-marcas/repuestos-para-maquinaria-pesada-yanmar/repuestos-para-maquinaria-pesada-miniexcavadora-yanmar/repuestos-miniexcavadora-yanmar-vio55-6b","301","migracion","alta","Ruta conservada idéntica en el sitio nuevo. NO necesita redirect (solo difiere la barra final)."
"/repuestos-maquinaria-pesada-colombia/repuestos-maquinaria-pesada-marcas/repuestos-para-maquinaria-pesada-yanmar/repuestos-para-maquinaria-pesada-miniexcavadora-yanmar/repuestos-miniexcavadora-yanmar-vio80-1","/repuestos-maquinaria-pesada-colombia/repuestos-maquinaria-pesada-marcas/repuestos-para-maquinaria-pesada-yanmar/repuestos-para-maquinaria-pesada-miniexcavadora-yanmar/repuestos-miniexcavadora-yanmar-vio80-1","301","migracion","alta","Ruta conservada idéntica en el sitio nuevo. NO necesita redirect (solo difiere la barra final)."
"/repuestos-para-maquinaria-pesada-2","","301","migracion","baja","HUÉRFANA: sin destino evidente en la estructura nueva. Requiere decisión humana."
"/repuestos-para-maquinaria-pesada","","301","migracion","baja","HUÉRFANA: sin destino evidente en la estructura nueva. Requiere decisión humana."
"/retroexcavadoras-la-maquina-todoterreno-por-excelencia","","301","migracion","baja","HUÉRFANA: sin destino evidente en la estructura nueva. Requiere decisión humana."
"/servicio-tecnico","","301","migracion","baja","HUÉRFANA: sin destino evidente en la estructura nueva. Requiere decisión humana."
"/terminos-y-condiciones-campana-bonos-de-recompra","","301","migracion","baja","HUÉRFANA: sin destino evidente en la estructura nueva. Requiere decisión humana."
"/tier-4-en-colombia-que-es-y-como-impacta-la-maquinaria-pesada","","301","migracion","baja","HUÉRFANA: sin destino evidente en la estructura nueva. Requiere decisión humana."
"/tipos-de-cucharones-de-servicio-para-excavadora","","301","migracion","baja","HUÉRFANA: sin destino evidente en la estructura nueva. Requiere decisión humana."
"/tornamesa-de-excavadora-sintomas-de-falla-y-cuando-cambiarla","","301","migracion","baja","HUÉRFANA: sin destino evidente en la estructura nueva. Requiere decisión humana."
"/tratamiento-de-datos","","301","migracion","baja","HUÉRFANA: sin destino evidente en la estructura nueva. Requiere decisión humana."
"/usas-la-grasa-correcta","","301","migracion","baja","HUÉRFANA: sin destino evidente en la estructura nueva. Requiere decisión humana."
"/variables-que-afectan-la-vida-util-del-tren-de-rodaje-en-excavadoras-y-bulldozer-en-la-maquinaria-pesada-en-colombia","","301","migracion","baja","HUÉRFANA: sin destino evidente en la estructura nueva. Requiere decisión humana."
