"url","status_http","title","meta_description","h1","canonical","profundidad","seccion","tipo_inferido"
"https://partequipos.com/","200","Maquinaria Pesada en Colombia - Partequipos","PARTEQUIPOS, líder en Maquinaria Pesada en Colombia: ofrecemos venta de Excavadoras, Bulldozer y más; además de repuestos y servicio técnico.","Venta de Maquinaria pesada y repuestos","https://partequipos.com/","0","corporativo","institucional"
"https://partequipos.com/beneficios-operativos-de-los-motores-tier-4-en-maquinaria-pesada/","200","Beneficios Operativos de los Motores Tier 4 en Maquinaria Pesada","Los motores Tier 4 representan un avance significativo en tecnología para maquinaria pesada, más allá del cumplimiento normativo.","Beneficios Operativos de los Motores Tier 4 en Maquinaria Pesada","https://partequipos.com/beneficios-operativos-de-los-motores-tier-4-en-maquinaria-pesada/","1","blog","institucional"
"https://partequipos.com/blog-partequipos/","200","Blog Partequipos - Partequipos Colombia","Ofrecemos soluciones a tus proyectos especializándonos en la venta de maquinaria pesada, repuestos, servicio técnico y lubricantes","","https://partequipos.com/blog-partequipos/","1","corporativo","institucional"
"https://partequipos.com/bombas-de-alta-presion-para-que-sirven-donde-se-usan-y-que-opciones-encuentras-en-partequipos/","200","Bombas de alta presión y qué opciones encuentras en Partequipos","En muchas operaciones, mover agua no es suficiente, es moverla con la presión, el alcance y la capacidad que exige el trabajo.","Bombas de alta presión: para qué sirven, dónde se usan y qué opciones encuentras en Partequipos","https://partequipos.com/bombas-de-alta-presion-para-que-sirven-donde-se-usan-y-que-opciones-encuentras-en-partequipos/","1","blog","institucional"
"https://partequipos.com/case-construction-en-colombia-tecnologia-de-clase-mundial/","200","CASE Construction en Colombia: Tecnología de Clase Mundial","Líder global por más de 180 años, y hoy, representada de manera exclusiva en Colombia por Partequipos S.A.S.","CASE Construction en Colombia: Tecnología de Clase Mundial con Representación Exclusiva por Partequipos S.A.S.","https://partequipos.com/case-construction-en-colombia-tecnologia-de-clase-mundial/","1","blog","institucional"
"https://partequipos.com/case-construction-mas-de-40-anos-construyendo-obras-en-colombia/","200","Case construction más de 40 años","En Partequipos ahora es distribuidor oficial de Dynapac en Colombia: potencia, precisión y respaldo para tus proyectos viales y más.","CASE Construction: Más de 40 Años Construyendo Obras en Colombia","https://partequipos.com/case-construction-mas-de-40-anos-construyendo-obras-en-colombia/","1","blog","institucional"
"https://partequipos.com/category/noticias/","200","Noticias archivos - Partequipos","","","https://partequipos.com/category/noticias/","2","otro","desconocido"
"https://partequipos.com/codigo-de-etica-partequipos/","200","Código de ética Partequipos - Partequipos","Para Partequipos S.A.S es muy importante dar a conocer a nuestros clientes la política de garantía de nuestros repuestos","Código de ética Partequipos","https://partequipos.com/codigo-de-etica-partequipos/","1","corporativo","institucional"
"https://partequipos.com/como-identificar-la-talla-de-mi-diente-o-punta/","200","¿Cómo identificar la talla de mi diente o punta? - Partequipos","Explora la importancia del Diente en la maquinaria pesada y su papel fundamental en la eficiencia y productividad del equipo","¿Cómo identificar la talla de mi diente o punta?","https://partequipos.com/como-identificar-la-talla-de-mi-diente-o-punta/","1","blog","institucional"
"https://partequipos.com/como-medir-y-sustituir-las-orugas-de-caucho/","200","Ignoras el Mantenimiento en Sistemas Hidráulicos? - Partequipos","Descubre los consejos clave para una compra inteligente de maquinaria pesada en Colombia. Evalúa tus necesidades","Cómo medir y sustituir las orugas de caucho","https://partequipos.com/como-medir-y-sustituir-las-orugas-de-caucho/","1","blog","institucional"
"https://partequipos.com/como-prepararse-para-la-transicion-a-motores-tier-4-en-colombia/","200","Cómo Prepararse para la Transición a Motores Tier 4 en Colombia","La llegada de la regulación Tier 4 a Colombia no solo busca mejorar la calidad del aire, sino también el sector de maquinaria pesada","Cómo Prepararse para la Transición a Motores Tier 4 en Colombia","https://partequipos.com/como-prepararse-para-la-transicion-a-motores-tier-4-en-colombia/","1","blog","institucional"
"https://partequipos.com/competencia_nacional_de_operadores/","200","Lanzamiento Excavadoras- Partequipos","Descubre la potencia y versatilidad definitivas en nuestras Lanzamiento excavadoras. Diseñadas para superar tus expectativas.","REGÍSTRATE Y CONOCE MÁS DE NUESTRO EVENTO","https://partequipos.com/competencia_nacional_de_operadores/","1","corporativo","institucional"
"https://partequipos.com/congreso-de-alcaldes/","200","Lanzamiento Excavadoras- Partequipos","Descubre la potencia y versatilidad definitivas en nuestras Lanzamiento excavadoras. Diseñadas para superar tus expectativas.","CONGRESO DE ALCALDES","https://partequipos.com/congreso-de-alcaldes/","1","corporativo","institucional"
"https://partequipos.com/consecuencias-de-ignorar-el-mantenimiento-en-sistemas-hidraulicos-de-maquinaria-pesada-en-colombia/","200","Ignoras el Mantenimiento en Sistemas Hidráulicos? - Partequipos","Descubre los consejos clave para una compra inteligente de maquinaria pesada en Colombia. Evalúa tus necesidades","Consecuencias de Ignorar el Mantenimiento en Sistemas Hidráulicos de Maquinaria Pesada en Colombia","https://partequipos.com/consecuencias-de-ignorar-el-mantenimiento-en-sistemas-hidraulicos-de-maquinaria-pesada-en-colombia/","1","blog","institucional"
"https://partequipos.com/consejos-esenciales-para-la-compra-maquinaria-pesada-en-colombia/","200","Consejos Esenciales para la Compra Maquinaria Pesada - Partequipos","Descubre los consejos clave para una compra inteligente de maquinaria pesada en Colombia. Evalúa tus necesidades","Consejos Esenciales para la Compra Maquinaria Pesada en Colombia","https://partequipos.com/consejos-esenciales-para-la-compra-maquinaria-pesada-en-colombia/","1","blog","institucional"
"https://partequipos.com/contactanos/","200","Contáctanos - Partequipos","Contáctanos ahora y déjanos saber cómo podemos ayudarte! Completa nuestro formulario de contacto o utiliza la información proporcionada para comunicarte directamente con nuestro equipo.","","https://partequipos.com/contactanos/","1","corporativo","institucional"
"https://partequipos.com/control-de-valvulas-la-maestria-en-operaciones-precisas-de-maquinaria-pesada-en-colombia/","200","La Danza Perfecta para la Movilidad en la Maquinaria Pesada","La historia de una de las marcas más importantes de maquinaria pesada en Colombia: HITACHI - somos distribuidores oficiales","Control de Válvulas: La Maestría en Operaciones Precisas de Maquinaria Pesada en Colombia","https://partequipos.com/control-de-valvulas-la-maestria-en-operaciones-precisas-de-maquinaria-pesada-en-colombia/","1","blog","institucional"
"https://partequipos.com/cuidado-del-motor-en-la-maquinaria-pesada-en-colombia/","200","Cuidado del motor en la maquinaria pesada","La historia de una de las marcas más importantes de maquinaria pesada en Colombia: HITACHI - somos distribuidores oficiales","Cuidado del Motor en la Maquinaria Pesada en Colombia","https://partequipos.com/cuidado-del-motor-en-la-maquinaria-pesada-en-colombia/","1","blog","institucional"
"https://partequipos.com/cuidado-del-tren-de-rodaje-en-excavadoras-y-bulldozer-guia-practica-para-reducir-costos-operativos/","200","Cuidado del Tren de Rodaje en Excavadoras y Bulldozer","Cuidado del Tren de Rodaje en Excavadoras y Bulldozer: Guía Práctica para Reducir Costos Operativos","Cuidado del Tren de Rodaje en Excavadoras y Bulldozer: Guía Práctica para Reducir Costos Operativos","https://partequipos.com/cuidado-del-tren-de-rodaje-en-excavadoras-y-bulldozer-guia-practica-para-reducir-costos-operativos/","1","blog","institucional"
"https://partequipos.com/descubre-los-beneficios-de-usar-filtros-donaldson-en-tu-maquinaria-pesada/","200","Beneficios de usar filtros Donaldson en tu maquinaria pesada","La historia de una de las marcas más importantes de maquinaria pesada en Colombia: HITACHI - somos distribuidores oficiales","Descubre los beneficios de usar Filtros Donaldson en tu maquinaria pesada","https://partequipos.com/descubre-los-beneficios-de-usar-filtros-donaldson-en-tu-maquinaria-pesada/","1","blog","institucional"
"https://partequipos.com/dientes-cuchillas-y-esquineras-pilares-de-rendimiento-en-maquinaria-pesada-colombiana/","200","Dientes, Cuchillas y Esquineras: Pilares de Rendimiento en Maquinaria Pesada Colombiana - Partequipos","Explora la importancia de Dientes, cuchillas y esquineras en la maquinaria pesada y su papel fundamental en la eficiencia","Dientes, Cuchillas y Esquineras: Pilares de Rendimiento en Maquinaria Pesada Colombiana","https://partequipos.com/dientes-cuchillas-y-esquineras-pilares-de-rendimiento-en-maquinaria-pesada-colombiana/","1","blog","institucional"
"https://partequipos.com/dynapac-partequipos-maquinaria-de-compactacion-y-pavimentacion/","200","Dynapac + Partequipos: compactación y pavimentación","En Partequipos ahora es distribuidor oficial de Dynapac en Colombia: potencia, precisión y respaldo para tus proyectos viales y más.","Dynapac + Partequipos: maquinaria de compactación y pavimentación.","https://partequipos.com/dynapac-partequipos-maquinaria-de-compactacion-y-pavimentacion/","1","blog","institucional"
"https://partequipos.com/el-corazon-hidraulico-importancia-vital-de-las-bombas-en-maquinaria-pesada-en-colombia/","200","El Origen de Hitachi Construction Machinery.","La historia de una de las marcas más importantes de maquinaria pesada en Colombia: HITACHI - somos distribuidores oficiales","El Corazón Hidráulico: Importancia Vital de las Bombas en Maquinaria Pesada en Colombia","https://partequipos.com/el-corazon-hidraulico-importancia-vital-de-las-bombas-en-maquinaria-pesada-en-colombia/","1","blog","institucional"
"https://partequipos.com/el-origen-de-hitachi-construction-machinery/","200","El Origen de Hitachi Construction Machinery.","La historia de una de las marcas más importantes de maquinaria pesada en Colombia: HITACHI - somos distribuidores oficiales","El Origen de Hitachi Construction Machinery.","https://partequipos.com/el-origen-de-hitachi-construction-machinery/","1","blog","institucional"
"https://partequipos.com/elementor-48399/","200","Elementor #48399 - Partequipos","Maquinaria Pesada Usada Marcas Toneladas Tipo Año","MINIEXCAVADORA HITACHI","https://partequipos.com/elementor-48399/","1","corporativo","institucional"
"https://partequipos.com/excavadoras-funciones-partes-marcas/","200","Excavadoras: Funciones y Marcas Populares - Partequipos","Excavadoras: Funciones y Marcas Populares, Las excavadoras son máquinas pesadas versátiles ampliamente utilizadas en la construcción.","Excavadoras: Funciones, Partes y Marcas Populares en Colombia y Latinoamérica.","https://partequipos.com/excavadoras-funciones-partes-marcas/","1","blog","institucional"
"https://partequipos.com/excavadoras-hitachi-en-colombia-evolucion-potencia-y-confianza-total-con-partequipos/","200","Excavadoras Hitachi en Colombia: Evolución, Potencia y Confianza","Colombia ha sido testigo de la evolución de las excavadoras Hitachi: una marca sinónimo de tecnología japonesa de vanguardia.","Excavadoras Hitachi en Colombia: Evolución, Potencia y Confianza Total con Partequipos","https://partequipos.com/excavadoras-hitachi-en-colombia-evolucion-potencia-y-confianza-total-con-partequipos/","1","blog","institucional"
"https://partequipos.com/excavadoras-repuestos-rendimiento-sinigual/","200","Excavadoras: Los Repuestos Infaltables- Partequipos","Excavadoras: Los Repuestos Infaltables para un Rendimiento sin igual. Las excavadoras son fundamentales en la construcción y la mineria.","Excavadoras: Los Repuestos Infaltables para un Rendimiento sin igual.","https://partequipos.com/excavadoras-repuestos-rendimiento-sinigual/","1","blog","institucional"
"https://partequipos.com/excavadoras/","200","maquinaria usada - Partequipos","Maquinaria Pesada Usada Filtros HITACHI Marcas 2015 Año 0-5 21-25 Toneladas EXCAVADORAS Motoniveladoras Tipo de maquinaria","EXCAVADORA HITACHI","https://partequipos.com/excavadoras/","1","corporativo","institucional"
"https://partequipos.com/explorando-la-importancia-del-tren-de-rodaje-en-excavadoras-y-bulldozer-maquinaria-pesada/","200","La importancia del tren de Rodaje en Excavadoras y Bulldozer - Partequipos","Descubre la importancia del Tren de rodaje en excavadoras y bulldozers, y cómo su uso correcto impacta en la eficiencia operativa","Explorando la Importancia del Tren de Rodaje en Excavadoras y Bulldozer (maquinaria Pesada)","https://partequipos.com/explorando-la-importancia-del-tren-de-rodaje-en-excavadoras-y-bulldozer-maquinaria-pesada/","1","blog","institucional"
"https://partequipos.com/filtros-maquinaria-amarilla-protege-tu-maquina/","200","Filtros en Maquinaria Amarilla - Partequipos","En el mundo de la construcción y la minería, la maquinaria amarilla, desempeña un papel vital. Estas robustas máquinas son esenciales...","Filtros en Maquinaria Amarilla: Protegiendo la Salud de las Máquinas.","https://partequipos.com/filtros-maquinaria-amarilla-protege-tu-maquina/","1","blog","institucional"
"https://partequipos.com/fuga-de-aceite-en-maquinaria-pesada-sintomas-causas-y-repuestos-hidraulicos/","200","Fuga de aceite en maquinaria pesada y sus causas y síntomas","Conoce las causas y síntomas de una fuga de aceite en maquinaria pesada y soluciones hidráulicas para retrocargadores y más.","Fuga de aceite en maquinaria pesada: síntomas, causas y repuestos hidráulicos","https://partequipos.com/fuga-de-aceite-en-maquinaria-pesada-sintomas-causas-y-repuestos-hidraulicos/","1","blog","institucional"
"https://partequipos.com/gracias_por_tu_confianza/","200","Gracias_por_tu_confianza - Partequipos","gracias por confiar en nuestra tienda Partequipos Colombia, somos tu mejor opción en equipos de maquinaria pesada.","","https://partequipos.com/gracias_por_tu_confianza/","1","corporativo","institucional"
"https://partequipos.com/gracias-a-ti/","200","Gracias a ti - Partequipos","gracias por confiar en nuestra tienda Partequipos Colombia, somos tu mejor opción en equipos de maquinaria pesada.","","https://partequipos.com/gracias-a-ti/","1","corporativo","institucional"
"https://partequipos.com/gracias-dynapac/","200","Gracias dynapac - Partequipos","gracias por confiar en nuestra tienda Partequipos Colombia, somos tu mejor opción en equipos de maquinaria pesada.","","https://partequipos.com/gracias-dynapac/","1","corporativo","institucional"
"https://partequipos.com/gracias-hitachi/","200","Gracias - Hitachi - Partequipos","gracias por confiar en nuestra tienda Partequipos Colombia, somos tu mejor opción en equipos de maquinaria pesada.","","https://partequipos.com/gracias-hitachi/","1","corporativo","institucional"
"https://partequipos.com/gracias-por-participar/","200","Gracias por participar - Partequipos","gracias por confiar en nuestra tienda Partequipos Colombia, somos tu mejor opción en equipos de maquinaria pesada.","","https://partequipos.com/gracias-por-participar/","1","corporativo","institucional"
"https://partequipos.com/gracias-por-tu-confianza/","200","Gracias por tu confianza - Partequipos","gracias por confiar en nuestra tienda Partequipos Colombia, somos tu mejor opción en equipos de maquinaria pesada.","","https://partequipos.com/gracias-por-tu-confianza/","1","corporativo","institucional"
"https://partequipos.com/gracias-por-tu-registro/","200","Gracias por tu registro - Partequipos","gracias por confiar en nuestra tienda Partequipos Colombia, somos tu mejor opción en equipos de maquinaria pesada.","","https://partequipos.com/gracias-por-tu-registro/","1","corporativo","institucional"
"https://partequipos.com/gracias/","200","Gracias - Partequipos","gracias por confiar en nuestra tienda Partequipos Colombia, somos tu mejor opción en equipos de maquinaria pesada.","","https://partequipos.com/gracias/","1","corporativo","institucional"
"https://partequipos.com/herramientas-de-corte-y-proteccion-del-balde-estrategias-para-la-eficiencia-y-durabilidad/","200","Herramientas de corte y protección del Balde - Partequipos","Descubre la importancia de seleccionar y emplear las Herramientas de corte y protección del Balde adecuadas para tu maquinaria pesada.","Herramientas de Corte y Protección del Balde: Estrategias para la Eficiencia y Durabilidad","https://partequipos.com/herramientas-de-corte-y-proteccion-del-balde-estrategias-para-la-eficiencia-y-durabilidad/","1","blog","institucional"
"https://partequipos.com/hitachi-yanmar-y-case-la-trilogia-representada-por-partequipos/","200","Hitachi, Yanmar y Case: La Trilogía Representada por Partequipos","Nos posicionamos como un referente en el mercado colombiano al representar a tres gigantes de la maquinaria pesada: Hitachi, Yanmar y Case.","Hitachi, Yanmar y Case: La Trilogía Representada por Partequipos","https://partequipos.com/hitachi-yanmar-y-case-la-trilogia-representada-por-partequipos/","1","blog","institucional"
"https://partequipos.com/inicio2025/","200","Maquinaria Pesada en Colombia - Partequipos","PARTEQUIPOS, líder en Maquinaria Pesada en Colombia: ofrecemos venta de Excavadoras, Bulldozer y más; además de repuestos y servicio técnico.","Venta de Maquinaria pesada y repuestos","https://partequipos.com/inicio2025/","1","corporativo","institucional"
"https://partequipos.com/la-importancia-de-las-arandelas-bujes-y-pasadores-en-la-maquinaria-pesada-en-colombia/","200","La Importancia de las Arandelas, Bujes y Pasadores - Partequipos","La esencia de arandelas, bujes y pasadores juegan un papel insustituible en una variedad de equipos esenciales.","El Pilar Invisible: La Importancia de las Arandelas, Bujes y Pasadores en la Maquinaria Pesada en Colombia","https://partequipos.com/la-importancia-de-las-arandelas-bujes-y-pasadores-en-la-maquinaria-pesada-en-colombia/","1","blog","institucional"
"https://partequipos.com/landing-dynapac/","200","Lanzamiento Excavadoras- Partequipos","Descubre la potencia y versatilidad definitivas en nuestras Lanzamiento excavadoras. Diseñadas para superar tus expectativas.","Propietarios DYNAPAC","https://partequipos.com/landing-dynapac/","1","corporativo","institucional"
"https://partequipos.com/lanzamiento_excavadoras/","200","Lanzamiento Excavadoras- Partequipos","Descubre la potencia y versatilidad definitivas en nuestras Lanzamiento excavadoras. Diseñadas para superar tus expectativas.","REGÍSTRATE Y CONOCE MÁS DE NUESTRO LANZAMIENTO","https://partequipos.com/lanzamiento_excavadoras/","1","corporativo","institucional"
"https://partequipos.com/lubricantes-calidad-especificaciones-y-caracteristicas-de-productos/","200","Lubricantes: Calidad y Especificaciones - Partequipos","Lubricantes: Calidad y Especificaciones. Aproximadamente el 90% del mercado mundial de lubricantes está compuesto de aceites convencionales.","«Lubricantes» Calidad, Especificaciones y Características de Productos","https://partequipos.com/lubricantes-calidad-especificaciones-y-caracteristicas-de-productos/","1","blog","institucional"
"https://partequipos.com/lubricantes-eni/","200","Lubricantes - Partequipos","Te presentamos Lubricantes Eni y Dispel, especializados para vehículos pesados, livianos, industriales, transmisiones y motos. Ver más.","","https://partequipos.com/lubricantes-eni/","1","corporativo","institucional"
"https://partequipos.com/lubricantes/lubricantes-eni/","200","Lubricantes Eni | Partequipos","Lubricantes Eni son productos diseñados para ofrecer un rendimiento superior en una amplia gama de aplicaciones industriales y automotrices.","","https://partequipos.com/lubricantes/lubricantes-eni/","2","otro","desconocido"
"https://partequipos.com/lubricantes/lubricantes-eni/auto-liviano/","200","Lubricante para Auto Liviano | Lubricantes ENI","Descubre la excelencia en rendimiento y protección con el lubricante para Auto Liviano con la calidad de lubricantes de Eni.","","https://partequipos.com/lubricantes/lubricantes-eni/auto-liviano/","3","otro","desconocido"
"https://partequipos.com/lubricantes/lubricantes-eni/auto-pesado/","200","Auto Pesado | Lubricantes Eni","Descubre la fuerza y ​​protección incomparables para tu Auto Pesado con la calidad de línea de lubricantes Eni.","","https://partequipos.com/lubricantes/lubricantes-eni/auto-pesado/","3","otro","desconocido"
"https://partequipos.com/lubricantes/lubricantes-eni/engranajes/","200","Engranajes | Lubricantes ENI","Lubricantes ENI son productos diseñados para ofrecer un rendimiento superior en una amplia gama de aplicaciones industriales y automotrices.","","https://partequipos.com/lubricantes/lubricantes-eni/engranajes/","3","otro","desconocido"
"https://partequipos.com/lubricantes/lubricantes-eni/motos-scooter/","200","Motos & Scooter | Lubricantes ENI","Lubricantes ENI son productos diseñados para ofrecer un rendimiento superior en una amplia gama de aplicaciones industriales y automotrices.","","https://partequipos.com/lubricantes/lubricantes-eni/motos-scooter/","3","otro","desconocido"
"https://partequipos.com/mantenimiento-esencial-sistemas-hidraulicos-en-maquinaria-pesada-en-colombia/","200","Sistemas Hidráulicos en Maquinaria Pesada en Colombia - Partequipos","Mantenimiento Esencial: Sistemas Hidráulicos en Maquinaria Pesada en Colombia - Partequipos te asesora en nuestros blogs.","Mantenimiento Esencial: Sistemas Hidráulicos en Maquinaria Pesada en Colombia","https://partequipos.com/mantenimiento-esencial-sistemas-hidraulicos-en-maquinaria-pesada-en-colombia/","1","blog","institucional"
"https://partequipos.com/mantenimiento-preventivo-de-excavadoras/","200","Mantenimiento Preventivo de Excavadoras - Partequipos","Mantenimiento Preventivo de ExcavadorasLas excavadoras son inversiones costosas y esenciales en muchas operaciones de construcción y minería.","Mantenimiento Preventivo de Excavadoras","https://partequipos.com/mantenimiento-preventivo-de-excavadoras/","1","blog","institucional"
"https://partequipos.com/maquinaria-pesada/","200","Maquinaria - Partequipos","Descubre cómo la Maquinaria Pesada revoluciona la industria moderna con su poderosa capacidad para realizar tareas exigentes.","","https://partequipos.com/maquinaria-pesada/","1","maquinaria","institucional"
"https://partequipos.com/maquinaria-pesada/maquinaria-pesada-nueva/","200","Maquinaria Pesada Nueva - Partequipos","Descubre nuestra amplia selección de Maquinaria Pesada Nueva, diseñada para abordar los desafíos más exigentes en la industria","","https://partequipos.com/maquinaria-pesada/maquinaria-pesada-nueva/","2","maquinaria","institucional"
"https://partequipos.com/maquinaria-pesada/maquinaria-pesada-nueva/cargadores/","200","Cargadores - Partequipos","Descubre una amplia gama de cargadores de maquinaria pesada diseñados para optimizar la productividad en tus proyectos industriales.","Cargadores","https://partequipos.com/maquinaria-pesada/maquinaria-pesada-nueva/cargadores/","3","maquinaria","institucional"
"https://partequipos.com/maquinaria-pesada/maquinaria-pesada-nueva/compactadores/","200","Compactadores - Partequipos","Descubre nuestra gama de Compactadores de maquinaria pesada, diseñados para ofrecer un rendimiento excepcional en la compactación de suelos.","Compactadores","https://partequipos.com/maquinaria-pesada/maquinaria-pesada-nueva/compactadores/","3","maquinaria","institucional"
"https://partequipos.com/maquinaria-pesada/maquinaria-pesada-nueva/excavadoras-propuesta2025/","200","Excavadoras | Equipos Nuevos - Partequipos","Descubre nuestra amplia gama de excavadoras de alta calidad para todos tus proyectos de construcción. Obtén las mejores ofertas y asesoramiento experto en excavadoras hoy mismo.","","https://partequipos.com/maquinaria-pesada/maquinaria-pesada-nueva/excavadoras-propuesta2025/","3","maquinaria","institucional"
"https://partequipos.com/maquinaria-pesada/maquinaria-pesada-nueva/excavadoras/","200","Excavadoras | Equipos Nuevos - Partequipos","Descubre nuestra amplia gama de excavadoras de alta calidad para todos tus proyectos de construcción. Obtén las mejores ofertas y asesoramiento experto en excavadoras hoy mismo.","Excavadoras","https://partequipos.com/maquinaria-pesada/maquinaria-pesada-nueva/excavadoras/","3","maquinaria","institucional"
"https://partequipos.com/maquinaria-pesada/maquinaria-pesada-nueva/marcas/","200","Marcas - Partequipos","Con tecnología de vanguardia y un legado de excelencia, Nuestras Marcas son la opción preferida en la industria.","","https://partequipos.com/maquinaria-pesada/maquinaria-pesada-nueva/marcas/","3","maquinaria","institucional"
"https://partequipos.com/maquinaria-pesada/maquinaria-pesada-nueva/marcas/aditamentos/","200","Aditamentos - Partequipos","Potencia tu trabajo con nuestra solución líder en el mercado de Aditamentos para maquinaria pesada en Colombia","","https://partequipos.com/maquinaria-pesada/maquinaria-pesada-nueva/marcas/aditamentos/","4","maquinaria","marca"
"https://partequipos.com/maquinaria-pesada/maquinaria-pesada-nueva/marcas/aditamentos/aditamentos/","200","Aditamentos - Partequipos","Optimiza tu maquinaria con nuestros aditamentos de calidad superior. Encuentra la herramienta perfecta para cada tarea.","Aditamentos","https://partequipos.com/maquinaria-pesada/maquinaria-pesada-nueva/marcas/aditamentos/aditamentos/","5","maquinaria","tipo"
"https://partequipos.com/maquinaria-pesada/maquinaria-pesada-nueva/marcas/aditamentos/excavadoras/","200","Excavadoras - Partequipos","En Partequipos, ofrecemos una selección de excavadoras robustas y eficientes, diseñadas para excavar y realizar una variedad de tareas.","Excavadoras","https://partequipos.com/maquinaria-pesada/maquinaria-pesada-nueva/marcas/aditamentos/excavadoras/","5","maquinaria","tipo"
"https://partequipos.com/maquinaria-pesada/maquinaria-pesada-nueva/marcas/aditamentos/minicargadores/","200","Minicargadores - Partequipos","En Partequipos, ofrecemos una amplia selección de minicargadores diseñados para ofrecer potencia y eficiencia en espacios reducidos","Minicargadores","https://partequipos.com/maquinaria-pesada/maquinaria-pesada-nueva/marcas/aditamentos/minicargadores/","5","maquinaria","tipo"
"https://partequipos.com/maquinaria-pesada/maquinaria-pesada-nueva/marcas/case-construction/","200","CASE CONSTRUCTION - Partequipos","CASE Construction tiene una línea completa de máquinas de construcción de alta tecnología y robustez para el aumento de su productividad.","","https://partequipos.com/maquinaria-pesada/maquinaria-pesada-nueva/marcas/case-construction/","4","maquinaria","marca"
"https://partequipos.com/maquinaria-pesada/maquinaria-pesada-nueva/marcas/case-construction/bulldozer/","200","Bulldozer - Partequipos","En Partequipos, ofrecemos una amplia gama de Bulldozer robustos y confiables, diseñados para ofrecer potencia, precisión y eficiencia","Bulldozer","https://partequipos.com/maquinaria-pesada/maquinaria-pesada-nueva/marcas/case-construction/bulldozer/","5","maquinaria","tipo"
"https://partequipos.com/maquinaria-pesada/maquinaria-pesada-nueva/marcas/case-construction/bulldozer/bulldozer-case-construction-1150l/","200","Bulldozer Case Construction 1150L - Partequipos","Descubre la poderosa Bulldozer CASE Construction: una máquina robusta diseñada para enfrentar los desafíos más exigentes.","BULLDOZER CASE CONSTRUCTION","https://partequipos.com/maquinaria-pesada/maquinaria-pesada-nueva/marcas/case-construction/bulldozer/bulldozer-case-construction-1150l/","6","maquinaria","modelo"
"https://partequipos.com/maquinaria-pesada/maquinaria-pesada-nueva/marcas/case-construction/bulldozer/bulldozer-case-construction-1150m-tier4/","200","Bulldozer Case Construction 1150M Tier4 - Partequipos","Descubre la poderosa Bulldozer CASE Construction: una máquina robusta diseñada para enfrentar los desafíos más exigentes.","","https://partequipos.com/maquinaria-pesada/maquinaria-pesada-nueva/marcas/case-construction/bulldozer/bulldozer-case-construction-1150m-tier4/","6","maquinaria","modelo"
"https://partequipos.com/maquinaria-pesada/maquinaria-pesada-nueva/marcas/case-construction/bulldozer/bulldozer-case-construction-1150m/","200","Bulldozer Case Construction 1150M - Partequipos","Hay innumerables razones para elegir la bulldozer CASE 1150M con Mayor potencia y mejor tirador de la clase.","BULLDOZER CASE CONSTRUCTION","https://partequipos.com/maquinaria-pesada/maquinaria-pesada-nueva/marcas/case-construction/bulldozer/bulldozer-case-construction-1150m/","6","maquinaria","modelo"
"https://partequipos.com/maquinaria-pesada/maquinaria-pesada-nueva/marcas/case-construction/bulldozer/bulldozer-case-construction-1650l/","200","Bulldozer Case Construction 1650L - Partequipos","La Bulldozer 1650L CASE alcanza un aumento del 4% en la potencia y 12% en la economía de combustible en comparación a la generación anterior. Otras características “heavy-duty”, como cilindros más grandes, un dispositivo patentado “equistatic” que equilibra la tensión de la hoja y una nueva y robusta estructura C para soportar fuerzas extremas de la hoja de movimiento de tierra","BULLDOZER CASE CONSTRUCTION","https://partequipos.com/maquinaria-pesada/maquinaria-pesada-nueva/marcas/case-construction/bulldozer/bulldozer-case-construction-1650l/","6","maquinaria","modelo"
"https://partequipos.com/maquinaria-pesada/maquinaria-pesada-nueva/marcas/case-construction/bulldozer/bulldozer-case-construction-1650m-tier4/","200","Bulldozer Case Construction 1650M Tier4 - Partequipos","Descubre la poderosa Bulldozer CASE Construction: una máquina robusta diseñada para enfrentar los desafíos más exigentes.","","https://partequipos.com/maquinaria-pesada/maquinaria-pesada-nueva/marcas/case-construction/bulldozer/bulldozer-case-construction-1650m-tier4/","6","maquinaria","modelo"
"https://partequipos.com/maquinaria-pesada/maquinaria-pesada-nueva/marcas/case-construction/bulldozer/bulldozer-case-construction-1650m/","200","Bulldozer Case Construction 1650M - Partequipos","La bulldozer 1650M CASE alcanza un aumento del 4% en la potencia y 12% en la economía de combustible en comparación a la generación anterior.","BULLDOZER CASE CONSTRUCTION","https://partequipos.com/maquinaria-pesada/maquinaria-pesada-nueva/marcas/case-construction/bulldozer/bulldozer-case-construction-1650m/","6","maquinaria","modelo"
"https://partequipos.com/maquinaria-pesada/maquinaria-pesada-nueva/marcas/case-construction/bulldozer/bulldozer-case-construction-2050m-tier4/","200","Bulldozer Case Construction 2050M Tier4 - Partequipos","Descubre la poderosa Bulldozer CASE Construction: una máquina robusta diseñada para enfrentar los desafíos más exigentes.","","https://partequipos.com/maquinaria-pesada/maquinaria-pesada-nueva/marcas/case-construction/bulldozer/bulldozer-case-construction-2050m-tier4/","6","maquinaria","modelo"
"https://partequipos.com/maquinaria-pesada/maquinaria-pesada-nueva/marcas/case-construction/bulldozer/bulldozer-case-construction-2050m/","200","Bulldozer Case Construction 2050M - Partequipos","La Bulldozer 2050M de CASE hace parte de un proyecto innovador y avanzado, que incluye diseño moderno, controles precisos y comodidad productiva. Con este modelo, usted tiene eficiencia en diversas condiciones de aplicación, sin cambio de marcha, además de una operación fácil y segura, hasta en terrenos inclinados.","BULLDOZER CASE CONSTRUCTION","https://partequipos.com/maquinaria-pesada/maquinaria-pesada-nueva/marcas/case-construction/bulldozer/bulldozer-case-construction-2050m/","6","maquinaria","modelo"
"https://partequipos.com/maquinaria-pesada/maquinaria-pesada-nueva/marcas/case-construction/excavadoras/","200","Excavadora | Equipos Nuevos - Partequipos","Nuestras excavadoras están respaldadas por la calidad y el rendimiento que necesitas para llevar tus proyectos al siguiente nivel","Excavadoras","https://partequipos.com/maquinaria-pesada/maquinaria-pesada-nueva/marcas/case-construction/excavadoras/","5","maquinaria","tipo"
"https://partequipos.com/maquinaria-pesada/maquinaria-pesada-nueva/marcas/case-construction/excavadoras/excavadora-case-construction-cx-130d-tier4/","200","Excavadora Case Construction CX 130D Tier4 - Partequipos","Hay innumerables razones para elegir la Excavadora CASE 1150M. Mayor potencia y mejor tirador de la clase. Visibilidad más nítida de la hoja con diseño de cabina delantera y capó inclinado. Mantenimiento más inteligente a través de puntos de servicio de tierra y de fácil acceso. Controles más fáciles del operador como la dirección ajustable y la inversión y la graduación de la hoja on-demand. Cabina más silenciosa con comodidades excepcionales. Y un mayor énfasis en el soporte de productos y servicios que cualquiera en la industria","","https://partequipos.com/maquinaria-pesada/maquinaria-pesada-nueva/marcas/case-construction/excavadoras/excavadora-case-construction-cx-130d-tier4/","6","maquinaria","modelo"
"https://partequipos.com/maquinaria-pesada/maquinaria-pesada-nueva/marcas/case-construction/excavadoras/excavadora-case-construction-cx-210d-tier4/","200","Excavadora Case Construction CX 210D Tier4 - Partequipos","Hay innumerables razones para elegir la Excavadora CASE 1150M. Mayor potencia y mejor tirador de la clase. Visibilidad más nítida de la hoja con diseño de cabina delantera y capó inclinado. Mantenimiento más inteligente a través de puntos de servicio de tierra y de fácil acceso. Controles más fáciles del operador como la dirección ajustable y la inversión y la graduación de la hoja on-demand. Cabina más silenciosa con comodidades excepcionales. Y un mayor énfasis en el soporte de productos y servicios que cualquiera en la industria","","https://partequipos.com/maquinaria-pesada/maquinaria-pesada-nueva/marcas/case-construction/excavadoras/excavadora-case-construction-cx-210d-tier4/","6","maquinaria","modelo"
"https://partequipos.com/maquinaria-pesada/maquinaria-pesada-nueva/marcas/case-construction/excavadoras/excavadora-case-construction-cx-350d-tier4/","200","Excavadora Case Construction CX 350D Tier4 - Partequipos","Hay innumerables razones para elegir la Excavadora CASE 1150M. Mayor potencia y mejor tirador de la clase. Visibilidad más nítida de la hoja con diseño de cabina delantera y capó inclinado. Mantenimiento más inteligente a través de puntos de servicio de tierra y de fácil acceso. Controles más fáciles del operador como la dirección ajustable y la inversión y la graduación de la hoja on-demand. Cabina más silenciosa con comodidades excepcionales. Y un mayor énfasis en el soporte de productos y servicios que cualquiera en la industria","","https://partequipos.com/maquinaria-pesada/maquinaria-pesada-nueva/marcas/case-construction/excavadoras/excavadora-case-construction-cx-350d-tier4/","6","maquinaria","modelo"
"https://partequipos.com/maquinaria-pesada/maquinaria-pesada-nueva/marcas/case-construction/excavadoras/excavadora-case-construction-cx130c/","200","Excavadora Case Construction CX 130C - Partequipos","Hay innumerables razones para elegir la Excavadora CASE 1150M. Mayor potencia y mejor tirador de la clase. Visibilidad más nítida de la hoja con diseño de cabina delantera y capó inclinado. Mantenimiento más inteligente a través de puntos de servicio de tierra y de fácil acceso. Controles más fáciles del operador como la dirección ajustable y la inversión y la graduación de la hoja on-demand. Cabina más silenciosa con comodidades excepcionales. Y un mayor énfasis en el soporte de productos y servicios que cualquiera en la industria","EXCAVADORA CASE CONSTRUCTION","https://partequipos.com/maquinaria-pesada/maquinaria-pesada-nueva/marcas/case-construction/excavadoras/excavadora-case-construction-cx130c/","6","maquinaria","modelo"
"https://partequipos.com/maquinaria-pesada/maquinaria-pesada-nueva/marcas/case-construction/excavadoras/excavadora-case-construction-cx220c/","200","Excavadora Case Construction CX 220C - Partequipos","La Excavadora case CX 220C es una máquina poderosa y versátil diseñada para trabajos de excavación y movimiento de tierras. Con su alto rendimiento, tecnología avanzada y diseño ergonómico, es ideal para proyectos de construcción y obras públicas, brindando eficiencia y precisión en cualquier entorno de trabajo.","EXCAVADORA CASE CONSTRUCTION","https://partequipos.com/maquinaria-pesada/maquinaria-pesada-nueva/marcas/case-construction/excavadoras/excavadora-case-construction-cx220c/","6","maquinaria","modelo"
"https://partequipos.com/maquinaria-pesada/maquinaria-pesada-nueva/marcas/case-construction/excavadoras/excavadora-case-construction-cx350c/","200","Excavadora Case Construction CX 350C - Partequipos","La Excavadora CX 350C de CASE ofrece un rendimiento confiable y productivo con su potente motor diésel y sistema hidráulico avanzado. La cabina del operador es cómoda y cuenta con características adicionales para una experiencia agradable. Además, su versatilidad se amplía gracias a la compatibilidad con diversos implementos y accesorios, adaptándose a diferentes tareas y aplicaciones en el lugar de trabajo.","EXCAVADORA CASE CONSTRUCTION","https://partequipos.com/maquinaria-pesada/maquinaria-pesada-nueva/marcas/case-construction/excavadoras/excavadora-case-construction-cx350c/","6","maquinaria","modelo"
"https://partequipos.com/maquinaria-pesada/maquinaria-pesada-nueva/marcas/case-construction/minicargadores-case/","200","Minicargadores Case Construction -Partequipos","Los minicargadores Case Construction son la elección definitiva para aquellos que buscan rendimiento, durabilidad y versatilidad.","Minicargadores","https://partequipos.com/maquinaria-pesada/maquinaria-pesada-nueva/marcas/case-construction/minicargadores-case/","5","maquinaria","tipo"
"https://partequipos.com/maquinaria-pesada/maquinaria-pesada-nueva/marcas/case-construction/minicargadores-case/minicargador-case-construction-sr175b-tier4/","200","Minicargador Case Construction SR175B Tier4 - Partequipos","Descubre el rendimiento incomparable del Minicargador Case Construction SR 175B. Con su diseño compacto y potente motor.","","https://partequipos.com/maquinaria-pesada/maquinaria-pesada-nueva/marcas/case-construction/minicargadores-case/minicargador-case-construction-sr175b-tier4/","6","maquinaria","modelo"
"https://partequipos.com/maquinaria-pesada/maquinaria-pesada-nueva/marcas/case-construction/minicargadores-case/minicargador-case-construction-sr175b/","200","Minicargador Case Construction SR 175B - Partequipos","Descubre el rendimiento incomparable del Minicargador Case Construction SR 175B. Con su diseño compacto y potente motor.","","https://partequipos.com/maquinaria-pesada/maquinaria-pesada-nueva/marcas/case-construction/minicargadores-case/minicargador-case-construction-sr175b/","6","maquinaria","modelo"
"https://partequipos.com/maquinaria-pesada/maquinaria-pesada-nueva/marcas/case-construction/minicargadores-case/minicargador-case-construction-sr200b/","200","Minicargador Case SR200B |Partequipos","Experimenta la combinación perfecta de potencia y precisión con el Minicargador Case SR200B. Diseñado para superar los desafíos más exigentes","","https://partequipos.com/maquinaria-pesada/maquinaria-pesada-nueva/marcas/case-construction/minicargadores-case/minicargador-case-construction-sr200b/","6","maquinaria","modelo"
"https://partequipos.com/maquinaria-pesada/maquinaria-pesada-nueva/marcas/case-construction/minicargadores-case/minicargador-case-construction-sr210b-tier4/","200","Minicargador Case Construction SR210B Tier4 - Partequipos","Descubre el rendimiento incomparable del Minicargador Case Construction SR 175B. Con su diseño compacto y potente motor.","","https://partequipos.com/maquinaria-pesada/maquinaria-pesada-nueva/marcas/case-construction/minicargadores-case/minicargador-case-construction-sr210b-tier4/","6","maquinaria","modelo"
"https://partequipos.com/maquinaria-pesada/maquinaria-pesada-nueva/marcas/case-construction/minicargadores-case/minicargador-case-construction-sr220b/","200","Minicargador Case Construction SR 220B - Partequipos","Descubre el rendimiento excepcional del Minicargador Case Construction SR 220B, una solución compacta y potente para tus necesidades.","MINICARGADOR CASE CONSTRUCTION","https://partequipos.com/maquinaria-pesada/maquinaria-pesada-nueva/marcas/case-construction/minicargadores-case/minicargador-case-construction-sr220b/","6","maquinaria","modelo"
"https://partequipos.com/maquinaria-pesada/maquinaria-pesada-nueva/marcas/case-construction/minicargadores-case/minicargador-case-construction-sr240b-tier4/","200","Minicargador Case Construction SR240B Tier4 - Partequipos","Descubre el rendimiento incomparable del Minicargador Case Construction SR 175B. Con su diseño compacto y potente motor.","","https://partequipos.com/maquinaria-pesada/maquinaria-pesada-nueva/marcas/case-construction/minicargadores-case/minicargador-case-construction-sr240b-tier4/","6","maquinaria","modelo"
"https://partequipos.com/maquinaria-pesada/maquinaria-pesada-nueva/marcas/case-construction/minicargadores-case/minicargador-case-construction-sr250b/","200","Minicargador Case Construction SR 250B - Partequipos","Experimenta la versatilidad y potencia del Minicargador Case Construction SR 250B, diseñado para enfrentar los desafíos más exigentes.","","https://partequipos.com/maquinaria-pesada/maquinaria-pesada-nueva/marcas/case-construction/minicargadores-case/minicargador-case-construction-sr250b/","6","maquinaria","modelo"
"https://partequipos.com/maquinaria-pesada/maquinaria-pesada-nueva/marcas/case-construction/minicargadores-case/minicargador-case-construction-sr270b-tier4/","200","Minicargador Case Construction SR270B Tier4 - Partequipos","Descubre el rendimiento incomparable del Minicargador Case Construction SR 175B. Con su diseño compacto y potente motor.","","https://partequipos.com/maquinaria-pesada/maquinaria-pesada-nueva/marcas/case-construction/minicargadores-case/minicargador-case-construction-sr270b-tier4/","6","maquinaria","modelo"
"https://partequipos.com/maquinaria-pesada/maquinaria-pesada-nueva/marcas/case-construction/motoniveladoras-case/","200","Motoniveladoras| Equipos Nuevos - Partequipos","En Partequipos, ofrecemos una amplia gama de motoniveladoras de alta calidad, diseñadas para ofrecer potencia y eficiencia en cada trabajo.","Motoniveladoras","https://partequipos.com/maquinaria-pesada/maquinaria-pesada-nueva/marcas/case-construction/motoniveladoras-case/","5","maquinaria","tipo"
"https://partequipos.com/maquinaria-pesada/maquinaria-pesada-nueva/marcas/case-construction/motoniveladoras-case/motoniveladora-case-construction-836d/","200","Motoniveladora Case Construction 836D - Partequipos","Experimenta el poder y la precisión definitivos con la Motoniveladora 865B. Diseñada para afrontar los desafíos más exigentes","motoniveladora CASE CONSTRUCTION","https://partequipos.com/maquinaria-pesada/maquinaria-pesada-nueva/marcas/case-construction/motoniveladoras-case/motoniveladora-case-construction-836d/","6","maquinaria","modelo"
"https://partequipos.com/maquinaria-pesada/maquinaria-pesada-nueva/marcas/case-construction/motoniveladoras-case/motoniveladora-case-construction-845b/","200","Motoniveladora Case Construction 845B - Partequipos","Descubre la excelencia en nivelación y precisión con la Motoniveladora 845B. Diseñada para enfrentar los desafíos más exigentes","motoniveladora CASE CONSTRUCTION","https://partequipos.com/maquinaria-pesada/maquinaria-pesada-nueva/marcas/case-construction/motoniveladoras-case/motoniveladora-case-construction-845b/","6","maquinaria","modelo"
"https://partequipos.com/maquinaria-pesada/maquinaria-pesada-nueva/marcas/case-construction/motoniveladoras-case/motoniveladora-case-construction-845c-tier-4/","200","Motoniveladora Case Construction 845C Tier 4 - Partequipos","Experimenta el poder y la precisión definitivos con la Motoniveladora 865B. Diseñada para afrontar los desafíos más exigentes","","https://partequipos.com/maquinaria-pesada/maquinaria-pesada-nueva/marcas/case-construction/motoniveladoras-case/motoniveladora-case-construction-845c-tier-4/","6","maquinaria","modelo"
"https://partequipos.com/maquinaria-pesada/maquinaria-pesada-nueva/marcas/case-construction/motoniveladoras-case/motoniveladora-case-construction-865b/","200","Motoniveladora Case Construction 865B - Partequipos","Experimenta el poder y la precisión definitivos con la Motoniveladora 865B. Diseñada para afrontar los desafíos más exigentes","motoniveladora CASE CONSTRUCTION","https://partequipos.com/maquinaria-pesada/maquinaria-pesada-nueva/marcas/case-construction/motoniveladoras-case/motoniveladora-case-construction-865b/","6","maquinaria","modelo"
"https://partequipos.com/maquinaria-pesada/maquinaria-pesada-nueva/marcas/case-construction/motoniveladoras-case/motoniveladora-case-construction-865c-tier-4/","200","Motoniveladora Case Construction 865C Tier 4 - Partequipos","Experimenta el poder y la precisión definitivos con la Motoniveladora 865B. Diseñada para afrontar los desafíos más exigentes","","https://partequipos.com/maquinaria-pesada/maquinaria-pesada-nueva/marcas/case-construction/motoniveladoras-case/motoniveladora-case-construction-865c-tier-4/","6","maquinaria","modelo"
"https://partequipos.com/maquinaria-pesada/maquinaria-pesada-nueva/marcas/case-construction/retrocargadoras/","200","Retrocargadoras - Partequipos","La línea de Retrocargadores es sinónimo de tradición e innovación, combinando fuerza, la tecnología y un excelente rendimiento.","Retrocargadoras","https://partequipos.com/maquinaria-pesada/maquinaria-pesada-nueva/marcas/case-construction/retrocargadoras/","5","maquinaria","tipo"
"https://partequipos.com/maquinaria-pesada/maquinaria-pesada-nueva/marcas/case-construction/retrocargadoras/retrocargadora-case-construction-570st/","200","Retrocargadora Case Construction 570 ST - Partequipos","El Retrocargador 570 ST pone a disposición todas las características y altos rendimientos conocidos y exclusivos de CASE CONSTRUCTION.","RETROCARGADOR CASE CONSTRUCTION","https://partequipos.com/maquinaria-pesada/maquinaria-pesada-nueva/marcas/case-construction/retrocargadoras/retrocargadora-case-construction-570st/","6","maquinaria","modelo"
"https://partequipos.com/maquinaria-pesada/maquinaria-pesada-nueva/marcas/case-construction/retrocargadoras/retrocargadora-case-construction-575sv/","200","Retrocargadora Case Construction 575SV - Partequipos","Descubre el Retrocargador 575SV, una poderosa y versátil herramienta diseñada para enfrentar una amplia gama de tareas en obras","RETROCARGADOR CASE CONSTRUCTION","https://partequipos.com/maquinaria-pesada/maquinaria-pesada-nueva/marcas/case-construction/retrocargadoras/retrocargadora-case-construction-575sv/","6","maquinaria","modelo"
"https://partequipos.com/maquinaria-pesada/maquinaria-pesada-nueva/marcas/case-construction/retrocargadoras/retrocargadora-case-construction-580n-tier4/","200","Retrocargadora Case Construction 580N - Partequipos","La Retrocargadora 580N es una máquina resistente, versátil y eficiente que se destaca en trabajos de excavación y carga.","","https://partequipos.com/maquinaria-pesada/maquinaria-pesada-nueva/marcas/case-construction/retrocargadoras/retrocargadora-case-construction-580n-tier4/","6","maquinaria","modelo"
"https://partequipos.com/maquinaria-pesada/maquinaria-pesada-nueva/marcas/case-construction/retrocargadoras/retrocargadora-case-construction-580n/","200","Retrocargadora Case Construction 580N - Partequipos","La Retrocargadora 580N es una máquina resistente, versátil y eficiente que se destaca en trabajos de excavación y carga.","","https://partequipos.com/maquinaria-pesada/maquinaria-pesada-nueva/marcas/case-construction/retrocargadoras/retrocargadora-case-construction-580n/","6","maquinaria","modelo"
"https://partequipos.com/maquinaria-pesada/maquinaria-pesada-nueva/marcas/case-construction/retrocargadoras/retrocargadora-case-construction-580sn/","200","Retrocargadora Case Construction 580SN - Partequipos","La Retrocargadora 580SN es una máquina resistente, versátil y eficiente que se destaca en trabajos de excavación y carga.","RETROCARGADORES CASE CONSTRUCTION","https://partequipos.com/maquinaria-pesada/maquinaria-pesada-nueva/marcas/case-construction/retrocargadoras/retrocargadora-case-construction-580sn/","6","maquinaria","modelo"
"https://partequipos.com/maquinaria-pesada/maquinaria-pesada-nueva/marcas/case-construction/retrocargadoras/retrocargadora-case-construction-580sv-tier4/","200","Retrocargadora Case Construction 580N - Partequipos","La Retrocargadora 580N es una máquina resistente, versátil y eficiente que se destaca en trabajos de excavación y carga.","","https://partequipos.com/maquinaria-pesada/maquinaria-pesada-nueva/marcas/case-construction/retrocargadoras/retrocargadora-case-construction-580sv-tier4/","6","maquinaria","modelo"
"https://partequipos.com/maquinaria-pesada/maquinaria-pesada-nueva/marcas/case-construction/retrocargadoras/retrocargadora-case-construction-590sn/","200","Retrocargadora Case Construction 590SN - Partequipos","La Retrocargadora 590SN es una máquina de alto rendimiento, versátil y confiable que se adapta a una amplia variedad de tareas de excavación.","RETROCARGADORES CASE CONSTRUCTION","https://partequipos.com/maquinaria-pesada/maquinaria-pesada-nueva/marcas/case-construction/retrocargadoras/retrocargadora-case-construction-590sn/","6","maquinaria","modelo"
"https://partequipos.com/maquinaria-pesada/maquinaria-pesada-nueva/marcas/case-construction/retrocargadoras/retrocargadora-case-construction-851-fx-tier4/","200","Retrocargadora Case Construction 851 FX Tier4 - Partequipos","El Retrocargador 570 ST pone a disposición todas las características y altos rendimientos conocidos y exclusivos de CASE CONSTRUCTION.","","https://partequipos.com/maquinaria-pesada/maquinaria-pesada-nueva/marcas/case-construction/retrocargadoras/retrocargadora-case-construction-851-fx-tier4/","6","maquinaria","modelo"
"https://partequipos.com/maquinaria-pesada/maquinaria-pesada-nueva/marcas/case-construction/vibrocompactador-case-sv208/","200","Vibrocompactador Case sv 208 - Partequipos","Descubre el poder y la eficiencia del Vibrocompactador SV208. Diseñado para ofrecer un rendimiento superior en la compactación del suelo.","vibrocompactador CASE","https://partequipos.com/maquinaria-pesada/maquinaria-pesada-nueva/marcas/case-construction/vibrocompactador-case-sv208/","5","maquinaria","tipo"
"https://partequipos.com/maquinaria-pesada/maquinaria-pesada-nueva/marcas/dynapac/","200","DYNAPAC - Partequipos","CASE Construction tiene una línea completa de máquinas de construcción de alta tecnología y robustez para el aumento de su productividad.","","https://partequipos.com/maquinaria-pesada/maquinaria-pesada-nueva/marcas/dynapac/","4","maquinaria","marca"
"https://partequipos.com/maquinaria-pesada/maquinaria-pesada-nueva/marcas/dynapac/compactador-de-llantas-dynapac/","200","Compactador de llantas DYNAPAC - Partequipos","CASE Construction tiene una línea completa de máquinas de construcción de alta tecnología y robustez para el aumento de su productividad.","","https://partequipos.com/maquinaria-pesada/maquinaria-pesada-nueva/marcas/dynapac/compactador-de-llantas-dynapac/","5","maquinaria","tipo"
"https://partequipos.com/maquinaria-pesada/maquinaria-pesada-nueva/marcas/dynapac/compactador-de-llantas-dynapac/compactador-de-llantas-dynapac-cp1200/","200","Compactador de llantas DYNAPAC CP1200 - Partequipos","Descubre la excelencia en la excavadora Hitachi ZX200LC-5G. Diseñada para superar tus expectativas y elevar el rendimiento de tus proyectos","","https://partequipos.com/maquinaria-pesada/maquinaria-pesada-nueva/marcas/dynapac/compactador-de-llantas-dynapac/compactador-de-llantas-dynapac-cp1200/","6","maquinaria","modelo"
"https://partequipos.com/maquinaria-pesada/maquinaria-pesada-nueva/marcas/dynapac/compactador-de-llantas-dynapac/compactador-de-llantas-dynapac-cp2100/","200","Compactador de llantas DYNAPAC CP2100 - Partequipos","Descubre la excelencia en la excavadora Hitachi ZX200LC-5G. Diseñada para superar tus expectativas y elevar el rendimiento de tus proyectos","","https://partequipos.com/maquinaria-pesada/maquinaria-pesada-nueva/marcas/dynapac/compactador-de-llantas-dynapac/compactador-de-llantas-dynapac-cp2100/","6","maquinaria","modelo"
"https://partequipos.com/maquinaria-pesada/maquinaria-pesada-nueva/marcas/dynapac/compactador-de-llantas-dynapac/compactador-de-llantas-dynapac-cp28/","200","Compactador de llantas DYNAPAC CP28 - Partequipos","Descubre la excelencia en la excavadora Hitachi ZX200LC-5G. Diseñada para superar tus expectativas y elevar el rendimiento de tus proyectos","","https://partequipos.com/maquinaria-pesada/maquinaria-pesada-nueva/marcas/dynapac/compactador-de-llantas-dynapac/compactador-de-llantas-dynapac-cp28/","6","maquinaria","modelo"
"https://partequipos.com/maquinaria-pesada/maquinaria-pesada-nueva/marcas/dynapac/compactador-de-suelo-dynapac/","200","Compactador de suelo DYNAPAC - Partequipos","CASE Construction tiene una línea completa de máquinas de construcción de alta tecnología y robustez para el aumento de su productividad.","","https://partequipos.com/maquinaria-pesada/maquinaria-pesada-nueva/marcas/dynapac/compactador-de-suelo-dynapac/","5","maquinaria","tipo"
"https://partequipos.com/maquinaria-pesada/maquinaria-pesada-nueva/marcas/dynapac/compactador-de-suelo-dynapac/compactador-de-suelo-dynapac-ca1300d/","200","Compactador de suelo DYNAPAC CA1300D - Partequipos","Descubre la excelencia en la excavadora Hitachi ZX200LC-5G. Diseñada para superar tus expectativas y elevar el rendimiento de tus proyectos","","https://partequipos.com/maquinaria-pesada/maquinaria-pesada-nueva/marcas/dynapac/compactador-de-suelo-dynapac/compactador-de-suelo-dynapac-ca1300d/","6","maquinaria","modelo"
"https://partequipos.com/maquinaria-pesada/maquinaria-pesada-nueva/marcas/dynapac/compactador-de-suelo-dynapac/compactador-de-suelo-dynapac-ca1500d/","200","Compactador de suelo DYNAPAC CA1500D - Partequipos","Descubre la excelencia en la excavadora Hitachi ZX200LC-5G. Diseñada para superar tus expectativas y elevar el rendimiento de tus proyectos","","https://partequipos.com/maquinaria-pesada/maquinaria-pesada-nueva/marcas/dynapac/compactador-de-suelo-dynapac/compactador-de-suelo-dynapac-ca1500d/","6","maquinaria","modelo"
"https://partequipos.com/maquinaria-pesada/maquinaria-pesada-nueva/marcas/dynapac/compactador-de-suelo-dynapac/compactador-de-suelo-dynapac-ca15d/","200","Compactador de suelo DYNAPAC CA15D - Partequipos","Descubre la excelencia en la excavadora Hitachi ZX200LC-5G. Diseñada para superar tus expectativas y elevar el rendimiento de tus proyectos","","https://partequipos.com/maquinaria-pesada/maquinaria-pesada-nueva/marcas/dynapac/compactador-de-suelo-dynapac/compactador-de-suelo-dynapac-ca15d/","6","maquinaria","modelo"
"https://partequipos.com/maquinaria-pesada/maquinaria-pesada-nueva/marcas/dynapac/compactador-de-suelo-dynapac/compactador-de-suelo-dynapac-ca25d/","200","Compactador de suelo DYNAPAC CA25D - Partequipos","Descubre la excelencia en la excavadora Hitachi ZX200LC-5G. Diseñada para superar tus expectativas y elevar el rendimiento de tus proyectos","","https://partequipos.com/maquinaria-pesada/maquinaria-pesada-nueva/marcas/dynapac/compactador-de-suelo-dynapac/compactador-de-suelo-dynapac-ca25d/","6","maquinaria","modelo"
"https://partequipos.com/maquinaria-pesada/maquinaria-pesada-nueva/marcas/dynapac/compactador-de-suelo-dynapac/compactador-de-suelo-dynapac-ca35d/","200","Compactador de suelo DYNAPAC CA35D - Partequipos","Descubre la excelencia en la excavadora Hitachi ZX200LC-5G. Diseñada para superar tus expectativas y elevar el rendimiento de tus proyectos","","https://partequipos.com/maquinaria-pesada/maquinaria-pesada-nueva/marcas/dynapac/compactador-de-suelo-dynapac/compactador-de-suelo-dynapac-ca35d/","6","maquinaria","modelo"
"https://partequipos.com/maquinaria-pesada/maquinaria-pesada-nueva/marcas/dynapac/compactador-doble-rodillo-dynapac/","200","Compactador doble rodillo DYNAPAC - Partequipos","CASE Construction tiene una línea completa de máquinas de construcción de alta tecnología y robustez para el aumento de su productividad.","","https://partequipos.com/maquinaria-pesada/maquinaria-pesada-nueva/marcas/dynapac/compactador-doble-rodillo-dynapac/","5","maquinaria","tipo"
"https://partequipos.com/maquinaria-pesada/maquinaria-pesada-nueva/marcas/dynapac/compactador-doble-rodillo-dynapac/compactador-doble-rodillo-dynapac-cc1200-vi/","200","Compactador doble rodillo DYNAPAC CC1200 VI - Partequipos","Descubre la excelencia en la excavadora Hitachi ZX200LC-5G. Diseñada para superar tus expectativas y elevar el rendimiento de tus proyectos","","https://partequipos.com/maquinaria-pesada/maquinaria-pesada-nueva/marcas/dynapac/compactador-doble-rodillo-dynapac/compactador-doble-rodillo-dynapac-cc1200-vi/","6","maquinaria","modelo"
"https://partequipos.com/maquinaria-pesada/maquinaria-pesada-nueva/marcas/dynapac/compactador-doble-rodillo-dynapac/compactador-doble-rodillo-dynapac-cc1300-vi/","200","Compactador doble rodillo DYNAPAC CC1300 VI - Partequipos","Descubre la excelencia en la excavadora Hitachi ZX200LC-5G. Diseñada para superar tus expectativas y elevar el rendimiento de tus proyectos","","https://partequipos.com/maquinaria-pesada/maquinaria-pesada-nueva/marcas/dynapac/compactador-doble-rodillo-dynapac/compactador-doble-rodillo-dynapac-cc1300-vi/","6","maquinaria","modelo"
"https://partequipos.com/maquinaria-pesada/maquinaria-pesada-nueva/marcas/dynapac/compactador-doble-rodillo-dynapac/compactador-doble-rodillo-dynapac-cc1400-vi/","200","Compactador doble rodillo DYNAPAC CC1400 VI - Partequipos","Descubre la excelencia en la excavadora Hitachi ZX200LC-5G. Diseñada para superar tus expectativas y elevar el rendimiento de tus proyectos","","https://partequipos.com/maquinaria-pesada/maquinaria-pesada-nueva/marcas/dynapac/compactador-doble-rodillo-dynapac/compactador-doble-rodillo-dynapac-cc1400-vi/","6","maquinaria","modelo"
"https://partequipos.com/maquinaria-pesada/maquinaria-pesada-nueva/marcas/dynapac/compactador-doble-rodillo-dynapac/compactador-doble-rodillo-dynapac-cc2200-vi/","200","Compactador doble rodillo DYNAPAC CC2200 VI - Partequipos","Descubre la excelencia en la excavadora Hitachi ZX200LC-5G. Diseñada para superar tus expectativas y elevar el rendimiento de tus proyectos","","https://partequipos.com/maquinaria-pesada/maquinaria-pesada-nueva/marcas/dynapac/compactador-doble-rodillo-dynapac/compactador-doble-rodillo-dynapac-cc2200-vi/","6","maquinaria","modelo"
"https://partequipos.com/maquinaria-pesada/maquinaria-pesada-nueva/marcas/dynapac/compactador-doble-rodillo-dynapac/compactador-doble-rodillo-dynapac-cc3200-vi/","200","Compactador doble rodillo DYNAPAC CC3200 VI - Partequipos","Descubre la excelencia en la excavadora Hitachi ZX200LC-5G. Diseñada para superar tus expectativas y elevar el rendimiento de tus proyectos","","https://partequipos.com/maquinaria-pesada/maquinaria-pesada-nueva/marcas/dynapac/compactador-doble-rodillo-dynapac/compactador-doble-rodillo-dynapac-cc3200-vi/","6","maquinaria","modelo"
"https://partequipos.com/maquinaria-pesada/maquinaria-pesada-nueva/marcas/dynapac/compactador-doble-rodillo-dynapac/compactador-doble-rodillo-dynapac-cc4000-vi/","200","Compactador doble rodillo DYNAPAC CC4000 VI - Partequipos","Descubre la excelencia en la excavadora Hitachi ZX200LC-5G. Diseñada para superar tus expectativas y elevar el rendimiento de tus proyectos","","https://partequipos.com/maquinaria-pesada/maquinaria-pesada-nueva/marcas/dynapac/compactador-doble-rodillo-dynapac/compactador-doble-rodillo-dynapac-cc4000-vi/","6","maquinaria","modelo"
"https://partequipos.com/maquinaria-pesada/maquinaria-pesada-nueva/marcas/dynapac/compactador-doble-rodillo-dynapac/compactador-doble-rodillo-dynapac-cc900/","200","Compactador doble rodillo DYNAPAC CC900 - Partequipos","Descubre la excelencia en la excavadora Hitachi ZX200LC-5G. Diseñada para superar tus expectativas y elevar el rendimiento de tus proyectos","","https://partequipos.com/maquinaria-pesada/maquinaria-pesada-nueva/marcas/dynapac/compactador-doble-rodillo-dynapac/compactador-doble-rodillo-dynapac-cc900/","6","maquinaria","modelo"
"https://partequipos.com/maquinaria-pesada/maquinaria-pesada-nueva/marcas/dynapac/compactadores/","200","Compactadores - Partequipos","En Partequipos, ofrecemos una amplia gama de Bulldozer robustos y confiables, diseñados para ofrecer potencia, precisión y eficiencia","Compactadores","https://partequipos.com/maquinaria-pesada/maquinaria-pesada-nueva/marcas/dynapac/compactadores/","5","maquinaria","tipo"
"https://partequipos.com/maquinaria-pesada/maquinaria-pesada-nueva/marcas/dynapac/pavimentadoras-dynapac/","200","Pavimentadoras DYNAPAC - Partequipos","CASE Construction tiene una línea completa de máquinas de construcción de alta tecnología y robustez para el aumento de su productividad.","","https://partequipos.com/maquinaria-pesada/maquinaria-pesada-nueva/marcas/dynapac/pavimentadoras-dynapac/","5","maquinaria","tipo"
"https://partequipos.com/maquinaria-pesada/maquinaria-pesada-nueva/marcas/dynapac/pavimentadoras-dynapac/pavimentadora-dynapac-f1800c/","200","Pavimentadora DYNAPAC F1800C - Partequipos","Descubre la excelencia en la excavadora Hitachi ZX200LC-5G. Diseñada para superar tus expectativas y elevar el rendimiento de tus proyectos","","https://partequipos.com/maquinaria-pesada/maquinaria-pesada-nueva/marcas/dynapac/pavimentadoras-dynapac/pavimentadora-dynapac-f1800c/","6","maquinaria","modelo"
"https://partequipos.com/maquinaria-pesada/maquinaria-pesada-nueva/marcas/dynapac/pavimentadoras-dynapac/pavimentadora-dynapac-f80w/","200","Pavimentadora DYNAPAC F80W - Partequipos","Descubre la excelencia en la excavadora Hitachi ZX200LC-5G. Diseñada para superar tus expectativas y elevar el rendimiento de tus proyectos","","https://partequipos.com/maquinaria-pesada/maquinaria-pesada-nueva/marcas/dynapac/pavimentadoras-dynapac/pavimentadora-dynapac-f80w/","6","maquinaria","modelo"
"https://partequipos.com/maquinaria-pesada/maquinaria-pesada-nueva/marcas/dynapac/pavimentadoras-dynapac/pavimentadora-dynapac-sd2500c/","200","Pavimentadora DYNAPAC SD2500C - Partequipos","Descubre la excelencia en la excavadora Hitachi ZX200LC-5G. Diseñada para superar tus expectativas y elevar el rendimiento de tus proyectos","","https://partequipos.com/maquinaria-pesada/maquinaria-pesada-nueva/marcas/dynapac/pavimentadoras-dynapac/pavimentadora-dynapac-sd2500c/","6","maquinaria","modelo"
"https://partequipos.com/maquinaria-pesada/maquinaria-pesada-nueva/marcas/dynapac/pavimentadoras/","200","Pavimentadoras - Partequipos","En Partequipos, ofrecemos una amplia gama de Bulldozer robustos y confiables, diseñados para ofrecer potencia, precisión y eficiencia","Pavimentadoras y reglas","https://partequipos.com/maquinaria-pesada/maquinaria-pesada-nueva/marcas/dynapac/pavimentadoras/","5","maquinaria","tipo"
"https://partequipos.com/maquinaria-pesada/maquinaria-pesada-nueva/marcas/dynapac/reglas-dynapac/","200","Reglas DYNAPAC - Partequipos","CASE Construction tiene una línea completa de máquinas de construcción de alta tecnología y robustez para el aumento de su productividad.","","https://partequipos.com/maquinaria-pesada/maquinaria-pesada-nueva/marcas/dynapac/reglas-dynapac/","5","maquinaria","tipo"
"https://partequipos.com/maquinaria-pesada/maquinaria-pesada-nueva/marcas/dynapac/reglas-dynapac/regla-dynapac-v3500-vte/","200","Regla DYNAPAC V3500 VTE - Partequipos","Descubre la excelencia en la excavadora Hitachi ZX200LC-5G. Diseñada para superar tus expectativas y elevar el rendimiento de tus proyectos","","https://partequipos.com/maquinaria-pesada/maquinaria-pesada-nueva/marcas/dynapac/reglas-dynapac/regla-dynapac-v3500-vte/","6","maquinaria","modelo"
"https://partequipos.com/maquinaria-pesada/maquinaria-pesada-nueva/marcas/dynapac/reglas-dynapac/regla-dynapac-v5100-vte/","200","Regla DYNAPAC V5100 VTE - Partequipos","Descubre la excelencia en la excavadora Hitachi ZX200LC-5G. Diseñada para superar tus expectativas y elevar el rendimiento de tus proyectos","","https://partequipos.com/maquinaria-pesada/maquinaria-pesada-nueva/marcas/dynapac/reglas-dynapac/regla-dynapac-v5100-vte/","6","maquinaria","modelo"
"https://partequipos.com/maquinaria-pesada/maquinaria-pesada-nueva/marcas/dynapac/reglas-dynapac/regla-dynapac-v6000-vte/","200","Regla DYNAPAC V6000 VTE - Partequipos","Descubre la excelencia en la excavadora Hitachi ZX200LC-5G. Diseñada para superar tus expectativas y elevar el rendimiento de tus proyectos","","https://partequipos.com/maquinaria-pesada/maquinaria-pesada-nueva/marcas/dynapac/reglas-dynapac/regla-dynapac-v6000-vte/","6","maquinaria","modelo"
"https://partequipos.com/maquinaria-pesada/maquinaria-pesada-nueva/marcas/hitachi/","200","Hitachi - Partequipos","La experiencia en la industria de la construcción, las excavadoras Hitachi son conocidas por su rendimiento excepcional.","","https://partequipos.com/maquinaria-pesada/maquinaria-pesada-nueva/marcas/hitachi/","4","maquinaria","marca"
"https://partequipos.com/maquinaria-pesada/maquinaria-pesada-nueva/marcas/hitachi/excavadoras-hitachi/","200","Excavadoras Hitachi - Partequipos","Descubre la excelencia en excavación con las Excavadoras Hitachi. Diseñadas para enfrentar los desafíos más exigentes en la construcción.","¿Estás en busca de excavadoras que ofrezcan eficiencia, durabilidad y productividad en tu trabajo?","https://partequipos.com/maquinaria-pesada/maquinaria-pesada-nueva/marcas/hitachi/excavadoras-hitachi/","5","maquinaria","tipo"
"https://partequipos.com/maquinaria-pesada/maquinaria-pesada-nueva/marcas/hitachi/excavadoras-hitachi/excavadora-hitachi-zx130-5b/","200","Excavadora Hitachi ZX130-5B - Partequipos","Descubre la excelencia en la excavadora Hitachi ZX200LC-5G. Diseñada para superar tus expectativas y elevar el rendimiento de tus proyectos","","https://partequipos.com/maquinaria-pesada/maquinaria-pesada-nueva/marcas/hitachi/excavadoras-hitachi/excavadora-hitachi-zx130-5b/","6","maquinaria","modelo"
"https://partequipos.com/maquinaria-pesada/maquinaria-pesada-nueva/marcas/hitachi/excavadoras-hitachi/excavadora-hitachi-zx130-5g/","200","Excavadora Hitachi ZX130-5G - Partequipos","La experiencia en la industria de la construcción, las excavadoras Hitachi son conocidas por su rendimiento excepcional.","EXCAVADORA hitachi","https://partequipos.com/maquinaria-pesada/maquinaria-pesada-nueva/marcas/hitachi/excavadoras-hitachi/excavadora-hitachi-zx130-5g/","6","maquinaria","modelo"
"https://partequipos.com/maquinaria-pesada/maquinaria-pesada-nueva/marcas/hitachi/excavadoras-hitachi/excavadora-hitachi-zx200lc-5g/","200","Excavadora Hitachi ZX200LC-5G - Partequipos","Descubre la excelencia en la excavadora Hitachi ZX200LC-5G. Diseñada para superar tus expectativas y elevar el rendimiento de tus proyectos","EXCAVADORA hitachi","https://partequipos.com/maquinaria-pesada/maquinaria-pesada-nueva/marcas/hitachi/excavadoras-hitachi/excavadora-hitachi-zx200lc-5g/","6","maquinaria","modelo"
"https://partequipos.com/maquinaria-pesada/maquinaria-pesada-nueva/marcas/hitachi/excavadoras-hitachi/excavadora-hitachi-zx210lc-5b/","200","Excavadora Hitachi ZX210LC-5B - Partequipos","Descubre la excelencia en la excavadora Hitachi ZX200LC-5G. Diseñada para superar tus expectativas y elevar el rendimiento de tus proyectos","","https://partequipos.com/maquinaria-pesada/maquinaria-pesada-nueva/marcas/hitachi/excavadoras-hitachi/excavadora-hitachi-zx210lc-5b/","6","maquinaria","modelo"
"https://partequipos.com/maquinaria-pesada/maquinaria-pesada-nueva/marcas/hitachi/excavadoras-hitachi/excavadora-hitachi-zx350lc-5b/","200","Excavadora Hitachi ZX350LC-5B - Partequipos","Descubre la excelencia en la excavadora Hitachi ZX200LC-5G. Diseñada para superar tus expectativas y elevar el rendimiento de tus proyectos","","https://partequipos.com/maquinaria-pesada/maquinaria-pesada-nueva/marcas/hitachi/excavadoras-hitachi/excavadora-hitachi-zx350lc-5b/","6","maquinaria","modelo"
"https://partequipos.com/maquinaria-pesada/maquinaria-pesada-nueva/marcas/hitachi/excavadoras-hitachi/excavadora-hitachi-zx490-7g/","200","Excavadora Hitachi ZX490-7G - Partequipos","Descubre la excelencia en la excavadora Hitachi ZX200LC-5G. Diseñada para superar tus expectativas y elevar el rendimiento de tus proyectos","","https://partequipos.com/maquinaria-pesada/maquinaria-pesada-nueva/marcas/hitachi/excavadoras-hitachi/excavadora-hitachi-zx490-7g/","6","maquinaria","modelo"
"https://partequipos.com/maquinaria-pesada/maquinaria-pesada-nueva/marcas/hitachi/excavadoras-hitachi/excavadora-hitachi-zx690lc-6/","200","Excavadora Hitachi ZX690LC-6 - Partequipos","Descubre la excelencia en la excavadora Hitachi ZX200LC-5G. Diseñada para superar tus expectativas y elevar el rendimiento de tus proyectos","EXCAVADORA hitachi","https://partequipos.com/maquinaria-pesada/maquinaria-pesada-nueva/marcas/hitachi/excavadoras-hitachi/excavadora-hitachi-zx690lc-6/","6","maquinaria","modelo"
"https://partequipos.com/maquinaria-pesada/maquinaria-pesada-nueva/marcas/hitachi/excavadoras-hitachi/excavadora-hitachi-zx690lc-7h/","200","Excavadora Hitachi ZX690LC-7H - Partequipos","Descubre la excelencia en la excavadora Hitachi ZX200LC-5G. Diseñada para superar tus expectativas y elevar el rendimiento de tus proyectos","","https://partequipos.com/maquinaria-pesada/maquinaria-pesada-nueva/marcas/hitachi/excavadoras-hitachi/excavadora-hitachi-zx690lc-7h/","6","maquinaria","modelo"
"https://partequipos.com/maquinaria-pesada/maquinaria-pesada-nueva/marcas/hitachi/excavadoras-hitachi/excavadora-hitachi-zx75us-5n/","200","Excavadora Hitachi ZX75US-5N - Partequipos","Descubre la excelencia en la excavadora Hitachi ZX200LC-5G. Diseñada para superar tus expectativas y elevar el rendimiento de tus proyectos","","https://partequipos.com/maquinaria-pesada/maquinaria-pesada-nueva/marcas/hitachi/excavadoras-hitachi/excavadora-hitachi-zx75us-5n/","6","maquinaria","modelo"
"https://partequipos.com/maquinaria-pesada/maquinaria-pesada-nueva/marcas/hitachi/excavadoras-hitachi/excavadora-hitachi-zx75us-7/","200","Excavadora Hitachi ZX75US-7 - Partequipos","Descubre la excelencia en la excavadora Hitachi ZX200LC-5G. Diseñada para superar tus expectativas y elevar el rendimiento de tus proyectos","","https://partequipos.com/maquinaria-pesada/maquinaria-pesada-nueva/marcas/hitachi/excavadoras-hitachi/excavadora-hitachi-zx75us-7/","6","maquinaria","modelo"
"https://partequipos.com/maquinaria-pesada/maquinaria-pesada-nueva/marcas/hitachi/excavadoras-hitachi/excavadora-hitachi-zx85usb-5n/","200","Excavadora Hitachi ZX85USB-5N - Partequipos","Descubre la excelencia en la excavadora Hitachi ZX200LC-5G. Diseñada para superar tus expectativas y elevar el rendimiento de tus proyectos","EXCAVADORA hitachi","https://partequipos.com/maquinaria-pesada/maquinaria-pesada-nueva/marcas/hitachi/excavadoras-hitachi/excavadora-hitachi-zx85usb-5n/","6","maquinaria","modelo"
"https://partequipos.com/maquinaria-pesada/maquinaria-pesada-nueva/marcas/hitachi/excavadoras-hitachi/excavadora-hitachi-zx890lc-6/","200","Excavadora Hitachi ZX890LC-6 - Partequipos","Descubre la excelencia en la excavadora Hitachi ZX200LC-5G. Diseñada para superar tus expectativas y elevar el rendimiento de tus proyectos","EXCAVADORA hitachi","https://partequipos.com/maquinaria-pesada/maquinaria-pesada-nueva/marcas/hitachi/excavadoras-hitachi/excavadora-hitachi-zx890lc-6/","6","maquinaria","modelo"
"https://partequipos.com/maquinaria-pesada/maquinaria-pesada-nueva/marcas/hitachi/excavadoras-hitachi/excavadora-hitachi-zx890lc-7h/","200","Excavadora Hitachi ZX890LC-7H - Partequipos","Descubre la excelencia en la excavadora Hitachi ZX200LC-5G. Diseñada para superar tus expectativas y elevar el rendimiento de tus proyectos","","https://partequipos.com/maquinaria-pesada/maquinaria-pesada-nueva/marcas/hitachi/excavadoras-hitachi/excavadora-hitachi-zx890lc-7h/","6","maquinaria","modelo"
"https://partequipos.com/maquinaria-pesada/maquinaria-pesada-nueva/marcas/hitachi/excavadoras-hitachi/miniexcavadora-hitachi-zx17u-5n/","200","Miniexcavadora Hitachi ZX17U-5N - Partequipos","Descubre la excelencia en la excavadora Hitachi ZX200LC-5G. Diseñada para superar tus expectativas y elevar el rendimiento de tus proyectos","EXCAVADORA hitachi","https://partequipos.com/maquinaria-pesada/maquinaria-pesada-nueva/marcas/hitachi/excavadoras-hitachi/miniexcavadora-hitachi-zx17u-5n/","6","maquinaria","modelo"
"https://partequipos.com/maquinaria-pesada/maquinaria-pesada-nueva/marcas/hitachi/excavadoras-hitachi/miniexcavadora-hitachi-zx30u-5n/","200","Miniexcavadora Hitachi ZX30U-5N - Partequipos","Descubre la excelencia en la excavadora Hitachi ZX200LC-5G. Diseñada para superar tus expectativas y elevar el rendimiento de tus proyectos","EXCAVADORA hitachi","https://partequipos.com/maquinaria-pesada/maquinaria-pesada-nueva/marcas/hitachi/excavadoras-hitachi/miniexcavadora-hitachi-zx30u-5n/","6","maquinaria","modelo"
"https://partequipos.com/maquinaria-pesada/maquinaria-pesada-nueva/marcas/hitachi/excavadoras-hitachi/miniexcavadora-hitachi-zx35u-5n/","200","Miniexcavadora Hitachi ZX35U-5N - Partequipos","Descubre la excelencia en la excavadora Hitachi ZX200LC-5G. Diseñada para superar tus expectativas y elevar el rendimiento de tus proyectos","EXCAVADORA hitachi","https://partequipos.com/maquinaria-pesada/maquinaria-pesada-nueva/marcas/hitachi/excavadoras-hitachi/miniexcavadora-hitachi-zx35u-5n/","6","maquinaria","modelo"
"https://partequipos.com/maquinaria-pesada/maquinaria-pesada-nueva/marcas/hitachi/excavadoras-hitachi/miniexcavadora-hitachi-zx50u-5n/","200","Miniexcavadora Hitachi ZX50U-5N - Partequipos","Descubre la excelencia en la excavadora Hitachi ZX200LC-5G. Diseñada para superar tus expectativas y elevar el rendimiento de tus proyectos","EXCAVADORA hitachi","https://partequipos.com/maquinaria-pesada/maquinaria-pesada-nueva/marcas/hitachi/excavadoras-hitachi/miniexcavadora-hitachi-zx50u-5n/","6","maquinaria","modelo"
"https://partequipos.com/maquinaria-pesada/maquinaria-pesada-nueva/marcas/hitachi/excavadoras-hitachi/miniexcavadora-hitachi-zx60usb-5n/","200","Miniexcavadora Hitachi ZX60USB-5N - Partequipos","Descubre la excelencia en la excavadora Hitachi ZX200LC-5G. Diseñada para superar tus expectativas y elevar el rendimiento de tus proyectos","EXCAVADORA hitachi","https://partequipos.com/maquinaria-pesada/maquinaria-pesada-nueva/marcas/hitachi/excavadoras-hitachi/miniexcavadora-hitachi-zx60usb-5n/","6","maquinaria","modelo"
"https://partequipos.com/maquinaria-pesada/maquinaria-pesada-nueva/marcas/yanmar/","200","Yanmar - Partequipos","Yanmar es la referencia del sector en rendimiento, capacidad y fiabilidad. Son modelos capaces de abordar todas las tareas.","","https://partequipos.com/maquinaria-pesada/maquinaria-pesada-nueva/marcas/yanmar/","4","maquinaria","marca"
"https://partequipos.com/maquinaria-pesada/maquinaria-pesada-nueva/marcas/yanmar/miniexcavadoras/","200","Miniexcavadoras - Partequipos","Descubre la versatilidad y potencia en tamaño compacto con nuestras Miniexcavadoras. Perfectas para proyectos de construcción.","Miniexcavadoras","https://partequipos.com/maquinaria-pesada/maquinaria-pesada-nueva/marcas/yanmar/miniexcavadoras/","5","maquinaria","tipo"
"https://partequipos.com/maquinaria-pesada/maquinaria-pesada-nueva/marcas/yanmar/miniexcavadoras/miniexcavadora-yanmar-vio17/","200","Miniexcavadora Yanmar VIO17 - Partequipos","Descubre la potencia en tamaño compacto con la Miniexcavadora Yanmar VIO17. Ideal para proyectos de construcción.","","https://partequipos.com/maquinaria-pesada/maquinaria-pesada-nueva/marcas/yanmar/miniexcavadoras/miniexcavadora-yanmar-vio17/","6","maquinaria","modelo"
"https://partequipos.com/maquinaria-pesada/maquinaria-pesada-nueva/marcas/yanmar/miniexcavadoras/miniexcavadora-yanmar-vio35-7/","200","Miniexcavadora Yanmar VIO35-7 - Partequipos","Descubre la excelencia en excavación con la miniexcavadora Yanmar VIO35-6. Potencia compacta y versátil para proyectos exigentes.","","https://partequipos.com/maquinaria-pesada/maquinaria-pesada-nueva/marcas/yanmar/miniexcavadoras/miniexcavadora-yanmar-vio35-7/","6","maquinaria","modelo"
"https://partequipos.com/maquinaria-pesada/maquinaria-pesada-nueva/marcas/yanmar/miniexcavadoras/miniexcavadora-yanmar-vio50-6/","200","Miniexcavadora Yanmar VIO50-6 - Partequipos","Descubre la excelencia en excavación con la miniexcavadora Yanmar VIO50-6. Potencia compacta y versátil para proyectos exigentes.","miniEXCAVADORA YANMAR","https://partequipos.com/maquinaria-pesada/maquinaria-pesada-nueva/marcas/yanmar/miniexcavadoras/miniexcavadora-yanmar-vio50-6/","6","maquinaria","modelo"
"https://partequipos.com/maquinaria-pesada/maquinaria-pesada-nueva/marcas/yanmar/miniexcavadoras/miniexcavadora-yanmar-vio50-6a/","200","Miniexcavadora Yanmar VIO50-6a - Partequipos","Descubre la excelencia en excavación con la miniexcavadora Yanmar VIO35-6. Potencia compacta y versátil para proyectos exigentes.","","https://partequipos.com/maquinaria-pesada/maquinaria-pesada-nueva/marcas/yanmar/miniexcavadoras/miniexcavadora-yanmar-vio50-6a/","6","maquinaria","modelo"
"https://partequipos.com/maquinaria-pesada/maquinaria-pesada-nueva/marcas/yanmar/miniexcavadoras/miniexcavadora-yanmar-vio55-6/","200","Miniexcavadora Yanmar VIO55-6 - Partequipos","Descubre la excelencia en excavación con la miniexcavadora Yanmar VIO55-6. Potencia compacta y versátil para proyectos exigentes.","miniEXCAVADORA YANMAR","https://partequipos.com/maquinaria-pesada/maquinaria-pesada-nueva/marcas/yanmar/miniexcavadoras/miniexcavadora-yanmar-vio55-6/","6","maquinaria","modelo"
"https://partequipos.com/maquinaria-pesada/maquinaria-pesada-nueva/marcas/yanmar/miniexcavadoras/miniexcavadora-yanmar-vio80-1/","200","Miniexcavadora Yanmar VIO80-1 - Partequipos","Descubre la excelencia en excavación con la miniexcavadora Yanmar VIO80-6. Potencia compacta y versátil para proyectos exigentes.","","https://partequipos.com/maquinaria-pesada/maquinaria-pesada-nueva/marcas/yanmar/miniexcavadoras/miniexcavadora-yanmar-vio80-1/","6","maquinaria","modelo"
"https://partequipos.com/maquinaria-pesada/maquinaria-pesada-usada-otros/","200","Equipos Usados - Partequipos","Con años de experiencia en la industria, garantizamos en nuestros Equipos Usados fiabilidad y rendimiento en cada máquina.","","https://partequipos.com/maquinaria-pesada/maquinaria-pesada-usada-otros/","2","maquinaria","institucional"
"https://partequipos.com/maquinaria-pesada/maquinaria-pesada-usada/","200","Equipos Usados - Partequipos","Con años de experiencia en la industria, garantizamos en nuestros Equipos Usados fiabilidad y rendimiento en cada máquina.","","https://partequipos.com/maquinaria-pesada/maquinaria-pesada-usada/","2","maquinaria","institucional"
"https://partequipos.com/maquinaria-pesada/maquinaria-pesada-usada/bulldozer/","200","Bulldozer Usados - Partequipos","Descubre la potencia asequible con nuestros bulldozer usados. Equipos confiables y eficientes para tus proyectos de construcción","Bulldozer","https://partequipos.com/maquinaria-pesada/maquinaria-pesada-usada/bulldozer/","3","maquinaria","institucional"
"https://partequipos.com/maquinaria-pesada/maquinaria-pesada-usada/cargadores/","200","Cargadores - Partequipos","Descubre la potencia y eficiencia de los Cargadores Usados de maquinaria pesada. Somos partequipos Colombia.","Cargadores","https://partequipos.com/maquinaria-pesada/maquinaria-pesada-usada/cargadores/","3","maquinaria","institucional"
"https://partequipos.com/maquinaria-pesada/maquinaria-pesada-usada/compactadores/","200","Compactores Usados - Partequipos","Descubre la potencia y eficiencia de los Compactadores Usados de maquinaria pesada. Optimiza la compactación de suelos..","Compactadores","https://partequipos.com/maquinaria-pesada/maquinaria-pesada-usada/compactadores/","3","maquinaria","institucional"
"https://partequipos.com/maquinaria-pesada/maquinaria-pesada-usada/excavadoras/","200","excavadoras - Partequipos","Hola","","https://partequipos.com/maquinaria-pesada/maquinaria-pesada-usada/excavadoras/","3","maquinaria","institucional"
"https://partequipos.com/maquinaria-pesada/maquinaria-pesada-usada/excavadoras4/","200","Excavadoras - Partequipos","Maquinaria Pesada Usada Marcas Toneladas Tipo Año","MINIEXCAVADORA HITACHI","https://partequipos.com/maquinaria-pesada/maquinaria-pesada-usada/excavadoras4/","3","maquinaria","institucional"
"https://partequipos.com/maquinaria-pesada/maquinaria-pesada-usada/minicargadores/","200","Minicargadores - Partequipos","Descubre la potencia y eficiencia de los Minicargadores Usados de maquinaria pesada. Optimiza la compactación de suelos..","Minicargadores","https://partequipos.com/maquinaria-pesada/maquinaria-pesada-usada/minicargadores/","3","maquinaria","institucional"
"https://partequipos.com/maquinaria-pesada/maquinaria-pesada-usada/motoniveladoras/","200","Motoniveladoras Usadas - Partequipos","Descubre nuestra selección de motoniveladoras usadas, la solución perfecta para tus necesidades de nivelación en obras de construcción","Motoniveladoras","https://partequipos.com/maquinaria-pesada/maquinaria-pesada-usada/motoniveladoras/","3","maquinaria","institucional"
"https://partequipos.com/maquinaria-pesada/maquinaria-pesada-usada/retrocargadoras/","200","Retroexcavadoras Usadas - Partequipos","Explora nuestra selección de Retroexcavadoras Usadas, la clave para la versatilidad y la productividad en una variedad de proyectos.","Retroexcavadora","https://partequipos.com/maquinaria-pesada/maquinaria-pesada-usada/retrocargadoras/","3","maquinaria","institucional"
"https://partequipos.com/maquinaria-pesada/maquinaria-pesada-usada/vibrocompactadores/","200","Motoniveladoras Usadas - Partequipos","Descubre nuestra selección de motoniveladoras usadas, la solución perfecta para tus necesidades de nivelación en obras de construcción","Compactadores","https://partequipos.com/maquinaria-pesada/maquinaria-pesada-usada/vibrocompactadores/","3","maquinaria","institucional"
"https://partequipos.com/maquinaria-pesada/test/","200","Test - Partequipos","PARTEQUIPOS cuenta con 20 años de experiencia en unos de los mercados más exigentes de Latinoamerica; se especializa en la venta de maquinaria","","https://partequipos.com/maquinaria-pesada/test/","2","maquinaria","institucional"
"https://partequipos.com/martillos-hidraulicos-recomendaciones-de-uso/","200","Martillos hidráulicos: recomendaciones de uso - Partequipos","Martillos hidráulicos: recomendaciones de usoBuenas Prácticas Para Evitar Fallas De Componentes Y Desgaste Prematuro.","Martillos hidráulicos: recomendaciones de uso","https://partequipos.com/martillos-hidraulicos-recomendaciones-de-uso/","1","blog","institucional"
"https://partequipos.com/mineria-construccion-infraestructura/","200","Maquinaria Amarilla: Imprescindible - Partequipos","Maquinaria Amarilla: Imprescindible En Minería, Construcción e Infraestructura., con su apariencia imponente y su capacidad para tarea pesada.","Maquinaria Amarilla: Imprescindible en Minería, Construcción e Infraestructura","https://partequipos.com/mineria-construccion-infraestructura/","1","blog","institucional"
"https://partequipos.com/minicargadores-pequenos-gigantes-de-la-construccion/","200","Beneficios de usar filtros Donaldson en tu maquinaria pesada","La historia de una de las marcas más importantes de maquinaria pesada en Colombia: HITACHI - somos distribuidores oficiales","Minicargadores: Pequeños Gigantes de la Construcción","https://partequipos.com/minicargadores-pequenos-gigantes-de-la-construccion/","1","blog","institucional"
"https://partequipos.com/miniexcavadoras-yanmar-compactas-pero-poderosas/","200","Retroexcavadoras: La Máquina Todoterreno por Excelencia","Un equipo que es La Máquina Todoterreno por Excelencia en Colombia. Retrocargadora o excavadora, cómo la llamas tu?","Miniexcavadoras Yanmar: Compactas pero Poderosas","https://partequipos.com/miniexcavadoras-yanmar-compactas-pero-poderosas/","1","blog","institucional"
"https://partequipos.com/miniexcavadoras-yanmar-en-colombia-tecnologia-100-japonesa-con-representacion-oficial-de-partequipos-s-a-s/","200","Miniexcavadoras Yanmar en Colombia: Tecnología 100% Japonesa","YANMAR es sinónimo de excelencia japonesa. Con más de 100 años de experiencia en motores diésel y maquinaria de construcción y otros sectores","Miniexcavadoras Yanmar en Colombia: Tecnología 100% Japonesa con Representación Oficial de Partequipos S.A.S.","https://partequipos.com/miniexcavadoras-yanmar-en-colombia-tecnologia-100-japonesa-con-representacion-oficial-de-partequipos-s-a-s/","1","blog","institucional"
"https://partequipos.com/moto-reductor-de-traslacion-de-excavadora-sintomas-de-falla-y-cuando-revisarlo/","200","Bombas de alta presión y qué opciones encuentras en Partequipos","En muchas operaciones, mover agua no es suficiente, es moverla con la presión, el alcance y la capacidad que exige el trabajo.","Moto reductor de traslación de excavadora: síntomas de falla y cuándo revisarlo","https://partequipos.com/moto-reductor-de-traslacion-de-excavadora-sintomas-de-falla-y-cuando-revisarlo/","1","blog","institucional"
"https://partequipos.com/motores-diesel-en-maquinaria-pesada-en-colombia-potencia-y-eficiencia-unidas/","200","La Danza Perfecta para la Movilidad en la Maquinaria Pesada","La historia de una de las marcas más importantes de maquinaria pesada en Colombia: HITACHI - somos distribuidores oficiales","Motores Diesel en Maquinaria Pesada en Colombia: Potencia y Eficiencia Unidas","https://partequipos.com/motores-diesel-en-maquinaria-pesada-en-colombia-potencia-y-eficiencia-unidas/","1","blog","institucional"
"https://partequipos.com/motores-diesel-la-esencia-inquebrantable-de-la-maquinaria-pesada-en-colombia/","200","La Danza Perfecta para la Movilidad en la Maquinaria Pesada","La historia de una de las marcas más importantes de maquinaria pesada en Colombia: HITACHI - somos distribuidores oficiales","Motores Diesel: La Esencia Inquebrantable de la Maquinaria Pesada en Colombia","https://partequipos.com/motores-diesel-la-esencia-inquebrantable-de-la-maquinaria-pesada-en-colombia/","1","blog","institucional"
"https://partequipos.com/motorreductores-de-translacion-y-giro-la-danza-perfecta-para-la-movilidad-en-la-maquinaria-pesada-en-colombia/","200","La Danza Perfecta para la Movilidad en la Maquinaria Pesada","La historia de una de las marcas más importantes de maquinaria pesada en Colombia: HITACHI - somos distribuidores oficiales","Motorreductores de Translación y Giro: La Danza Perfecta para la Movilidad en la Maquinaria Pesada en Colombia","https://partequipos.com/motorreductores-de-translacion-y-giro-la-danza-perfecta-para-la-movilidad-en-la-maquinaria-pesada-en-colombia/","1","blog","institucional"
"https://partequipos.com/nok-sellos-especiales-para-maquinaria-pesada-y-sistemas-hidraulicos/","200","NOK Sellos especiales para maquinaria pesada","muchas fallas comienzan donde casi nadie las ve: en el sellado. NOK: Sellos especiales para maquinaria pesada y sistemas hidráulicos","NOK Sealing: sellos especiales para maquinaria pesada y sistemas hidráulicos","https://partequipos.com/nok-sellos-especiales-para-maquinaria-pesada-y-sistemas-hidraulicos/","1","blog","institucional"
"https://partequipos.com/nosotros/","200","Nosotros | Partequipos Colombia","Nosotros Ofrecemos soluciones a tus proyectos especializándonos en la venta de maquinaria pesada, repuestos, servicio técnico y lubricantes","","https://partequipos.com/nosotros/","1","corporativo","institucional"
"https://partequipos.com/nosotros/trabaja-con-nosotros/","200","Trabaja con Nosotros - Partequipos","Descubre emocionantes oportunidades laborales y Trabaja con Nosotros. Entra a nuestro mundo y encuentra tu lugar en Partequipos","","https://partequipos.com/nosotros/trabaja-con-nosotros/","2","corporativo","institucional"
"https://partequipos.com/noticias/","200","Noticias - Partequipos","Enterate de las ultimas novedades, productos y tendencias en el mundo de la maquinaria pesada, en PARTEQUIPOS tenemos información actualizada","","https://partequipos.com/noticias/","1","corporativo","institucional"
"https://partequipos.com/nueva-regulacion-tier-4-en-colombia-lo-que-debes-saber/","200","Beneficios de usar filtros Donaldson en tu maquinaria pesada","La historia de una de las marcas más importantes de maquinaria pesada en Colombia: HITACHI - somos distribuidores oficiales","Nueva Regulación Tier 4 en Colombia: Lo que Debes Saber","https://partequipos.com/nueva-regulacion-tier-4-en-colombia-lo-que-debes-saber/","1","blog","institucional"
"https://partequipos.com/nuevo-motor-estacionario-dongfeng-cummins-6ct8-3-240hp/","200","Beneficios de usar filtros Donaldson en tu maquinaria pesada","La historia de una de las marcas más importantes de maquinaria pesada en Colombia: HITACHI - somos distribuidores oficiales","Nuevo Motor Estacionario Dongfeng Cummins 6CT8.3-240HP","https://partequipos.com/nuevo-motor-estacionario-dongfeng-cummins-6ct8-3-240hp/","1","blog","institucional"
"https://partequipos.com/openhouse/","200","Lanzamiento Excavadoras- Partequipos","Descubre la potencia y versatilidad definitivas en nuestras Lanzamiento excavadoras. Diseñadas para superar tus expectativas.","REGÍSTRATE Y CONOCE MÁS DE NUESTROS EVENTOS A NIVEL NACIONAL","https://partequipos.com/openhouse/","1","corporativo","institucional"
"https://partequipos.com/partequipos-distribuidor-oficial-de-handok-hydraulic-en-colombia/","200","Partequipos, distribuidor oficial de Handok Hydraulic en Colombia","La fuerza del brazo dependen de componentes que trabajen con precisión, durabilidad y confiabilidad.","Partequipos, distribuidor oficial de Handok Hydraulic en Colombia","https://partequipos.com/partequipos-distribuidor-oficial-de-handok-hydraulic-en-colombia/","1","blog","institucional"
"https://partequipos.com/participa-openhouse/","200","Lanzamiento Excavadoras- Partequipos","Descubre la potencia y versatilidad definitivas en nuestras Lanzamiento excavadoras. Diseñadas para superar tus expectativas.","REGISTRA TUS FACTURAS Y GANA","https://partequipos.com/participa-openhouse/","1","corporativo","institucional"
"https://partequipos.com/pe-partsshop/","200","Pe-partsshop (STAL) - Partequipos","Encuentra en nuestro PE-Partsshop Noticias de nuestro e-commerce. Somos tu mejor opcion en repuestos de maquinaria pesada.","","https://partequipos.com/pe-partsshop/","1","corporativo","institucional"
"https://partequipos.com/politica-de-garantia-de-repuestos/","200","Política de Garantías de Repuestos - Partequipos","Para Partequipos S.A.S es muy importante dar a conocer a nuestros clientes la política de garantía de nuestros repuestos","Política de garantía de repuestos","https://partequipos.com/politica-de-garantia-de-repuestos/","1","corporativo","institucional"
"https://partequipos.com/por-que-tu-maquinaria-tier-4-necesita-urea-automotriz-def/","200","Beneficios Operativos de los Motores Tier 4 en Maquinaria Pesada","Los motores Tier 4 representan un avance significativo en tecnología para maquinaria pesada, más allá del cumplimiento normativo.","Por qué tu maquinaria Tier 4 necesita UREA automotriz (DEF)","https://partequipos.com/por-que-tu-maquinaria-tier-4-necesita-urea-automotriz-def/","1","blog","institucional"
"https://partequipos.com/premios-open-house/","200","Lanzamiento Excavadoras- Partequipos","Descubre la potencia y versatilidad definitivas en nuestras Lanzamiento excavadoras. Diseñadas para superar tus expectativas.","","https://partequipos.com/premios-open-house/","1","corporativo","institucional"
"https://partequipos.com/radiadores-y-enfriadores-el-equilibrio-termico-en-la-maquinaria-pesada-colombiana/","200","Equilibrio Térmico en maquinaria pesada en Colombia","Explora la importancia del equilibrio térmico en la maquinaria pesada y cómo mantenerlo para garantizar un rendimiento óptimo.","Radiadores y Enfriadores: El Equilibrio Térmico en la Maquinaria Pesada en Colombia","https://partequipos.com/radiadores-y-enfriadores-el-equilibrio-termico-en-la-maquinaria-pesada-colombiana/","1","blog","institucional"
"https://partequipos.com/radiadores-y-enfriadores-en-la-maquinaria-pesada-en-colombia/","200","Radiadores y Enfriadores en la Maquinaria Pesada en Colombia","Descubre la importancia crucial de los Radiadores y Enfriadores en la maquinaria pesada, y cómo elegir, mantener y optimizar su rendimiento","Estrategias de Enfriamiento: Radiadores y Enfriadores en la Maquinaria Pesada en Colombia","https://partequipos.com/radiadores-y-enfriadores-en-la-maquinaria-pesada-en-colombia/","1","blog","institucional"
"https://partequipos.com/referenciacion-openhouse-2025/","200","Lanzamiento Excavadoras- Partequipos","Descubre la potencia y versatilidad definitivas en nuestras Lanzamiento excavadoras. Diseñadas para superar tus expectativas.","INGRESA TUS DATOS","https://partequipos.com/referenciacion-openhouse-2025/","1","corporativo","institucional"
"https://partequipos.com/repuestos-maquinaria-pesada-colombia/","200","Repuestos para Maquinaria Pesada en Colombia| Partequipos","Descubre una amplia selección de repuestos para maquinaria pesada Colombia de diversas marcas en nuestra tienda PARTEQUIPOS","BIENVENIDOS A PARTEQUIPOS","https://partequipos.com/repuestos-maquinaria-pesada-colombia/","1","repuestos","institucional"
"https://partequipos.com/repuestos-maquinaria-pesada-colombia/categoria-repuestos-para-maquinaria-pesada/","200","Categoría de Repuestos - Partequipos","Explora nuestra amplia Categoría de Repuestos para Maquinaria Pesada en gran variedad de marcas en nuestra tienda PARTEQUIPOS.","","https://partequipos.com/repuestos-maquinaria-pesada-colombia/categoria-repuestos-para-maquinaria-pesada/","2","repuestos","categoria"
"https://partequipos.com/repuestos-maquinaria-pesada-colombia/categoria-repuestos-para-maquinaria-pesada/aditamentos-para-maquinaria-pesada/","200","Aditamentos para Maquinaria Pesada - Partequipos","Optimiza el rendimiento y prolonga la vida útil de tu maquinaria pesada con nuestros Aditamentos para Maquinaria Pesada","","https://partequipos.com/repuestos-maquinaria-pesada-colombia/categoria-repuestos-para-maquinaria-pesada/aditamentos-para-maquinaria-pesada/","3","repuestos","categoria"
"https://partequipos.com/repuestos-maquinaria-pesada-colombia/categoria-repuestos-para-maquinaria-pesada/baldes-y-protectores/","200","Baldes y Protectores - Partequipos","Somos tu proveedor confiable de Baldes y Protectores para una amplia variedad de maquinaria pesada en Colombia.","","https://partequipos.com/repuestos-maquinaria-pesada-colombia/categoria-repuestos-para-maquinaria-pesada/baldes-y-protectores/","3","repuestos","categoria"
"https://partequipos.com/repuestos-maquinaria-pesada-colombia/categoria-repuestos-para-maquinaria-pesada/baldes-y-protectores/baldes-para-excavadoras/","200","Repuestos para Miniexcavador BOBCAT 418","Explora nuestra amplia selección de Repuestos para Miniexcavador BOBCAT 418 en nuestra tienda PARTEQUIPOS.","","https://partequipos.com/repuestos-maquinaria-pesada-colombia/categoria-repuestos-para-maquinaria-pesada/baldes-y-protectores/baldes-para-excavadoras/","4","repuestos","categoria"
"https://partequipos.com/repuestos-maquinaria-pesada-colombia/categoria-repuestos-para-maquinaria-pesada/baldes-y-protectores/motores-nuevo/","200","Repuestos para Miniexcavador BOBCAT 418","Explora nuestra amplia selección de Repuestos para Miniexcavador BOBCAT 418 en nuestra tienda PARTEQUIPOS.","","https://partequipos.com/repuestos-maquinaria-pesada-colombia/categoria-repuestos-para-maquinaria-pesada/baldes-y-protectores/motores-nuevo/","4","repuestos","categoria"
"https://partequipos.com/repuestos-maquinaria-pesada-colombia/categoria-repuestos-para-maquinaria-pesada/componentes-electricos/","200","Componentes Eléctricos - Partequipos","Somos tu proveedor confiable de componentes eléctricos para una amplia variedad de maquinaria pesada en Colombia.","","https://partequipos.com/repuestos-maquinaria-pesada-colombia/categoria-repuestos-para-maquinaria-pesada/componentes-electricos/","3","repuestos","categoria"
"https://partequipos.com/repuestos-maquinaria-pesada-colombia/categoria-repuestos-para-maquinaria-pesada/componentes-hidraulicos-para-maquinaria-pesada/","200","Componentes Hidráulicos para Maquinaria Pesada- Partequipos","Optimiza el rendimiento y prolonga la vida útil de tu maquinaria pesada con nuestros Componentes Hidráulicos de alta calidad.","","https://partequipos.com/repuestos-maquinaria-pesada-colombia/categoria-repuestos-para-maquinaria-pesada/componentes-hidraulicos-para-maquinaria-pesada/","3","repuestos","categoria"
"https://partequipos.com/repuestos-maquinaria-pesada-colombia/categoria-repuestos-para-maquinaria-pesada/componentes-mayores-para-maquinaria-pesada/","200","Componentes Mayores para Maquinaria Pesada- Partequipos","Optimiza el rendimiento y prolonga la vida útil de tu maquinaria pesada con nuestros Componentes Mayores de Alta Calidad.","","https://partequipos.com/repuestos-maquinaria-pesada-colombia/categoria-repuestos-para-maquinaria-pesada/componentes-mayores-para-maquinaria-pesada/","3","repuestos","categoria"
"https://partequipos.com/repuestos-maquinaria-pesada-colombia/categoria-repuestos-para-maquinaria-pesada/componentes-para-motores-diesel/","200","Componentes de Motores Diesel - Partequipos","Somos tu proveedor confiable de Componentes de Motores Diesel para una amplia variedad de maquinaria pesada en Colombia.","","https://partequipos.com/repuestos-maquinaria-pesada-colombia/categoria-repuestos-para-maquinaria-pesada/componentes-para-motores-diesel/","3","repuestos","categoria"
"https://partequipos.com/repuestos-maquinaria-pesada-colombia/categoria-repuestos-para-maquinaria-pesada/elementos-de-ajuste/","200","Elementos de Ajuste - Partequipos","Somos tu proveedor confiable de elementos de Ajuste para una amplia variedad de maquinaria pesada en Colombia.","","https://partequipos.com/repuestos-maquinaria-pesada-colombia/categoria-repuestos-para-maquinaria-pesada/elementos-de-ajuste/","3","repuestos","categoria"
"https://partequipos.com/repuestos-maquinaria-pesada-colombia/categoria-repuestos-para-maquinaria-pesada/empaquetaduras/","200","Empaquetaduras - Partequipos","Somos tu proveedor confiable de Empaquetaduras para una variedad de maquinaria pesada en Colombia, incluyendo excavadoras, retrocargadores...","","https://partequipos.com/repuestos-maquinaria-pesada-colombia/categoria-repuestos-para-maquinaria-pesada/empaquetaduras/","3","repuestos","categoria"
"https://partequipos.com/repuestos-maquinaria-pesada-colombia/categoria-repuestos-para-maquinaria-pesada/filtracion-para-maquinaria-pesada/","200","Filtración para maquinaria pesada - Partequipos","Optimiza el rendimiento y prolonga la vida útil de tu maquinaria pesada con nuestros filtros de alta calidad.","","https://partequipos.com/repuestos-maquinaria-pesada-colombia/categoria-repuestos-para-maquinaria-pesada/filtracion-para-maquinaria-pesada/","3","repuestos","categoria"
"https://partequipos.com/repuestos-maquinaria-pesada-colombia/categoria-repuestos-para-maquinaria-pesada/filtracion-para-maquinaria-pesada/filtros-donaldson-maquinaria-pesada/","200","Filtros Donaldson - Partequipos","Explora nuestra amplia selección de Filtros Donaldson en nuestra tienda PARTEQUIPOS. somos tu mejor opción para tu maquinaria pesada.","","https://partequipos.com/repuestos-maquinaria-pesada-colombia/categoria-repuestos-para-maquinaria-pesada/filtracion-para-maquinaria-pesada/filtros-donaldson-maquinaria-pesada/","4","repuestos","categoria"
"https://partequipos.com/repuestos-maquinaria-pesada-colombia/categoria-repuestos-para-maquinaria-pesada/filtros-maquinaria-pesada/","200","Filtros para Maquinaria Pesada - Partequipos","Optimiza el rendimiento y prolonga la vida útil de tu maquinaria pesada con nuestros filtros de alta calidad.","¿Listo para proteger tu maquinaria con filtros de calidad?","https://partequipos.com/repuestos-maquinaria-pesada-colombia/categoria-repuestos-para-maquinaria-pesada/filtros-maquinaria-pesada/","3","repuestos","categoria"
"https://partequipos.com/repuestos-maquinaria-pesada-colombia/categoria-repuestos-para-maquinaria-pesada/filtros-maquinaria-pesada/filtros-fleetguard/","200","Filtros Fleetguard - Partequipos","Explora nuestra amplia selección de Filtros Fleetguard en nuestra tienda PARTEQUIPOS. somos tu mejor opcion para maquinaria pesada","","https://partequipos.com/repuestos-maquinaria-pesada-colombia/categoria-repuestos-para-maquinaria-pesada/filtros-maquinaria-pesada/filtros-fleetguard/","4","repuestos","categoria"
"https://partequipos.com/repuestos-maquinaria-pesada-colombia/categoria-repuestos-para-maquinaria-pesada/herramienta-de-corte-gets-para-maquinaria-pesada/","200","Herramienta de Corte para Maquinaria Pesada - Partequipos","Descubre nuestra amplia gama de herramientas de corte para maquinaria pesada, diseñadas para ofrecer precisión y durabilidad en cada proyecto","","https://partequipos.com/repuestos-maquinaria-pesada-colombia/categoria-repuestos-para-maquinaria-pesada/herramienta-de-corte-gets-para-maquinaria-pesada/","3","repuestos","categoria"
"https://partequipos.com/repuestos-maquinaria-pesada-colombia/categoria-repuestos-para-maquinaria-pesada/herramientas-de-corte/","200","Herramientas de Corte - Partequipos","Somos tu proveedor confiable de Herramientas de Corte para una amplia variedad de maquinaria pesada en Colombia.","","https://partequipos.com/repuestos-maquinaria-pesada-colombia/categoria-repuestos-para-maquinaria-pesada/herramientas-de-corte/","3","repuestos","categoria"
"https://partequipos.com/repuestos-maquinaria-pesada-colombia/categoria-repuestos-para-maquinaria-pesada/llantas-y-rines-para-maquinaria-pesada/","200","Llantas y Rines para Maquinaria Pesada- Partequipos","Optimiza el rendimiento y prolonga la vida útil de tu maquinaria pesada con Llantas y Rines para Maquinaria Pesada de alta calidad.","","https://partequipos.com/repuestos-maquinaria-pesada-colombia/categoria-repuestos-para-maquinaria-pesada/llantas-y-rines-para-maquinaria-pesada/","3","repuestos","categoria"
"https://partequipos.com/repuestos-maquinaria-pesada-colombia/categoria-repuestos-para-maquinaria-pesada/llantas/","200","Llantas - Partequipos","Optimiza el rendimiento y la seguridad de tu maquinaria pesada con nuestras Llantas OTR diseñadas para resistir las condiciones más exigentes","Llantas OTR GRIPMASTER","https://partequipos.com/repuestos-maquinaria-pesada-colombia/categoria-repuestos-para-maquinaria-pesada/llantas/","3","repuestos","categoria"
"https://partequipos.com/repuestos-maquinaria-pesada-colombia/categoria-repuestos-para-maquinaria-pesada/llantas/llantas-otr/","200","Llantas OTR - Partequipos","En colaboración con Partequipos y Gripmaster, se enorgullece de ofrecerte la mejor selección de llantas para satisfacer todas tus necesidades","Llantas OTR GRIPMASTER","https://partequipos.com/repuestos-maquinaria-pesada-colombia/categoria-repuestos-para-maquinaria-pesada/llantas/llantas-otr/","4","repuestos","categoria"
"https://partequipos.com/repuestos-maquinaria-pesada-colombia/categoria-repuestos-para-maquinaria-pesada/lubricantes-para-maquinaria-pesada/","200","Lubricantes para Maquinaria Pesada - Partequipos","Descubre nuestros lubricantes para maquinaria pesada, diseñados para maximizar el rendimiento y la durabilidad de tus equipos","","https://partequipos.com/repuestos-maquinaria-pesada-colombia/categoria-repuestos-para-maquinaria-pesada/lubricantes-para-maquinaria-pesada/","3","repuestos","categoria"
"https://partequipos.com/repuestos-maquinaria-pesada-colombia/categoria-repuestos-para-maquinaria-pesada/mangueras-para-maquinaria-pesada/","200","Mangueras para Maquinaria Pesada - Partequipos","Optimiza el rendimiento y prolonga la vida útil de tu maquinaria pesada con nuestros Mangueras de alta calidad","","https://partequipos.com/repuestos-maquinaria-pesada-colombia/categoria-repuestos-para-maquinaria-pesada/mangueras-para-maquinaria-pesada/","3","repuestos","categoria"
"https://partequipos.com/repuestos-maquinaria-pesada-colombia/categoria-repuestos-para-maquinaria-pesada/miscelaneos-para-maquinaria-pesada/","200","Misceláneos para Maquinaria Pesada - Partequipos","Optimiza el rendimiento y prolonga la vida útil de tu maquinaria pesada con nuestros Misceláneos de Alta Calidad","","https://partequipos.com/repuestos-maquinaria-pesada-colombia/categoria-repuestos-para-maquinaria-pesada/miscelaneos-para-maquinaria-pesada/","3","repuestos","categoria"
"https://partequipos.com/repuestos-maquinaria-pesada-colombia/categoria-repuestos-para-maquinaria-pesada/motor-diesel-para-maquinaria-pesada/","200","Filtros para Maquinaria Pesada - Partequipos","Optimiza el rendimiento y prolonga la vida útil de tu maquinaria pesada con nuestros filtros de alta calidad.","","https://partequipos.com/repuestos-maquinaria-pesada-colombia/categoria-repuestos-para-maquinaria-pesada/motor-diesel-para-maquinaria-pesada/","3","repuestos","categoria"
"https://partequipos.com/repuestos-maquinaria-pesada-colombia/categoria-repuestos-para-maquinaria-pesada/motores-diesel-completos/","200","Motores Diesel Completos - Partequipos","Somos tu proveedor confiable de Motores Diesel Completos para una amplia variedad de maquinaria pesada en Colombia.","","https://partequipos.com/repuestos-maquinaria-pesada-colombia/categoria-repuestos-para-maquinaria-pesada/motores-diesel-completos/","3","repuestos","categoria"
"https://partequipos.com/repuestos-maquinaria-pesada-colombia/categoria-repuestos-para-maquinaria-pesada/productos/","200","Productos Respuestos - Partequipos","Explora nuestra amplia selección de repuestos en nuestra tienda PARTEQUIPOS. Somos tu mejor opcion en repuestos de maquinaria pesasda.","REPUESTOS","https://partequipos.com/repuestos-maquinaria-pesada-colombia/categoria-repuestos-para-maquinaria-pesada/productos/","3","repuestos","categoria"
"https://partequipos.com/repuestos-maquinaria-pesada-colombia/categoria-repuestos-para-maquinaria-pesada/servicio-tecnico-para-maquinaria-pesada/","200","Servicio Técnico para Maquinaria Pesada- Partequipos","Optimiza el rendimiento y prolonga la vida útil de tu maquinaria pesada con nuestros Servicio Técnico de alta calidad","","https://partequipos.com/repuestos-maquinaria-pesada-colombia/categoria-repuestos-para-maquinaria-pesada/servicio-tecnico-para-maquinaria-pesada/","3","repuestos","categoria"
"https://partequipos.com/repuestos-maquinaria-pesada-colombia/categoria-repuestos-para-maquinaria-pesada/transmision-para-maquinaria-pesada/","200","Transmisión para Maquinaria Pesada - Partequipos","Optimiza el rendimiento y prolonga la vida útil de tu maquinaria pesada con nuestros Transmisión de alta Calidad","","https://partequipos.com/repuestos-maquinaria-pesada-colombia/categoria-repuestos-para-maquinaria-pesada/transmision-para-maquinaria-pesada/","3","repuestos","categoria"
"https://partequipos.com/repuestos-maquinaria-pesada-colombia/categoria-repuestos-para-maquinaria-pesada/tren-de-rodaje-para-maquinaria-pesada/","200","Tren de Rodaje para Maquinaria Pesada- Partequipos","Descubre la calidad y durabilidad de nuestro Tren de Rodaje para maquinaria pesada. Diseñado para optimizar el rendimiento de tus equipos","","https://partequipos.com/repuestos-maquinaria-pesada-colombia/categoria-repuestos-para-maquinaria-pesada/tren-de-rodaje-para-maquinaria-pesada/","3","repuestos","categoria"
"https://partequipos.com/repuestos-maquinaria-pesada-colombia/categoria-repuestos-para-maquinaria-pesada/tren-de-rodaje/","200","Tren de Rodaje - Partequipos","Nuestro tren de rodaje CF es la elección número uno para aquellos que buscan durabilidad, rendimiento óptimo y eficiencia en sus operaciones.","","https://partequipos.com/repuestos-maquinaria-pesada-colombia/categoria-repuestos-para-maquinaria-pesada/tren-de-rodaje/","3","repuestos","categoria"
"https://partequipos.com/repuestos-maquinaria-pesada-colombia/categoria-repuestos-para-maquinaria-pesada/tren-de-rodaje/tren-de-rodaje-cf/","200","Tren de Rodaje CF - Partequipos","Nuestro tren de rodaje CF es la elección número uno para aquellos que buscan durabilidad, rendimiento óptimo y eficiencia en sus operaciones.","","https://partequipos.com/repuestos-maquinaria-pesada-colombia/categoria-repuestos-para-maquinaria-pesada/tren-de-rodaje/tren-de-rodaje-cf/","4","repuestos","categoria"
"https://partequipos.com/repuestos-maquinaria-pesada-colombia/categoria-repuestos-para-maquinaria-pesada/tren-de-rodaje/tren-de-rodaje-itr/","200","Tren de Rodaje ITR - Partequipos","Nos especializamos en la distribución de tren de rodaje de la reconocida marca ITR para marcas líderes como Case Construction, Caterpillar, Yanmar, Bobcat, Liugong, Link Belt, Doosan, Hitachi, Komatsu, Kobelco, Hyundai, Volvo, John Deere y muchas más.","","https://partequipos.com/repuestos-maquinaria-pesada-colombia/categoria-repuestos-para-maquinaria-pesada/tren-de-rodaje/tren-de-rodaje-itr/","4","repuestos","categoria"
"https://partequipos.com/repuestos-maquinaria-pesada-colombia/repuestos-maquinaria-pesada-marcas/","200","Repuestos para maquinaria pesada marcas","Descubre una amplia selección de Repuestos para maquinaria pesada de diversas marcas en nuestra tienda PARTEQUIPOS","REPUESTOS Maquinaria pesada","https://partequipos.com/repuestos-maquinaria-pesada-colombia/repuestos-maquinaria-pesada-marcas/","2","repuestos","institucional"
"https://partequipos.com/repuestos-maquinaria-pesada-colombia/repuestos-maquinaria-pesada-marcas/pes-parts-equipment-solutions/","200","Filtros Donaldson - Partequipos","Explora nuestra amplia selección de Filtros Donaldson en nuestra tienda PARTEQUIPOS. somos tu mejor opción para tu maquinaria pesada.","","https://partequipos.com/repuestos-maquinaria-pesada-colombia/repuestos-maquinaria-pesada-marcas/pes-parts-equipment-solutions/","3","repuestos","marca"
"https://partequipos.com/repuestos-maquinaria-pesada-colombia/repuestos-maquinaria-pesada-marcas/repuestos-para-maquinaria-pesada-ammann/","200","Repuestos para maquinaria pesada AMMANN","Explora nuestra amplia selección de Repuestos para maquinaria pesada AMMANN en nuestra tienda PARTEQUIPOS.","REPUESTOS AMMANN","https://partequipos.com/repuestos-maquinaria-pesada-colombia/repuestos-maquinaria-pesada-marcas/repuestos-para-maquinaria-pesada-ammann/","3","repuestos","marca"
"https://partequipos.com/repuestos-maquinaria-pesada-colombia/repuestos-maquinaria-pesada-marcas/repuestos-para-maquinaria-pesada-ammann/repuestos-para-maquinaria-pesada-vibrocompactadora-ammann/","200","Repuestos para Vibrocompactador AMMANN","xplora nuestra amplia selección de Repuestos para Vibrocompactador AMMANNE en nuestra tienda PARTEQUIPOS. somos tu mejor opción.","REPUESTOS Hitachi","https://partequipos.com/repuestos-maquinaria-pesada-colombia/repuestos-maquinaria-pesada-marcas/repuestos-para-maquinaria-pesada-ammann/repuestos-para-maquinaria-pesada-vibrocompactadora-ammann/","4","repuestos","tipo"
"https://partequipos.com/repuestos-maquinaria-pesada-colombia/repuestos-maquinaria-pesada-marcas/repuestos-para-maquinaria-pesada-bobcat/","200","Repuestos para maquinaria pesada BOBCAT- Partequipos","Explora nuestra amplia selección de Repuestos para maquinaria pesada BOBCAT en nuestra tienda PARTEQUIPOS.","","https://partequipos.com/repuestos-maquinaria-pesada-colombia/repuestos-maquinaria-pesada-marcas/repuestos-para-maquinaria-pesada-bobcat/","3","repuestos","marca"
"https://partequipos.com/repuestos-maquinaria-pesada-colombia/repuestos-maquinaria-pesada-marcas/repuestos-para-maquinaria-pesada-bobcat/repuestos-para-maquinaria-pesada-miniexcavadora-bobcat/","200","Repuestos para Miniexcavadora BOBCAT - Partequipos","Explora nuestra amplia selección de Respuestos para maquinaria Miniexcavadora BOBCAT en nuestra tienda PARTEQUIPOS.","","https://partequipos.com/repuestos-maquinaria-pesada-colombia/repuestos-maquinaria-pesada-marcas/repuestos-para-maquinaria-pesada-bobcat/repuestos-para-maquinaria-pesada-miniexcavadora-bobcat/","4","repuestos","tipo"
"https://partequipos.com/repuestos-maquinaria-pesada-colombia/repuestos-maquinaria-pesada-marcas/repuestos-para-maquinaria-pesada-bobcat/repuestos-para-maquinaria-pesada-miniexcavadora-bobcat/repuestos-minicargador-bobcat-331/","200","Repuestos para Miniexcavador BOBCAT 331","Explora nuestra amplia selección de Repuestos para Miniexcavador BOBCAT 331 en nuestra tienda PARTEQUIPOS.","","https://partequipos.com/repuestos-maquinaria-pesada-colombia/repuestos-maquinaria-pesada-marcas/repuestos-para-maquinaria-pesada-bobcat/repuestos-para-maquinaria-pesada-miniexcavadora-bobcat/repuestos-minicargador-bobcat-331/","5","repuestos","modelo"
"https://partequipos.com/repuestos-maquinaria-pesada-colombia/repuestos-maquinaria-pesada-marcas/repuestos-para-maquinaria-pesada-bobcat/repuestos-para-maquinaria-pesada-miniexcavadora-bobcat/repuestos-minicargador-bobcat-418/","200","Repuestos para Miniexcavador BOBCAT 418","Explora nuestra amplia selección de Repuestos para Miniexcavador BOBCAT 418 en nuestra tienda PARTEQUIPOS.","","https://partequipos.com/repuestos-maquinaria-pesada-colombia/repuestos-maquinaria-pesada-marcas/repuestos-para-maquinaria-pesada-bobcat/repuestos-para-maquinaria-pesada-miniexcavadora-bobcat/repuestos-minicargador-bobcat-418/","5","repuestos","modelo"
"https://partequipos.com/repuestos-maquinaria-pesada-colombia/repuestos-maquinaria-pesada-marcas/repuestos-para-maquinaria-pesada-bobcat/repuestos-para-maquinaria-pesada-miniexcavadora-bobcat/repuestos-minicargador-bobcat-e32/","200","Repuestos para Miniexcavador BOBCAT E32","Explora nuestra amplia selección de Repuestos para Miniexcavador BOBCAT E32 en nuestra tienda PARTEQUIPOS.","","https://partequipos.com/repuestos-maquinaria-pesada-colombia/repuestos-maquinaria-pesada-marcas/repuestos-para-maquinaria-pesada-bobcat/repuestos-para-maquinaria-pesada-miniexcavadora-bobcat/repuestos-minicargador-bobcat-e32/","5","repuestos","modelo"
"https://partequipos.com/repuestos-maquinaria-pesada-colombia/repuestos-maquinaria-pesada-marcas/repuestos-para-maquinaria-pesada-bobcat/repuestos-para-maquinaria-pesada-miniexcavadora-bobcat/repuestos-minicargador-bobcat-e42/","200","Repuestos para Miniexcavador BOBCAT E42","Explora nuestra amplia selección de Repuestos para Miniexcavador BOBCAT E42 en nuestra tienda PARTEQUIPOS.","","https://partequipos.com/repuestos-maquinaria-pesada-colombia/repuestos-maquinaria-pesada-marcas/repuestos-para-maquinaria-pesada-bobcat/repuestos-para-maquinaria-pesada-miniexcavadora-bobcat/repuestos-minicargador-bobcat-e42/","5","repuestos","modelo"
"https://partequipos.com/repuestos-maquinaria-pesada-colombia/repuestos-maquinaria-pesada-marcas/repuestos-para-maquinaria-pesada-bobcat/repuestos-para-maquinaria-pesada-miniexcavadora-bobcat/repuestos-minicargador-bobcat-e45/","200","Repuestos para Miniexcavador BOBCAT E45","Explora nuestra amplia selección de Repuestos para Miniexcavador BOBCAT E45 en nuestra tienda PARTEQUIPOS.","","https://partequipos.com/repuestos-maquinaria-pesada-colombia/repuestos-maquinaria-pesada-marcas/repuestos-para-maquinaria-pesada-bobcat/repuestos-para-maquinaria-pesada-miniexcavadora-bobcat/repuestos-minicargador-bobcat-e45/","5","repuestos","modelo"
"https://partequipos.com/repuestos-maquinaria-pesada-colombia/repuestos-maquinaria-pesada-marcas/repuestos-para-maquinaria-pesada-bobcat/repuestos-para-maquinaria-pesada-miniexcavadora-bobcat/repuestos-miniexcavadora-bobcat-430/","200","Repuestos para Miniexcavador BOBCAT 430","Explora nuestra amplia selección de Repuestos para Miniexcavador BOBCAT 430 en nuestra tienda PARTEQUIPOS.","","https://partequipos.com/repuestos-maquinaria-pesada-colombia/repuestos-maquinaria-pesada-marcas/repuestos-para-maquinaria-pesada-bobcat/repuestos-para-maquinaria-pesada-miniexcavadora-bobcat/repuestos-miniexcavadora-bobcat-430/","5","repuestos","modelo"
"https://partequipos.com/repuestos-maquinaria-pesada-colombia/repuestos-maquinaria-pesada-marcas/repuestos-para-maquinaria-pesada-case-construction/","200","Repuestos maquinaria pesada CASE - Partequipos","Explora nuestra amplia selección de Repuestos para maquinaria pesada CASE CONSTRUCTION en nuestra tienda PARTEQUIPOS.","","https://partequipos.com/repuestos-maquinaria-pesada-colombia/repuestos-maquinaria-pesada-marcas/repuestos-para-maquinaria-pesada-case-construction/","3","repuestos","marca"
"https://partequipos.com/repuestos-maquinaria-pesada-colombia/repuestos-maquinaria-pesada-marcas/repuestos-para-maquinaria-pesada-case-construction/repuestos-para-maquinaria-pesada-bulldozer-case-construction/","200","Repuestos para Bulldozer CASE - Partequipos","Explora nuestra amplia selección de Repuestos para Bulldozer CASE CONSTRUCTION en nuestra tienda PARTEQUIPOS.","","https://partequipos.com/repuestos-maquinaria-pesada-colombia/repuestos-maquinaria-pesada-marcas/repuestos-para-maquinaria-pesada-case-construction/repuestos-para-maquinaria-pesada-bulldozer-case-construction/","4","repuestos","tipo"
"https://partequipos.com/repuestos-maquinaria-pesada-colombia/repuestos-maquinaria-pesada-marcas/repuestos-para-maquinaria-pesada-case-construction/repuestos-para-maquinaria-pesada-bulldozer-case-construction/repuestos-bulldozer-case-construction-1150k/","200","Repuestos para Bulldozer CASE CONSTRUCTION 1150K","Explora nuestra amplia selección de Repuestos para Bulldozer CASE CONSTRUCTION 1150K en nuestra tienda PARTEQUIPOS.","","https://partequipos.com/repuestos-maquinaria-pesada-colombia/repuestos-maquinaria-pesada-marcas/repuestos-para-maquinaria-pesada-case-construction/repuestos-para-maquinaria-pesada-bulldozer-case-construction/repuestos-bulldozer-case-construction-1150k/","5","repuestos","modelo"
"https://partequipos.com/repuestos-maquinaria-pesada-colombia/repuestos-maquinaria-pesada-marcas/repuestos-para-maquinaria-pesada-case-construction/repuestos-para-maquinaria-pesada-bulldozer-case-construction/repuestos-bulldozer-case-construction-1150m/","200","Repuestos para Bulldozer CASE CONSTRUCTION 1150M","Explora nuestra amplia selección de Repuestos para Bulldozer CASE CONSTRUCTION 1150M en nuestra tienda PARTEQUIPOS.","","https://partequipos.com/repuestos-maquinaria-pesada-colombia/repuestos-maquinaria-pesada-marcas/repuestos-para-maquinaria-pesada-case-construction/repuestos-para-maquinaria-pesada-bulldozer-case-construction/repuestos-bulldozer-case-construction-1150m/","5","repuestos","modelo"
"https://partequipos.com/repuestos-maquinaria-pesada-colombia/repuestos-maquinaria-pesada-marcas/repuestos-para-maquinaria-pesada-case-construction/repuestos-para-maquinaria-pesada-bulldozer-case-construction/repuestos-bulldozer-case-construction-1650m/","200","Repuestos para Bulldozer CASE CONSTRUCTION 1650M","Explora nuestra amplia selección de Repuestos para Bulldozer CASE CONSTRUCTION 1650M en nuestra tienda PARTEQUIPOS.","","https://partequipos.com/repuestos-maquinaria-pesada-colombia/repuestos-maquinaria-pesada-marcas/repuestos-para-maquinaria-pesada-case-construction/repuestos-para-maquinaria-pesada-bulldozer-case-construction/repuestos-bulldozer-case-construction-1650m/","5","repuestos","modelo"
"https://partequipos.com/repuestos-maquinaria-pesada-colombia/repuestos-maquinaria-pesada-marcas/repuestos-para-maquinaria-pesada-case-construction/repuestos-para-maquinaria-pesada-bulldozer-case-construction/repuestos-bulldozer-case-construction-2050m/","200","Repuestos para Bulldozer CASE CONSTRUCTION 2050M","Explora nuestra amplia selección de Repuestos para Bulldozer CASE CONSTRUCTION 2050M en nuestra tienda PARTEQUIPOS.","","https://partequipos.com/repuestos-maquinaria-pesada-colombia/repuestos-maquinaria-pesada-marcas/repuestos-para-maquinaria-pesada-case-construction/repuestos-para-maquinaria-pesada-bulldozer-case-construction/repuestos-bulldozer-case-construction-2050m/","5","repuestos","modelo"
"https://partequipos.com/repuestos-maquinaria-pesada-colombia/repuestos-maquinaria-pesada-marcas/repuestos-para-maquinaria-pesada-case-construction/repuestos-para-maquinaria-pesada-bulldozer-case-construction/repuestos-bulldozer-case-construction-650l/","200","Repuestos para Bulldozer CASE CONSTRUCTION 650L","Explora nuestra amplia selección de Repuestos para Bulldozer CASE CONSTRUCTION 650L en nuestra tienda PARTEQUIPOS.","","https://partequipos.com/repuestos-maquinaria-pesada-colombia/repuestos-maquinaria-pesada-marcas/repuestos-para-maquinaria-pesada-case-construction/repuestos-para-maquinaria-pesada-bulldozer-case-construction/repuestos-bulldozer-case-construction-650l/","5","repuestos","modelo"
"https://partequipos.com/repuestos-maquinaria-pesada-colombia/repuestos-maquinaria-pesada-marcas/repuestos-para-maquinaria-pesada-case-construction/repuestos-para-maquinaria-pesada-cargador-frontal-case-construction/","200","Repuestos para Cargador Frontal CASE - Partequipos","Explora nuestra amplia selección de Repuestos para Cargador Frontal CASE CONSTRUCTION en nuestra tienda PARTEQUIPOS.","","https://partequipos.com/repuestos-maquinaria-pesada-colombia/repuestos-maquinaria-pesada-marcas/repuestos-para-maquinaria-pesada-case-construction/repuestos-para-maquinaria-pesada-cargador-frontal-case-construction/","4","repuestos","tipo"
"https://partequipos.com/repuestos-maquinaria-pesada-colombia/repuestos-maquinaria-pesada-marcas/repuestos-para-maquinaria-pesada-case-construction/repuestos-para-maquinaria-pesada-cargador-frontal-case-construction/repuestos-bulldozer-case-construction-650l-copy/","200","Repuestos para Bulldozer CASE CONSTRUCTION 650L","Explora nuestra amplia selección de Repuestos para Bulldozer CASE CONSTRUCTION 650L en nuestra tienda PARTEQUIPOS.","","https://partequipos.com/repuestos-maquinaria-pesada-colombia/repuestos-maquinaria-pesada-marcas/repuestos-para-maquinaria-pesada-case-construction/repuestos-para-maquinaria-pesada-cargador-frontal-case-construction/repuestos-bulldozer-case-construction-650l-copy/","5","repuestos","modelo"
"https://partequipos.com/repuestos-maquinaria-pesada-colombia/repuestos-maquinaria-pesada-marcas/repuestos-para-maquinaria-pesada-case-construction/repuestos-para-maquinaria-pesada-cargador-frontal-case-construction/repuestos-cargador-frontal-case-construction-621e/","200","Repuestos para Cargador Frontal CASE CONSTRUCTION 621E","Explora nuestra amplia selección de Repuestos para Cargador Frontal CASE CONSTRUCTION 621E en nuestra tienda PARTEQUIPOS.","","https://partequipos.com/repuestos-maquinaria-pesada-colombia/repuestos-maquinaria-pesada-marcas/repuestos-para-maquinaria-pesada-case-construction/repuestos-para-maquinaria-pesada-cargador-frontal-case-construction/repuestos-cargador-frontal-case-construction-621e/","5","repuestos","modelo"
"https://partequipos.com/repuestos-maquinaria-pesada-colombia/repuestos-maquinaria-pesada-marcas/repuestos-para-maquinaria-pesada-case-construction/repuestos-para-maquinaria-pesada-cargador-frontal-case-construction/repuestos-cargador-frontal-case-construction-621f/","200","Repuestos para Cargador Frontal CASE CONSTRUCTION 621F","Explora nuestra amplia selección de Repuestos para Cargador Frontal CASE CONSTRUCTION 621F en nuestra tienda PARTEQUIPOS.","","https://partequipos.com/repuestos-maquinaria-pesada-colombia/repuestos-maquinaria-pesada-marcas/repuestos-para-maquinaria-pesada-case-construction/repuestos-para-maquinaria-pesada-cargador-frontal-case-construction/repuestos-cargador-frontal-case-construction-621f/","5","repuestos","modelo"
"https://partequipos.com/repuestos-maquinaria-pesada-colombia/repuestos-maquinaria-pesada-marcas/repuestos-para-maquinaria-pesada-case-construction/repuestos-para-maquinaria-pesada-cargador-frontal-case-construction/repuestos-cargador-frontal-case-construction-621g/","200","Repuestos para Cargador Frontal CASE CONSTRUCTION 621G","Explora nuestra amplia selección de Repuestos para Cargador Frontal CASE CONSTRUCTION 621G en nuestra tienda PARTEQUIPOS.","","https://partequipos.com/repuestos-maquinaria-pesada-colombia/repuestos-maquinaria-pesada-marcas/repuestos-para-maquinaria-pesada-case-construction/repuestos-para-maquinaria-pesada-cargador-frontal-case-construction/repuestos-cargador-frontal-case-construction-621g/","5","repuestos","modelo"
"https://partequipos.com/repuestos-maquinaria-pesada-colombia/repuestos-maquinaria-pesada-marcas/repuestos-para-maquinaria-pesada-case-construction/repuestos-para-maquinaria-pesada-cargador-frontal-case-construction/repuestos-cargador-frontal-case-construction-721e/","200","Repuestos para Cargador Frontal CASE CONSTRUCTION 721E","Explora nuestra amplia selección de Repuestos para Cargador Frontal CASE CONSTRUCTION 721E en nuestra tienda PARTEQUIPOS.","","https://partequipos.com/repuestos-maquinaria-pesada-colombia/repuestos-maquinaria-pesada-marcas/repuestos-para-maquinaria-pesada-case-construction/repuestos-para-maquinaria-pesada-cargador-frontal-case-construction/repuestos-cargador-frontal-case-construction-721e/","5","repuestos","modelo"
"https://partequipos.com/repuestos-maquinaria-pesada-colombia/repuestos-maquinaria-pesada-marcas/repuestos-para-maquinaria-pesada-case-construction/repuestos-para-maquinaria-pesada-cargador-frontal-case-construction/repuestos-cargador-frontal-case-construction-721f/","200","Repuestos para Cargador Frontal CASE CONSTRUCTION 721F","Explora nuestra amplia selección de Repuestos para Cargador Frontal CASE CONSTRUCTION 721F en nuestra tienda PARTEQUIPOS.","","https://partequipos.com/repuestos-maquinaria-pesada-colombia/repuestos-maquinaria-pesada-marcas/repuestos-para-maquinaria-pesada-case-construction/repuestos-para-maquinaria-pesada-cargador-frontal-case-construction/repuestos-cargador-frontal-case-construction-721f/","5","repuestos","modelo"
"https://partequipos.com/repuestos-maquinaria-pesada-colombia/repuestos-maquinaria-pesada-marcas/repuestos-para-maquinaria-pesada-case-construction/repuestos-para-maquinaria-pesada-cargador-frontal-case-construction/repuestos-cargador-frontal-case-construction-721g/","200","Repuestos para Cargador Frontal CASE CONSTRUCTION 721G","Explora nuestra amplia selección de Repuestos para Cargador Frontal CASE CONSTRUCTION 721G en nuestra tienda PARTEQUIPOS.","","https://partequipos.com/repuestos-maquinaria-pesada-colombia/repuestos-maquinaria-pesada-marcas/repuestos-para-maquinaria-pesada-case-construction/repuestos-para-maquinaria-pesada-cargador-frontal-case-construction/repuestos-cargador-frontal-case-construction-721g/","5","repuestos","modelo"
"https://partequipos.com/repuestos-maquinaria-pesada-colombia/repuestos-maquinaria-pesada-marcas/repuestos-para-maquinaria-pesada-case-construction/repuestos-para-maquinaria-pesada-cargador-frontal-case-construction/repuestos-cargador-frontal-case-construction-821e/","200","Repuestos para Cargador Frontal CASE CONSTRUCTION 821E","Explora nuestra amplia selección de Repuestos para Cargador Frontal CASE CONSTRUCTION 821E en nuestra tienda PARTEQUIPOS.","","https://partequipos.com/repuestos-maquinaria-pesada-colombia/repuestos-maquinaria-pesada-marcas/repuestos-para-maquinaria-pesada-case-construction/repuestos-para-maquinaria-pesada-cargador-frontal-case-construction/repuestos-cargador-frontal-case-construction-821e/","5","repuestos","modelo"
"https://partequipos.com/repuestos-maquinaria-pesada-colombia/repuestos-maquinaria-pesada-marcas/repuestos-para-maquinaria-pesada-case-construction/repuestos-para-maquinaria-pesada-cargador-frontal-case-construction/repuestos-cargador-frontal-case-construction-821f/","200","Repuestos para Cargador Frontal CASE CONSTRUCTION 821F","Explora nuestra amplia selección de Repuestos para Cargador Frontal CASE CONSTRUCTION 821F en nuestra tienda PARTEQUIPOS.","","https://partequipos.com/repuestos-maquinaria-pesada-colombia/repuestos-maquinaria-pesada-marcas/repuestos-para-maquinaria-pesada-case-construction/repuestos-para-maquinaria-pesada-cargador-frontal-case-construction/repuestos-cargador-frontal-case-construction-821f/","5","repuestos","modelo"
"https://partequipos.com/repuestos-maquinaria-pesada-colombia/repuestos-maquinaria-pesada-marcas/repuestos-para-maquinaria-pesada-case-construction/repuestos-para-maquinaria-pesada-cargador-frontal-case-construction/repuestos-cargador-frontal-case-construction-821g/","200","Repuestos para Cargador Frontal CASE CONSTRUCTION 821G","Explora nuestra amplia selección de Repuestos para Cargador Frontal CASE CONSTRUCTION 821G en nuestra tienda PARTEQUIPOS.","","https://partequipos.com/repuestos-maquinaria-pesada-colombia/repuestos-maquinaria-pesada-marcas/repuestos-para-maquinaria-pesada-case-construction/repuestos-para-maquinaria-pesada-cargador-frontal-case-construction/repuestos-cargador-frontal-case-construction-821g/","5","repuestos","modelo"
"https://partequipos.com/repuestos-maquinaria-pesada-colombia/repuestos-maquinaria-pesada-marcas/repuestos-para-maquinaria-pesada-case-construction/repuestos-para-maquinaria-pesada-cargador-frontal-case-construction/repuestos-cargador-frontal-case-construction-w20e/","200","Repuestos para Cargador Frontal CASE CONSTRUCTION W20E","Explora nuestra amplia selección de Repuestos para Cargador Frontal CASE CONSTRUCTION W20E en nuestra tienda PARTEQUIPOS.","","https://partequipos.com/repuestos-maquinaria-pesada-colombia/repuestos-maquinaria-pesada-marcas/repuestos-para-maquinaria-pesada-case-construction/repuestos-para-maquinaria-pesada-cargador-frontal-case-construction/repuestos-cargador-frontal-case-construction-w20e/","5","repuestos","modelo"
"https://partequipos.com/repuestos-maquinaria-pesada-colombia/repuestos-maquinaria-pesada-marcas/repuestos-para-maquinaria-pesada-case-construction/repuestos-para-maquinaria-pesada-cargador-frontal-case-construction/repuestos-para-maquinaria-pesada-excavadora-case-construction/","200","Repuestos para Excavadora CASE CONSTRUCTION - Partequipos","Explora nuestra amplia selección de Repuestos para Excavadora CASE CONSTRUCTION en nuestra tienda PARTEQUIPOS.","","https://partequipos.com/repuestos-maquinaria-pesada-colombia/repuestos-maquinaria-pesada-marcas/repuestos-para-maquinaria-pesada-case-construction/repuestos-para-maquinaria-pesada-cargador-frontal-case-construction/repuestos-para-maquinaria-pesada-excavadora-case-construction/","5","repuestos","modelo"
"https://partequipos.com/repuestos-maquinaria-pesada-colombia/repuestos-maquinaria-pesada-marcas/repuestos-para-maquinaria-pesada-case-construction/repuestos-para-maquinaria-pesada-cargador-frontal-case-construction/repuestos-para-maquinaria-pesada-excavadora-case-construction/repuestos-excavadora-case-construction-cx210b/","200","Repuestos para Excavadora CASE CONSTRUCTION CX210B","Explora nuestra amplia selección de Repuestos para Excavadora CASE CONSTRUCTION CX210B en nuestra tienda PARTEQUIPOS.","","https://partequipos.com/repuestos-maquinaria-pesada-colombia/repuestos-maquinaria-pesada-marcas/repuestos-para-maquinaria-pesada-case-construction/repuestos-para-maquinaria-pesada-cargador-frontal-case-construction/repuestos-para-maquinaria-pesada-excavadora-case-construction/repuestos-excavadora-case-construction-cx210b/","6","repuestos","modelo"
"https://partequipos.com/repuestos-maquinaria-pesada-colombia/repuestos-maquinaria-pesada-marcas/repuestos-para-maquinaria-pesada-case-construction/repuestos-para-maquinaria-pesada-cargador-frontal-case-construction/repuestos-para-maquinaria-pesada-excavadora-case-construction/repuestos-excavadora-case-construction-cx220c/","200","Repuestos para Excavadora CASE CONSTRUCTION CX220C","Explora nuestra amplia selección de Repuestos para Excavadora CASE CONSTRUCTION CX220C en nuestra tienda PARTEQUIPOS.","","https://partequipos.com/repuestos-maquinaria-pesada-colombia/repuestos-maquinaria-pesada-marcas/repuestos-para-maquinaria-pesada-case-construction/repuestos-para-maquinaria-pesada-cargador-frontal-case-construction/repuestos-para-maquinaria-pesada-excavadora-case-construction/repuestos-excavadora-case-construction-cx220c/","6","repuestos","modelo"
"https://partequipos.com/repuestos-maquinaria-pesada-colombia/repuestos-maquinaria-pesada-marcas/repuestos-para-maquinaria-pesada-case-construction/repuestos-para-maquinaria-pesada-cargador-frontal-case-construction/repuestos-para-maquinaria-pesada-excavadora-case-construction/repuestos-excavadora-case-construction-cx350b/","200","Repuestos para Excavadora CASE CONSTRUCTION CX350B","Explora nuestra amplia selección de Repuestos para Excavadora CASE CONSTRUCTION CX350B en nuestra tienda PARTEQUIPOS.","","https://partequipos.com/repuestos-maquinaria-pesada-colombia/repuestos-maquinaria-pesada-marcas/repuestos-para-maquinaria-pesada-case-construction/repuestos-para-maquinaria-pesada-cargador-frontal-case-construction/repuestos-para-maquinaria-pesada-excavadora-case-construction/repuestos-excavadora-case-construction-cx350b/","6","repuestos","modelo"
"https://partequipos.com/repuestos-maquinaria-pesada-colombia/repuestos-maquinaria-pesada-marcas/repuestos-para-maquinaria-pesada-case-construction/repuestos-para-maquinaria-pesada-cargador-frontal-case-construction/repuestos-para-maquinaria-pesada-excavadora-case-construction/repuestos-excavadora-case-construction-cx350c/","200","Repuestos para Excavadora CASE CONSTRUCTION CX350C","Explora nuestra amplia selección de Repuestos para Excavadora CASE CONSTRUCTION CX350C en nuestra tienda PARTEQUIPOS.","","https://partequipos.com/repuestos-maquinaria-pesada-colombia/repuestos-maquinaria-pesada-marcas/repuestos-para-maquinaria-pesada-case-construction/repuestos-para-maquinaria-pesada-cargador-frontal-case-construction/repuestos-para-maquinaria-pesada-excavadora-case-construction/repuestos-excavadora-case-construction-cx350c/","6","repuestos","modelo"
"https://partequipos.com/repuestos-maquinaria-pesada-colombia/repuestos-maquinaria-pesada-marcas/repuestos-para-maquinaria-pesada-case-construction/repuestos-para-maquinaria-pesada-minicargador-case-construction/","200","Repuestos para Minicargador CASE CONSTRUCTION - Partequipos","Explora nuestra amplia selección de Repuestos para Minicargador CASE CONSTRUCTION en nuestra tienda PARTEQUIPOS.","","https://partequipos.com/repuestos-maquinaria-pesada-colombia/repuestos-maquinaria-pesada-marcas/repuestos-para-maquinaria-pesada-case-construction/repuestos-para-maquinaria-pesada-minicargador-case-construction/","4","repuestos","tipo"
"https://partequipos.com/repuestos-maquinaria-pesada-colombia/repuestos-maquinaria-pesada-marcas/repuestos-para-maquinaria-pesada-case-construction/repuestos-para-maquinaria-pesada-minicargador-case-construction/repuestos-minicargador-case-construction-sr175/","200","Repuestos para MINICARGADOR CASE CONSTRUCTION SR175","Explora nuestra amplia selección de Repuestos para MINICARGADOR CASE CONSTRUCTION SR175 en nuestra tienda PARTEQUIPOS.","","https://partequipos.com/repuestos-maquinaria-pesada-colombia/repuestos-maquinaria-pesada-marcas/repuestos-para-maquinaria-pesada-case-construction/repuestos-para-maquinaria-pesada-minicargador-case-construction/repuestos-minicargador-case-construction-sr175/","5","repuestos","modelo"
"https://partequipos.com/repuestos-maquinaria-pesada-colombia/repuestos-maquinaria-pesada-marcas/repuestos-para-maquinaria-pesada-case-construction/repuestos-para-maquinaria-pesada-minicargador-case-construction/repuestos-minicargador-case-construction-sr200/","200","Repuestos para MINICARGADOR CASE CONSTRUCTION SR200","Explora nuestra amplia selección de Repuestos para MINICARGADOR CASE CONSTRUCTION SR200 en nuestra tienda PARTEQUIPOS.","","https://partequipos.com/repuestos-maquinaria-pesada-colombia/repuestos-maquinaria-pesada-marcas/repuestos-para-maquinaria-pesada-case-construction/repuestos-para-maquinaria-pesada-minicargador-case-construction/repuestos-minicargador-case-construction-sr200/","5","repuestos","modelo"
"https://partequipos.com/repuestos-maquinaria-pesada-colombia/repuestos-maquinaria-pesada-marcas/repuestos-para-maquinaria-pesada-case-construction/repuestos-para-maquinaria-pesada-minicargador-case-construction/repuestos-minicargador-case-construction-sr200b/","200","Repuestos para MINICARGADOR CASE CONSTRUCTION SR200B","Explora nuestra amplia selección de Repuestos para MINICARGADOR CASE CONSTRUCTION SR200B en nuestra tienda PARTEQUIPOS.","","https://partequipos.com/repuestos-maquinaria-pesada-colombia/repuestos-maquinaria-pesada-marcas/repuestos-para-maquinaria-pesada-case-construction/repuestos-para-maquinaria-pesada-minicargador-case-construction/repuestos-minicargador-case-construction-sr200b/","5","repuestos","modelo"
"https://partequipos.com/repuestos-maquinaria-pesada-colombia/repuestos-maquinaria-pesada-marcas/repuestos-para-maquinaria-pesada-case-construction/repuestos-para-maquinaria-pesada-minicargador-case-construction/repuestos-minicargador-case-construction-sr220/","200","Repuestos para MINICARGADOR CASE CONSTRUCTION SR220","Explora nuestra amplia selección de Repuestos para MINICARGADOR CASE CONSTRUCTION SR220 en nuestra tienda PARTEQUIPOS.","","https://partequipos.com/repuestos-maquinaria-pesada-colombia/repuestos-maquinaria-pesada-marcas/repuestos-para-maquinaria-pesada-case-construction/repuestos-para-maquinaria-pesada-minicargador-case-construction/repuestos-minicargador-case-construction-sr220/","5","repuestos","modelo"
"https://partequipos.com/repuestos-maquinaria-pesada-colombia/repuestos-maquinaria-pesada-marcas/repuestos-para-maquinaria-pesada-case-construction/repuestos-para-maquinaria-pesada-minicargador-case-construction/repuestos-minicargador-case-construction-sr250/","200","Repuestos para MINICARGADOR CASE CONSTRUCTION SR250","Explora nuestra amplia selección de Repuestos para MINICARGADOR CASE CONSTRUCTION SR250 en nuestra tienda PARTEQUIPOS.","","https://partequipos.com/repuestos-maquinaria-pesada-colombia/repuestos-maquinaria-pesada-marcas/repuestos-para-maquinaria-pesada-case-construction/repuestos-para-maquinaria-pesada-minicargador-case-construction/repuestos-minicargador-case-construction-sr250/","5","repuestos","modelo"
"https://partequipos.com/repuestos-maquinaria-pesada-colombia/repuestos-maquinaria-pesada-marcas/repuestos-para-maquinaria-pesada-case-construction/repuestos-para-maquinaria-pesada-motoniveladora-case-construction/","200","Repuestos para Motoniveladora CASE CONSTRUCTION - Partequipos","Explora nuestra amplia selección de Repuestos para Motoniveladora CASE CONSTRUCTION en nuestra tienda PARTEQUIPOS.","","https://partequipos.com/repuestos-maquinaria-pesada-colombia/repuestos-maquinaria-pesada-marcas/repuestos-para-maquinaria-pesada-case-construction/repuestos-para-maquinaria-pesada-motoniveladora-case-construction/","4","repuestos","tipo"
"https://partequipos.com/repuestos-maquinaria-pesada-colombia/repuestos-maquinaria-pesada-marcas/repuestos-para-maquinaria-pesada-case-construction/repuestos-para-maquinaria-pesada-motoniveladora-case-construction/repuestos-motoniveladora-case-construction-845/","200","Repuestos para Motoniveladora CASE CONSTRUCTION 845","Explora nuestra amplia selección de Repuestos para Motoniveladora CASE CONSTRUCTION 845 en nuestra tienda PARTEQUIPOS.","","https://partequipos.com/repuestos-maquinaria-pesada-colombia/repuestos-maquinaria-pesada-marcas/repuestos-para-maquinaria-pesada-case-construction/repuestos-para-maquinaria-pesada-motoniveladora-case-construction/repuestos-motoniveladora-case-construction-845/","5","repuestos","modelo"
"https://partequipos.com/repuestos-maquinaria-pesada-colombia/repuestos-maquinaria-pesada-marcas/repuestos-para-maquinaria-pesada-case-construction/repuestos-para-maquinaria-pesada-motoniveladora-case-construction/repuestos-motoniveladora-case-construction-845b/","200","Repuestos para Motoniveladora CASE CONSTRUCTION 845B","Explora nuestra amplia selección de Repuestos para Motoniveladora CASE CONSTRUCTION 845B en nuestra tienda PARTEQUIPOS.","","https://partequipos.com/repuestos-maquinaria-pesada-colombia/repuestos-maquinaria-pesada-marcas/repuestos-para-maquinaria-pesada-case-construction/repuestos-para-maquinaria-pesada-motoniveladora-case-construction/repuestos-motoniveladora-case-construction-845b/","5","repuestos","modelo"
"https://partequipos.com/repuestos-maquinaria-pesada-colombia/repuestos-maquinaria-pesada-marcas/repuestos-para-maquinaria-pesada-case-construction/repuestos-para-maquinaria-pesada-motoniveladora-case-construction/repuestos-motoniveladora-case-construction-865/","200","Repuestos para Motoniveladora CASE CONSTRUCTION 865","Explora nuestra amplia selección de Repuestos para Motoniveladora CASE CONSTRUCTION 865 en nuestra tienda PARTEQUIPOS.","","https://partequipos.com/repuestos-maquinaria-pesada-colombia/repuestos-maquinaria-pesada-marcas/repuestos-para-maquinaria-pesada-case-construction/repuestos-para-maquinaria-pesada-motoniveladora-case-construction/repuestos-motoniveladora-case-construction-865/","5","repuestos","modelo"
"https://partequipos.com/repuestos-maquinaria-pesada-colombia/repuestos-maquinaria-pesada-marcas/repuestos-para-maquinaria-pesada-case-construction/repuestos-para-maquinaria-pesada-motoniveladora-case-construction/repuestos-motoniveladora-case-construction-865b/","200","Repuestos para Motoniveladora CASE CONSTRUCTION 865B","Explora nuestra amplia selección de Repuestos para Motoniveladora CASE CONSTRUCTION 865B en nuestra tienda PARTEQUIPOS.","","https://partequipos.com/repuestos-maquinaria-pesada-colombia/repuestos-maquinaria-pesada-marcas/repuestos-para-maquinaria-pesada-case-construction/repuestos-para-maquinaria-pesada-motoniveladora-case-construction/repuestos-motoniveladora-case-construction-865b/","5","repuestos","modelo"
"https://partequipos.com/repuestos-maquinaria-pesada-colombia/repuestos-maquinaria-pesada-marcas/repuestos-para-maquinaria-pesada-case-construction/repuestos-para-maquinaria-pesada-retrocargadora-case-construction/","200","Repuestos para Retrocargador CASE CONSTRUCTION - Partequipos","Explora nuestra amplia selección de Repuestos para Retrocargador CASE CONSTRUCTION en nuestra tienda PARTEQUIPOS.","","https://partequipos.com/repuestos-maquinaria-pesada-colombia/repuestos-maquinaria-pesada-marcas/repuestos-para-maquinaria-pesada-case-construction/repuestos-para-maquinaria-pesada-retrocargadora-case-construction/","4","repuestos","tipo"
"https://partequipos.com/repuestos-maquinaria-pesada-colombia/repuestos-maquinaria-pesada-marcas/repuestos-para-maquinaria-pesada-case-construction/repuestos-para-maquinaria-pesada-retrocargadora-case-construction/repuestos-retrocargadora-case-construction-570st/","200","Repuestos para Retrocargador CASE CONSTRUCTION 570ST","Explora nuestra amplia selección de Repuestos para Retrocargador CASE CONSTRUCTION 570ST en nuestra tienda PARTEQUIPOS.","","https://partequipos.com/repuestos-maquinaria-pesada-colombia/repuestos-maquinaria-pesada-marcas/repuestos-para-maquinaria-pesada-case-construction/repuestos-para-maquinaria-pesada-retrocargadora-case-construction/repuestos-retrocargadora-case-construction-570st/","5","repuestos","modelo"
"https://partequipos.com/repuestos-maquinaria-pesada-colombia/repuestos-maquinaria-pesada-marcas/repuestos-para-maquinaria-pesada-case-construction/repuestos-para-maquinaria-pesada-retrocargadora-case-construction/repuestos-retrocargadora-case-construction-575sv/","200","Repuestos para Retrocargador CASE CONSTRUCTION 575SV","Explora nuestra amplia selección de Repuestos para Retrocargador CASE CONSTRUCTION 575SV en nuestra tienda PARTEQUIPOS.","","https://partequipos.com/repuestos-maquinaria-pesada-colombia/repuestos-maquinaria-pesada-marcas/repuestos-para-maquinaria-pesada-case-construction/repuestos-para-maquinaria-pesada-retrocargadora-case-construction/repuestos-retrocargadora-case-construction-575sv/","5","repuestos","modelo"
"https://partequipos.com/repuestos-maquinaria-pesada-colombia/repuestos-maquinaria-pesada-marcas/repuestos-para-maquinaria-pesada-case-construction/repuestos-para-maquinaria-pesada-retrocargadora-case-construction/repuestos-retrocargadora-case-construction-580l/","200","Repuestos para Retrocargador CASE CONSTRUCTION 580L","Explora nuestra amplia selección de Repuestos para Retrocargador CASE CONSTRUCTION 580L en nuestra tienda PARTEQUIPOS.","","https://partequipos.com/repuestos-maquinaria-pesada-colombia/repuestos-maquinaria-pesada-marcas/repuestos-para-maquinaria-pesada-case-construction/repuestos-para-maquinaria-pesada-retrocargadora-case-construction/repuestos-retrocargadora-case-construction-580l/","5","repuestos","modelo"
"https://partequipos.com/repuestos-maquinaria-pesada-colombia/repuestos-maquinaria-pesada-marcas/repuestos-para-maquinaria-pesada-case-construction/repuestos-para-maquinaria-pesada-retrocargadora-case-construction/repuestos-retrocargadora-case-construction-580m/","200","Repuestos para Retrocargador CASE CONSTRUCTION 580M","Explora nuestra amplia selección de Repuestos para Retrocargador CASE CONSTRUCTION 580M en nuestra tienda PARTEQUIPOS.","","https://partequipos.com/repuestos-maquinaria-pesada-colombia/repuestos-maquinaria-pesada-marcas/repuestos-para-maquinaria-pesada-case-construction/repuestos-para-maquinaria-pesada-retrocargadora-case-construction/repuestos-retrocargadora-case-construction-580m/","5","repuestos","modelo"
"https://partequipos.com/repuestos-maquinaria-pesada-colombia/repuestos-maquinaria-pesada-marcas/repuestos-para-maquinaria-pesada-case-construction/repuestos-para-maquinaria-pesada-retrocargadora-case-construction/repuestos-retrocargadora-case-construction-580n/","200","Repuestos para Retrocargador CASE CONSTRUCTION 580N","Explora nuestra amplia selección de Repuestos para Retrocargador CASE CONSTRUCTION 580N en nuestra tienda PARTEQUIPOS.","","https://partequipos.com/repuestos-maquinaria-pesada-colombia/repuestos-maquinaria-pesada-marcas/repuestos-para-maquinaria-pesada-case-construction/repuestos-para-maquinaria-pesada-retrocargadora-case-construction/repuestos-retrocargadora-case-construction-580n/","5","repuestos","modelo"
"https://partequipos.com/repuestos-maquinaria-pesada-colombia/repuestos-maquinaria-pesada-marcas/repuestos-para-maquinaria-pesada-case-construction/repuestos-para-maquinaria-pesada-retrocargadora-case-construction/repuestos-retrocargadora-case-construction-580sl/","200","Repuestos para Retrocargador CASE CONSTRUCTION 580SL","Explora nuestra amplia selección de Repuestos para Retrocargador CASE CONSTRUCTION 580SL en nuestra tienda PARTEQUIPOS.","","https://partequipos.com/repuestos-maquinaria-pesada-colombia/repuestos-maquinaria-pesada-marcas/repuestos-para-maquinaria-pesada-case-construction/repuestos-para-maquinaria-pesada-retrocargadora-case-construction/repuestos-retrocargadora-case-construction-580sl/","5","repuestos","modelo"
"https://partequipos.com/repuestos-maquinaria-pesada-colombia/repuestos-maquinaria-pesada-marcas/repuestos-para-maquinaria-pesada-case-construction/repuestos-para-maquinaria-pesada-retrocargadora-case-construction/repuestos-retrocargadora-case-construction-580sm/","200","Repuestos para Retrocargador CASE CONSTRUCTION 580SM","Explora nuestra amplia selección de Repuestos para Retrocargador CASE CONSTRUCTION 580SM en nuestra tienda PARTEQUIPOS.","","https://partequipos.com/repuestos-maquinaria-pesada-colombia/repuestos-maquinaria-pesada-marcas/repuestos-para-maquinaria-pesada-case-construction/repuestos-para-maquinaria-pesada-retrocargadora-case-construction/repuestos-retrocargadora-case-construction-580sm/","5","repuestos","modelo"
"https://partequipos.com/repuestos-maquinaria-pesada-colombia/repuestos-maquinaria-pesada-marcas/repuestos-para-maquinaria-pesada-case-construction/repuestos-para-maquinaria-pesada-retrocargadora-case-construction/repuestos-retrocargadora-case-construction-580sn/","200","Repuestos para Retrocargador CASE CONSTRUCTION 580SN","Explora nuestra amplia selección de Repuestos para Retrocargador CASE CONSTRUCTION 580SN en nuestra tienda PARTEQUIPOS.","","https://partequipos.com/repuestos-maquinaria-pesada-colombia/repuestos-maquinaria-pesada-marcas/repuestos-para-maquinaria-pesada-case-construction/repuestos-para-maquinaria-pesada-retrocargadora-case-construction/repuestos-retrocargadora-case-construction-580sn/","5","repuestos","modelo"
"https://partequipos.com/repuestos-maquinaria-pesada-colombia/repuestos-maquinaria-pesada-marcas/repuestos-para-maquinaria-pesada-case-construction/repuestos-para-maquinaria-pesada-retrocargadora-case-construction/repuestos-retrocargadora-case-construction-590sm/","200","Repuestos para Retrocargador CASE CONSTRUCTION 590SM","Explora nuestra amplia selección de Repuestos para Retrocargador CASE CONSTRUCTION 590SM en nuestra tienda PARTEQUIPOS.","","https://partequipos.com/repuestos-maquinaria-pesada-colombia/repuestos-maquinaria-pesada-marcas/repuestos-para-maquinaria-pesada-case-construction/repuestos-para-maquinaria-pesada-retrocargadora-case-construction/repuestos-retrocargadora-case-construction-590sm/","5","repuestos","modelo"
"https://partequipos.com/repuestos-maquinaria-pesada-colombia/repuestos-maquinaria-pesada-marcas/repuestos-para-maquinaria-pesada-case-construction/repuestos-para-maquinaria-pesada-retrocargadora-case-construction/repuestos-retrocargadora-case-construction-590sn/","200","Repuestos para Retrocargador CASE CONSTRUCTION 590SN","Explora nuestra amplia selección de Repuestos para Retrocargador CASE CONSTRUCTION 590SN en nuestra tienda PARTEQUIPOS.","","https://partequipos.com/repuestos-maquinaria-pesada-colombia/repuestos-maquinaria-pesada-marcas/repuestos-para-maquinaria-pesada-case-construction/repuestos-para-maquinaria-pesada-retrocargadora-case-construction/repuestos-retrocargadora-case-construction-590sn/","5","repuestos","modelo"
"https://partequipos.com/repuestos-maquinaria-pesada-colombia/repuestos-maquinaria-pesada-marcas/repuestos-para-maquinaria-pesada-caterpillar/","200","Repuestos para maquinaria pesada CATERPILLAR","Explora nuestra amplia selección de Repuestos para maquinaria pesada CATERPILLAR en nuestra tienda PARTEQUIPOS.","","https://partequipos.com/repuestos-maquinaria-pesada-colombia/repuestos-maquinaria-pesada-marcas/repuestos-para-maquinaria-pesada-caterpillar/","3","repuestos","marca"
"https://partequipos.com/repuestos-maquinaria-pesada-colombia/repuestos-maquinaria-pesada-marcas/repuestos-para-maquinaria-pesada-caterpillar/repuestos-para-maquinaria-pesada-buldozer-caterpillar/","200","Repuestos para Bulldozer CATERPILLAR - Partequipos","Explora nuestra amplia selección de Repuestos para maquinaria pesada Bulldozer CATERPILLAR en nuestra tienda PARTEQUIPOS.","","https://partequipos.com/repuestos-maquinaria-pesada-colombia/repuestos-maquinaria-pesada-marcas/repuestos-para-maquinaria-pesada-caterpillar/repuestos-para-maquinaria-pesada-buldozer-caterpillar/","4","repuestos","tipo"
"https://partequipos.com/repuestos-maquinaria-pesada-colombia/repuestos-maquinaria-pesada-marcas/repuestos-para-maquinaria-pesada-caterpillar/repuestos-para-maquinaria-pesada-buldozer-caterpillar/repuestos-bulldozer-caterpillar-d3/","200","Repuestos para Bulldozer CATERPILLAR D3","Explora nuestra amplia selección de Repuestos para Bulldozer CATERPILLAR D3 en nuestra tienda PARTEQUIPOS.","","https://partequipos.com/repuestos-maquinaria-pesada-colombia/repuestos-maquinaria-pesada-marcas/repuestos-para-maquinaria-pesada-caterpillar/repuestos-para-maquinaria-pesada-buldozer-caterpillar/repuestos-bulldozer-caterpillar-d3/","5","repuestos","modelo"
"https://partequipos.com/repuestos-maquinaria-pesada-colombia/repuestos-maquinaria-pesada-marcas/repuestos-para-maquinaria-pesada-caterpillar/repuestos-para-maquinaria-pesada-buldozer-caterpillar/repuestos-bulldozer-caterpillar-d3b/","200","Repuestos para Bulldozer CATERPILLAR D3B","Explora nuestra amplia selección de Repuestos para Bulldozer CATERPILLAR D3B en nuestra tienda PARTEQUIPOS.","","https://partequipos.com/repuestos-maquinaria-pesada-colombia/repuestos-maquinaria-pesada-marcas/repuestos-para-maquinaria-pesada-caterpillar/repuestos-para-maquinaria-pesada-buldozer-caterpillar/repuestos-bulldozer-caterpillar-d3b/","5","repuestos","modelo"
"https://partequipos.com/repuestos-maquinaria-pesada-colombia/repuestos-maquinaria-pesada-marcas/repuestos-para-maquinaria-pesada-caterpillar/repuestos-para-maquinaria-pesada-buldozer-caterpillar/repuestos-bulldozer-caterpillar-d3c/","200","Repuestos para Bulldozer CATERPILLAR D3C","Explora nuestra amplia selección de Repuestos para Bulldozer CATERPILLAR D3C en nuestra tienda PARTEQUIPOS.","","https://partequipos.com/repuestos-maquinaria-pesada-colombia/repuestos-maquinaria-pesada-marcas/repuestos-para-maquinaria-pesada-caterpillar/repuestos-para-maquinaria-pesada-buldozer-caterpillar/repuestos-bulldozer-caterpillar-d3c/","5","repuestos","modelo"
"https://partequipos.com/repuestos-maquinaria-pesada-colombia/repuestos-maquinaria-pesada-marcas/repuestos-para-maquinaria-pesada-caterpillar/repuestos-para-maquinaria-pesada-buldozer-caterpillar/repuestos-bulldozer-caterpillar-d3g/","200","Repuestos para Bulldozer CATERPILLAR D3G","Explora nuestra amplia selección de Repuestos para Bulldozer CATERPILLAR D3G en nuestra tienda PARTEQUIPOS.","","https://partequipos.com/repuestos-maquinaria-pesada-colombia/repuestos-maquinaria-pesada-marcas/repuestos-para-maquinaria-pesada-caterpillar/repuestos-para-maquinaria-pesada-buldozer-caterpillar/repuestos-bulldozer-caterpillar-d3g/","5","repuestos","modelo"
"https://partequipos.com/repuestos-maquinaria-pesada-colombia/repuestos-maquinaria-pesada-marcas/repuestos-para-maquinaria-pesada-caterpillar/repuestos-para-maquinaria-pesada-buldozer-caterpillar/repuestos-bulldozer-caterpillar-d3k/","200","Repuestos para Bulldozer CATERPILLAR D3K","Explora nuestra amplia selección de Repuestos para Bulldozer CATERPILLAR D3K en nuestra tienda PARTEQUIPOS.","","https://partequipos.com/repuestos-maquinaria-pesada-colombia/repuestos-maquinaria-pesada-marcas/repuestos-para-maquinaria-pesada-caterpillar/repuestos-para-maquinaria-pesada-buldozer-caterpillar/repuestos-bulldozer-caterpillar-d3k/","5","repuestos","modelo"
"https://partequipos.com/repuestos-maquinaria-pesada-colombia/repuestos-maquinaria-pesada-marcas/repuestos-para-maquinaria-pesada-caterpillar/repuestos-para-maquinaria-pesada-buldozer-caterpillar/repuestos-bulldozer-caterpillar-d3k2/","200","Repuestos para Bulldozer CATERPILLAR D3K2","Explora nuestra amplia selección de Repuestos para Bulldozer CATERPILLAR D3K2 en nuestra tienda PARTEQUIPOS.","","https://partequipos.com/repuestos-maquinaria-pesada-colombia/repuestos-maquinaria-pesada-marcas/repuestos-para-maquinaria-pesada-caterpillar/repuestos-para-maquinaria-pesada-buldozer-caterpillar/repuestos-bulldozer-caterpillar-d3k2/","5","repuestos","modelo"
"https://partequipos.com/repuestos-maquinaria-pesada-colombia/repuestos-maquinaria-pesada-marcas/repuestos-para-maquinaria-pesada-caterpillar/repuestos-para-maquinaria-pesada-buldozer-caterpillar/repuestos-bulldozer-caterpillar-d4c/","200","Repuestos para Bulldozer CATERPILLAR D4C","Explora nuestra amplia selección de Repuestos para Bulldozer CATERPILLAR D4C en nuestra tienda PARTEQUIPOS.","","https://partequipos.com/repuestos-maquinaria-pesada-colombia/repuestos-maquinaria-pesada-marcas/repuestos-para-maquinaria-pesada-caterpillar/repuestos-para-maquinaria-pesada-buldozer-caterpillar/repuestos-bulldozer-caterpillar-d4c/","5","repuestos","modelo"
"https://partequipos.com/repuestos-maquinaria-pesada-colombia/repuestos-maquinaria-pesada-marcas/repuestos-para-maquinaria-pesada-caterpillar/repuestos-para-maquinaria-pesada-buldozer-caterpillar/repuestos-bulldozer-caterpillar-d4d/","200","Repuestos para Bulldozer CATERPILLAR D4D","Explora nuestra amplia selección de Repuestos para Bulldozer CATERPILLAR D4D en nuestra tienda PARTEQUIPOS.","","https://partequipos.com/repuestos-maquinaria-pesada-colombia/repuestos-maquinaria-pesada-marcas/repuestos-para-maquinaria-pesada-caterpillar/repuestos-para-maquinaria-pesada-buldozer-caterpillar/repuestos-bulldozer-caterpillar-d4d/","5","repuestos","modelo"
"https://partequipos.com/repuestos-maquinaria-pesada-colombia/repuestos-maquinaria-pesada-marcas/repuestos-para-maquinaria-pesada-caterpillar/repuestos-para-maquinaria-pesada-buldozer-caterpillar/repuestos-bulldozer-caterpillar-d4e/","200","Repuestos para Bulldozer CATERPILLAR D4E","Explora nuestra amplia selección de Repuestos para Bulldozer CATERPILLAR D4E en nuestra tienda PARTEQUIPOS.","","https://partequipos.com/repuestos-maquinaria-pesada-colombia/repuestos-maquinaria-pesada-marcas/repuestos-para-maquinaria-pesada-caterpillar/repuestos-para-maquinaria-pesada-buldozer-caterpillar/repuestos-bulldozer-caterpillar-d4e/","5","repuestos","modelo"
"https://partequipos.com/repuestos-maquinaria-pesada-colombia/repuestos-maquinaria-pesada-marcas/repuestos-para-maquinaria-pesada-caterpillar/repuestos-para-maquinaria-pesada-buldozer-caterpillar/repuestos-bulldozer-caterpillar-d4g/","200","Repuestos para Bulldozer CATERPILLAR D4G","Explora nuestra amplia selección de Repuestos para Bulldozer CATERPILLAR D4G en nuestra tienda PARTEQUIPOS.","","https://partequipos.com/repuestos-maquinaria-pesada-colombia/repuestos-maquinaria-pesada-marcas/repuestos-para-maquinaria-pesada-caterpillar/repuestos-para-maquinaria-pesada-buldozer-caterpillar/repuestos-bulldozer-caterpillar-d4g/","5","repuestos","modelo"
"https://partequipos.com/repuestos-maquinaria-pesada-colombia/repuestos-maquinaria-pesada-marcas/repuestos-para-maquinaria-pesada-caterpillar/repuestos-para-maquinaria-pesada-buldozer-caterpillar/repuestos-bulldozer-caterpillar-d4h/","200","Repuestos para Bulldozer CATERPILLAR D4H","Explora nuestra amplia selección de Repuestos para Bulldozer CATERPILLAR D4H en nuestra tienda PARTEQUIPOS.","","https://partequipos.com/repuestos-maquinaria-pesada-colombia/repuestos-maquinaria-pesada-marcas/repuestos-para-maquinaria-pesada-caterpillar/repuestos-para-maquinaria-pesada-buldozer-caterpillar/repuestos-bulldozer-caterpillar-d4h/","5","repuestos","modelo"
"https://partequipos.com/repuestos-maquinaria-pesada-colombia/repuestos-maquinaria-pesada-marcas/repuestos-para-maquinaria-pesada-caterpillar/repuestos-para-maquinaria-pesada-buldozer-caterpillar/repuestos-bulldozer-caterpillar-d4k/","200","Repuestos para Bulldozer CATERPILLAR D4K","Explora nuestra amplia selección de Repuestos para Bulldozer CATERPILLAR D4K en nuestra tienda PARTEQUIPOS.","","https://partequipos.com/repuestos-maquinaria-pesada-colombia/repuestos-maquinaria-pesada-marcas/repuestos-para-maquinaria-pesada-caterpillar/repuestos-para-maquinaria-pesada-buldozer-caterpillar/repuestos-bulldozer-caterpillar-d4k/","5","repuestos","modelo"
"https://partequipos.com/repuestos-maquinaria-pesada-colombia/repuestos-maquinaria-pesada-marcas/repuestos-para-maquinaria-pesada-caterpillar/repuestos-para-maquinaria-pesada-buldozer-caterpillar/repuestos-bulldozer-caterpillar-d5/","200","Repuestos para Bulldozer CATERPILLAR D5","Explora nuestra amplia selección de Repuestos para Bulldozer CATERPILLAR D5 en nuestra tienda PARTEQUIPOS.","","https://partequipos.com/repuestos-maquinaria-pesada-colombia/repuestos-maquinaria-pesada-marcas/repuestos-para-maquinaria-pesada-caterpillar/repuestos-para-maquinaria-pesada-buldozer-caterpillar/repuestos-bulldozer-caterpillar-d5/","5","repuestos","modelo"
"https://partequipos.com/repuestos-maquinaria-pesada-colombia/repuestos-maquinaria-pesada-marcas/repuestos-para-maquinaria-pesada-caterpillar/repuestos-para-maquinaria-pesada-buldozer-caterpillar/repuestos-bulldozer-caterpillar-d5b/","200","Repuestos para Bulldozer CATERPILLAR D5B","Explora nuestra amplia selección de Repuestos para Bulldozer CATERPILLAR D5B en nuestra tienda PARTEQUIPOS.","","https://partequipos.com/repuestos-maquinaria-pesada-colombia/repuestos-maquinaria-pesada-marcas/repuestos-para-maquinaria-pesada-caterpillar/repuestos-para-maquinaria-pesada-buldozer-caterpillar/repuestos-bulldozer-caterpillar-d5b/","5","repuestos","modelo"
"https://partequipos.com/repuestos-maquinaria-pesada-colombia/repuestos-maquinaria-pesada-marcas/repuestos-para-maquinaria-pesada-caterpillar/repuestos-para-maquinaria-pesada-buldozer-caterpillar/repuestos-bulldozer-caterpillar-d5c/","200","Repuestos para Bulldozer CATERPILLAR D5C","Explora nuestra amplia selección de Repuestos para Bulldozer CATERPILLAR D5C en nuestra tienda PARTEQUIPOS.","","https://partequipos.com/repuestos-maquinaria-pesada-colombia/repuestos-maquinaria-pesada-marcas/repuestos-para-maquinaria-pesada-caterpillar/repuestos-para-maquinaria-pesada-buldozer-caterpillar/repuestos-bulldozer-caterpillar-d5c/","5","repuestos","modelo"
"https://partequipos.com/repuestos-maquinaria-pesada-colombia/repuestos-maquinaria-pesada-marcas/repuestos-para-maquinaria-pesada-caterpillar/repuestos-para-maquinaria-pesada-buldozer-caterpillar/repuestos-bulldozer-caterpillar-d5g/","200","Repuestos para Bulldozer CATERPILLAR D5G","Explora nuestra amplia selección de Repuestos para Bulldozer CATERPILLAR D5G en nuestra tienda PARTEQUIPOS.","","https://partequipos.com/repuestos-maquinaria-pesada-colombia/repuestos-maquinaria-pesada-marcas/repuestos-para-maquinaria-pesada-caterpillar/repuestos-para-maquinaria-pesada-buldozer-caterpillar/repuestos-bulldozer-caterpillar-d5g/","5","repuestos","modelo"
"https://partequipos.com/repuestos-maquinaria-pesada-colombia/repuestos-maquinaria-pesada-marcas/repuestos-para-maquinaria-pesada-caterpillar/repuestos-para-maquinaria-pesada-buldozer-caterpillar/repuestos-bulldozer-caterpillar-d5h/","200","Repuestos para Bulldozer CATERPILLAR D5H","Explora nuestra amplia selección de Repuestos para Bulldozer CATERPILLAR D5H en nuestra tienda PARTEQUIPOS.","","https://partequipos.com/repuestos-maquinaria-pesada-colombia/repuestos-maquinaria-pesada-marcas/repuestos-para-maquinaria-pesada-caterpillar/repuestos-para-maquinaria-pesada-buldozer-caterpillar/repuestos-bulldozer-caterpillar-d5h/","5","repuestos","modelo"
"https://partequipos.com/repuestos-maquinaria-pesada-colombia/repuestos-maquinaria-pesada-marcas/repuestos-para-maquinaria-pesada-caterpillar/repuestos-para-maquinaria-pesada-buldozer-caterpillar/repuestos-bulldozer-caterpillar-d5k/","200","Repuestos para Bulldozer CATERPILLAR D5K","Explora nuestra amplia selección de Repuestos para Bulldozer CATERPILLAR D5K en nuestra tienda PARTEQUIPOS.","","https://partequipos.com/repuestos-maquinaria-pesada-colombia/repuestos-maquinaria-pesada-marcas/repuestos-para-maquinaria-pesada-caterpillar/repuestos-para-maquinaria-pesada-buldozer-caterpillar/repuestos-bulldozer-caterpillar-d5k/","5","repuestos","modelo"
"https://partequipos.com/repuestos-maquinaria-pesada-colombia/repuestos-maquinaria-pesada-marcas/repuestos-para-maquinaria-pesada-caterpillar/repuestos-para-maquinaria-pesada-buldozer-caterpillar/repuestos-bulldozer-caterpillar-d5k2/","200","Repuestos para Bulldozer CATERPILLAR D5K2","Explora nuestra amplia selección de Repuestos para Bulldozer CATERPILLAR D5K2 en nuestra tienda PARTEQUIPOS.","","https://partequipos.com/repuestos-maquinaria-pesada-colombia/repuestos-maquinaria-pesada-marcas/repuestos-para-maquinaria-pesada-caterpillar/repuestos-para-maquinaria-pesada-buldozer-caterpillar/repuestos-bulldozer-caterpillar-d5k2/","5","repuestos","modelo"
"https://partequipos.com/repuestos-maquinaria-pesada-colombia/repuestos-maquinaria-pesada-marcas/repuestos-para-maquinaria-pesada-caterpillar/repuestos-para-maquinaria-pesada-buldozer-caterpillar/repuestos-bulldozer-caterpillar-d5m/","200","Repuestos para Bulldozer CATERPILLAR D5M","Explora nuestra amplia selección de Repuestos para Bulldozer CATERPILLAR D5M en nuestra tienda PARTEQUIPOS.","","https://partequipos.com/repuestos-maquinaria-pesada-colombia/repuestos-maquinaria-pesada-marcas/repuestos-para-maquinaria-pesada-caterpillar/repuestos-para-maquinaria-pesada-buldozer-caterpillar/repuestos-bulldozer-caterpillar-d5m/","5","repuestos","modelo"
"https://partequipos.com/repuestos-maquinaria-pesada-colombia/repuestos-maquinaria-pesada-marcas/repuestos-para-maquinaria-pesada-caterpillar/repuestos-para-maquinaria-pesada-buldozer-caterpillar/repuestos-bulldozer-caterpillar-d5n/","200","Repuestos para Bulldozer CATERPILLAR D5N","Explora nuestra amplia selección de Repuestos para Bulldozer CATERPILLAR D5N en nuestra tienda PARTEQUIPOS.","","https://partequipos.com/repuestos-maquinaria-pesada-colombia/repuestos-maquinaria-pesada-marcas/repuestos-para-maquinaria-pesada-caterpillar/repuestos-para-maquinaria-pesada-buldozer-caterpillar/repuestos-bulldozer-caterpillar-d5n/","5","repuestos","modelo"
"https://partequipos.com/repuestos-maquinaria-pesada-colombia/repuestos-maquinaria-pesada-marcas/repuestos-para-maquinaria-pesada-caterpillar/repuestos-para-maquinaria-pesada-buldozer-caterpillar/repuestos-bulldozer-caterpillar-d6/","200","Repuestos para Bulldozer CATERPILLAR D6D","Explora nuestra amplia selección de Repuestos para Bulldozer CATERPILLAR D6D en nuestra tienda PARTEQUIPOS.","","https://partequipos.com/repuestos-maquinaria-pesada-colombia/repuestos-maquinaria-pesada-marcas/repuestos-para-maquinaria-pesada-caterpillar/repuestos-para-maquinaria-pesada-buldozer-caterpillar/repuestos-bulldozer-caterpillar-d6/","5","repuestos","modelo"
"https://partequipos.com/repuestos-maquinaria-pesada-colombia/repuestos-maquinaria-pesada-marcas/repuestos-para-maquinaria-pesada-caterpillar/repuestos-para-maquinaria-pesada-buldozer-caterpillar/repuestos-bulldozer-caterpillar-d6c/","200","Repuestos para Bulldozer CATERPILLAR D6C","Explora nuestra amplia selección de Repuestos para Bulldozer CATERPILLAR D6C en nuestra tienda PARTEQUIPOS.","","https://partequipos.com/repuestos-maquinaria-pesada-colombia/repuestos-maquinaria-pesada-marcas/repuestos-para-maquinaria-pesada-caterpillar/repuestos-para-maquinaria-pesada-buldozer-caterpillar/repuestos-bulldozer-caterpillar-d6c/","5","repuestos","modelo"
"https://partequipos.com/repuestos-maquinaria-pesada-colombia/repuestos-maquinaria-pesada-marcas/repuestos-para-maquinaria-pesada-caterpillar/repuestos-para-maquinaria-pesada-buldozer-caterpillar/repuestos-bulldozer-caterpillar-d6g/","200","Repuestos para Bulldozer CATERPILLAR D6G","Explora nuestra amplia selección de Repuestos para Bulldozer CATERPILLAR D6G en nuestra tienda PARTEQUIPOS.","","https://partequipos.com/repuestos-maquinaria-pesada-colombia/repuestos-maquinaria-pesada-marcas/repuestos-para-maquinaria-pesada-caterpillar/repuestos-para-maquinaria-pesada-buldozer-caterpillar/repuestos-bulldozer-caterpillar-d6g/","5","repuestos","modelo"
"https://partequipos.com/repuestos-maquinaria-pesada-colombia/repuestos-maquinaria-pesada-marcas/repuestos-para-maquinaria-pesada-caterpillar/repuestos-para-maquinaria-pesada-buldozer-caterpillar/repuestos-bulldozer-caterpillar-d6h/","200","Repuestos para Bulldozer CATERPILLAR D6H","Explora nuestra amplia selección de Repuestos para Bulldozer CATERPILLAR D6H en nuestra tienda PARTEQUIPOS.","","https://partequipos.com/repuestos-maquinaria-pesada-colombia/repuestos-maquinaria-pesada-marcas/repuestos-para-maquinaria-pesada-caterpillar/repuestos-para-maquinaria-pesada-buldozer-caterpillar/repuestos-bulldozer-caterpillar-d6h/","5","repuestos","modelo"
"https://partequipos.com/repuestos-maquinaria-pesada-colombia/repuestos-maquinaria-pesada-marcas/repuestos-para-maquinaria-pesada-caterpillar/repuestos-para-maquinaria-pesada-buldozer-caterpillar/repuestos-bulldozer-caterpillar-d6k_/","200","Repuestos para Bulldozer CATERPILLAR D6K","Explora nuestra amplia selección de Repuestos para Bulldozer CATERPILLAR D6K en nuestra tienda PARTEQUIPOS.","","https://partequipos.com/repuestos-maquinaria-pesada-colombia/repuestos-maquinaria-pesada-marcas/repuestos-para-maquinaria-pesada-caterpillar/repuestos-para-maquinaria-pesada-buldozer-caterpillar/repuestos-bulldozer-caterpillar-d6k_/","5","repuestos","modelo"
"https://partequipos.com/repuestos-maquinaria-pesada-colombia/repuestos-maquinaria-pesada-marcas/repuestos-para-maquinaria-pesada-caterpillar/repuestos-para-maquinaria-pesada-buldozer-caterpillar/repuestos-bulldozer-caterpillar-d6k-old/","200","Repuestos para Bulldozer CATERPILLAR D6K","Explora nuestra amplia selección de Repuestos para Bulldozer CATERPILLAR D6K en nuestra tienda PARTEQUIPOS.","","https://partequipos.com/repuestos-maquinaria-pesada-colombia/repuestos-maquinaria-pesada-marcas/repuestos-para-maquinaria-pesada-caterpillar/repuestos-para-maquinaria-pesada-buldozer-caterpillar/repuestos-bulldozer-caterpillar-d6k-old/","5","repuestos","modelo"
"https://partequipos.com/repuestos-maquinaria-pesada-colombia/repuestos-maquinaria-pesada-marcas/repuestos-para-maquinaria-pesada-caterpillar/repuestos-para-maquinaria-pesada-buldozer-caterpillar/repuestos-bulldozer-caterpillar-d6k2/","200","Repuestos para Bulldozer CATERPILLAR D6K2","Explora nuestra amplia selección de Repuestos para Bulldozer CATERPILLAR D6K2 en nuestra tienda PARTEQUIPOS.","","https://partequipos.com/repuestos-maquinaria-pesada-colombia/repuestos-maquinaria-pesada-marcas/repuestos-para-maquinaria-pesada-caterpillar/repuestos-para-maquinaria-pesada-buldozer-caterpillar/repuestos-bulldozer-caterpillar-d6k2/","5","repuestos","modelo"
"https://partequipos.com/repuestos-maquinaria-pesada-colombia/repuestos-maquinaria-pesada-marcas/repuestos-para-maquinaria-pesada-caterpillar/repuestos-para-maquinaria-pesada-buldozer-caterpillar/repuestos-bulldozer-caterpillar-d6m/","200","Repuestos para Bulldozer CATERPILLAR D6M","Explora nuestra amplia selección de Repuestos para Bulldozer CATERPILLAR D6M en nuestra tienda PARTEQUIPOS.","","https://partequipos.com/repuestos-maquinaria-pesada-colombia/repuestos-maquinaria-pesada-marcas/repuestos-para-maquinaria-pesada-caterpillar/repuestos-para-maquinaria-pesada-buldozer-caterpillar/repuestos-bulldozer-caterpillar-d6m/","5","repuestos","modelo"
"https://partequipos.com/repuestos-maquinaria-pesada-colombia/repuestos-maquinaria-pesada-marcas/repuestos-para-maquinaria-pesada-caterpillar/repuestos-para-maquinaria-pesada-buldozer-caterpillar/repuestos-bulldozer-caterpillar-d6n/","200","Repuestos para Bulldozer CATERPILLAR D6N","Explora nuestra amplia selección de Repuestos para Bulldozer CATERPILLAR D6N en nuestra tienda PARTEQUIPOS.","","https://partequipos.com/repuestos-maquinaria-pesada-colombia/repuestos-maquinaria-pesada-marcas/repuestos-para-maquinaria-pesada-caterpillar/repuestos-para-maquinaria-pesada-buldozer-caterpillar/repuestos-bulldozer-caterpillar-d6n/","5","repuestos","modelo"
"https://partequipos.com/repuestos-maquinaria-pesada-colombia/repuestos-maquinaria-pesada-marcas/repuestos-para-maquinaria-pesada-caterpillar/repuestos-para-maquinaria-pesada-buldozer-caterpillar/repuestos-bulldozer-caterpillar-d6r/","200","Repuestos para Bulldozer CATERPILLAR D6R","Explora nuestra amplia selección de Repuestos para Bulldozer CATERPILLAR D6R en nuestra tienda PARTEQUIPOS.","","https://partequipos.com/repuestos-maquinaria-pesada-colombia/repuestos-maquinaria-pesada-marcas/repuestos-para-maquinaria-pesada-caterpillar/repuestos-para-maquinaria-pesada-buldozer-caterpillar/repuestos-bulldozer-caterpillar-d6r/","5","repuestos","modelo"
"https://partequipos.com/repuestos-maquinaria-pesada-colombia/repuestos-maquinaria-pesada-marcas/repuestos-para-maquinaria-pesada-caterpillar/repuestos-para-maquinaria-pesada-buldozer-caterpillar/repuestos-bulldozer-caterpillar-d6t/","200","Repuestos para Bulldozer CATERPILLAR D6T","Explora nuestra amplia selección de Repuestos para Bulldozer CATERPILLAR D6T en nuestra tienda PARTEQUIPOS.","","https://partequipos.com/repuestos-maquinaria-pesada-colombia/repuestos-maquinaria-pesada-marcas/repuestos-para-maquinaria-pesada-caterpillar/repuestos-para-maquinaria-pesada-buldozer-caterpillar/repuestos-bulldozer-caterpillar-d6t/","5","repuestos","modelo"
"https://partequipos.com/repuestos-maquinaria-pesada-colombia/repuestos-maquinaria-pesada-marcas/repuestos-para-maquinaria-pesada-caterpillar/repuestos-para-maquinaria-pesada-buldozer-caterpillar/repuestos-bulldozer-caterpillar-d7g/","200","Repuestos para Bulldozer CATERPILLAR D7G","Explora nuestra amplia selección de Repuestos para Bulldozer CATERPILLAR D7G en nuestra tienda PARTEQUIPOS.","","https://partequipos.com/repuestos-maquinaria-pesada-colombia/repuestos-maquinaria-pesada-marcas/repuestos-para-maquinaria-pesada-caterpillar/repuestos-para-maquinaria-pesada-buldozer-caterpillar/repuestos-bulldozer-caterpillar-d7g/","5","repuestos","modelo"
"https://partequipos.com/repuestos-maquinaria-pesada-colombia/repuestos-maquinaria-pesada-marcas/repuestos-para-maquinaria-pesada-caterpillar/repuestos-para-maquinaria-pesada-buldozer-caterpillar/repuestos-bulldozer-caterpillar-d7r/","200","Repuestos para Bulldozer CATERPILLAR D7R","Explora nuestra amplia selección de Repuestos para Bulldozer CATERPILLAR D7R en nuestra tienda PARTEQUIPOS.","","https://partequipos.com/repuestos-maquinaria-pesada-colombia/repuestos-maquinaria-pesada-marcas/repuestos-para-maquinaria-pesada-caterpillar/repuestos-para-maquinaria-pesada-buldozer-caterpillar/repuestos-bulldozer-caterpillar-d7r/","5","repuestos","modelo"
"https://partequipos.com/repuestos-maquinaria-pesada-colombia/repuestos-maquinaria-pesada-marcas/repuestos-para-maquinaria-pesada-caterpillar/repuestos-para-maquinaria-pesada-buldozer-caterpillar/repuestos-bulldozer-caterpillar-d8/","200","Repuestos para Bulldozer CATERPILLAR D8","Explora nuestra amplia selección de Repuestos para Bulldozer CATERPILLAR D8 en nuestra tienda PARTEQUIPOS.","","https://partequipos.com/repuestos-maquinaria-pesada-colombia/repuestos-maquinaria-pesada-marcas/repuestos-para-maquinaria-pesada-caterpillar/repuestos-para-maquinaria-pesada-buldozer-caterpillar/repuestos-bulldozer-caterpillar-d8/","5","repuestos","modelo"
"https://partequipos.com/repuestos-maquinaria-pesada-colombia/repuestos-maquinaria-pesada-marcas/repuestos-para-maquinaria-pesada-caterpillar/repuestos-para-maquinaria-pesada-buldozer-caterpillar/repuestos-bulldozer-caterpillar-d8k/","200","Repuestos para Bulldozer CATERPILLAR D8K","Explora nuestra amplia selección de Repuestos para Bulldozer CATERPILLAR D8K en nuestra tienda PARTEQUIPOS.","","https://partequipos.com/repuestos-maquinaria-pesada-colombia/repuestos-maquinaria-pesada-marcas/repuestos-para-maquinaria-pesada-caterpillar/repuestos-para-maquinaria-pesada-buldozer-caterpillar/repuestos-bulldozer-caterpillar-d8k/","5","repuestos","modelo"
"https://partequipos.com/repuestos-maquinaria-pesada-colombia/repuestos-maquinaria-pesada-marcas/repuestos-para-maquinaria-pesada-caterpillar/repuestos-para-maquinaria-pesada-buldozer-caterpillar/repuestos-bulldozer-caterpillar-d8l/","200","Repuestos para Bulldozer CATERPILLAR D8L","Explora nuestra amplia selección de Repuestos para Bulldozer CATERPILLAR D8L en nuestra tienda PARTEQUIPOS.","","https://partequipos.com/repuestos-maquinaria-pesada-colombia/repuestos-maquinaria-pesada-marcas/repuestos-para-maquinaria-pesada-caterpillar/repuestos-para-maquinaria-pesada-buldozer-caterpillar/repuestos-bulldozer-caterpillar-d8l/","5","repuestos","modelo"
"https://partequipos.com/repuestos-maquinaria-pesada-colombia/repuestos-maquinaria-pesada-marcas/repuestos-para-maquinaria-pesada-caterpillar/repuestos-para-maquinaria-pesada-buldozer-caterpillar/repuestos-bulldozer-caterpillar-d8n/","200","Repuestos para Bulldozer CATERPILLAR D8N","Explora nuestra amplia selección de Repuestos para Bulldozer CATERPILLAR D8N en nuestra tienda PARTEQUIPOS.","","https://partequipos.com/repuestos-maquinaria-pesada-colombia/repuestos-maquinaria-pesada-marcas/repuestos-para-maquinaria-pesada-caterpillar/repuestos-para-maquinaria-pesada-buldozer-caterpillar/repuestos-bulldozer-caterpillar-d8n/","5","repuestos","modelo"
"https://partequipos.com/repuestos-maquinaria-pesada-colombia/repuestos-maquinaria-pesada-marcas/repuestos-para-maquinaria-pesada-caterpillar/repuestos-para-maquinaria-pesada-buldozer-caterpillar/repuestos-bulldozer-caterpillar-d8r/","200","Repuestos para Bulldozer CATERPILLAR D8R","Explora nuestra amplia selección de Repuestos para Bulldozer CATERPILLAR D8R en nuestra tienda PARTEQUIPOS.","","https://partequipos.com/repuestos-maquinaria-pesada-colombia/repuestos-maquinaria-pesada-marcas/repuestos-para-maquinaria-pesada-caterpillar/repuestos-para-maquinaria-pesada-buldozer-caterpillar/repuestos-bulldozer-caterpillar-d8r/","5","repuestos","modelo"
"https://partequipos.com/repuestos-maquinaria-pesada-colombia/repuestos-maquinaria-pesada-marcas/repuestos-para-maquinaria-pesada-caterpillar/repuestos-para-maquinaria-pesada-buldozer-caterpillar/repuestos-bulldozer-caterpillar-d8t/","200","Repuestos para Bulldozer CATERPILLAR D8T","Explora nuestra amplia selección de Repuestos para Bulldozer CATERPILLAR D8T en nuestra tienda PARTEQUIPOS.","","https://partequipos.com/repuestos-maquinaria-pesada-colombia/repuestos-maquinaria-pesada-marcas/repuestos-para-maquinaria-pesada-caterpillar/repuestos-para-maquinaria-pesada-buldozer-caterpillar/repuestos-bulldozer-caterpillar-d8t/","5","repuestos","modelo"
"https://partequipos.com/repuestos-maquinaria-pesada-colombia/repuestos-maquinaria-pesada-marcas/repuestos-para-maquinaria-pesada-caterpillar/repuestos-para-maquinaria-pesada-cargador-frontal-caterpillar/","200","Repuestos para Cargador Frontal CATERPILLAR - Partequipos","Explora nuestra amplia selección de Repuestos para Cargador Frontal CATERPILLAR en nuestra tienda PARTEQUIPOS.","","https://partequipos.com/repuestos-maquinaria-pesada-colombia/repuestos-maquinaria-pesada-marcas/repuestos-para-maquinaria-pesada-caterpillar/repuestos-para-maquinaria-pesada-cargador-frontal-caterpillar/","4","repuestos","tipo"
"https://partequipos.com/repuestos-maquinaria-pesada-colombia/repuestos-maquinaria-pesada-marcas/repuestos-para-maquinaria-pesada-caterpillar/repuestos-para-maquinaria-pesada-cargador-frontal-caterpillar/repuestos-cargador-frontal-caterpillar-920/","200","Repuestos para Cargador Frontal CATERPILLAR 920","Explora nuestra amplia selección de Repuestos para Cargador Frontal CATERPILLAR 920 en nuestra tienda PARTEQUIPOS.","","https://partequipos.com/repuestos-maquinaria-pesada-colombia/repuestos-maquinaria-pesada-marcas/repuestos-para-maquinaria-pesada-caterpillar/repuestos-para-maquinaria-pesada-cargador-frontal-caterpillar/repuestos-cargador-frontal-caterpillar-920/","5","repuestos","modelo"
"https://partequipos.com/repuestos-maquinaria-pesada-colombia/repuestos-maquinaria-pesada-marcas/repuestos-para-maquinaria-pesada-caterpillar/repuestos-para-maquinaria-pesada-cargador-frontal-caterpillar/repuestos-cargador-frontal-caterpillar-924f/","200","Repuestos para Cargador Frontal CATERPILLAR 924F","Explora nuestra amplia selección de Repuestos para Cargador Frontal CATERPILLAR 924F en nuestra tienda PARTEQUIPOS.","","https://partequipos.com/repuestos-maquinaria-pesada-colombia/repuestos-maquinaria-pesada-marcas/repuestos-para-maquinaria-pesada-caterpillar/repuestos-para-maquinaria-pesada-cargador-frontal-caterpillar/repuestos-cargador-frontal-caterpillar-924f/","5","repuestos","modelo"
"https://partequipos.com/repuestos-maquinaria-pesada-colombia/repuestos-maquinaria-pesada-marcas/repuestos-para-maquinaria-pesada-caterpillar/repuestos-para-maquinaria-pesada-cargador-frontal-caterpillar/repuestos-cargador-frontal-caterpillar-924g/","200","Repuestos para Cargador Frontal CATERPILLAR 924G","Explora nuestra amplia selección de Repuestos para Cargador Frontal CATERPILLAR 924G en nuestra tienda PARTEQUIPOS.","","https://partequipos.com/repuestos-maquinaria-pesada-colombia/repuestos-maquinaria-pesada-marcas/repuestos-para-maquinaria-pesada-caterpillar/repuestos-para-maquinaria-pesada-cargador-frontal-caterpillar/repuestos-cargador-frontal-caterpillar-924g/","5","repuestos","modelo"
"https://partequipos.com/repuestos-maquinaria-pesada-colombia/repuestos-maquinaria-pesada-marcas/repuestos-para-maquinaria-pesada-caterpillar/repuestos-para-maquinaria-pesada-cargador-frontal-caterpillar/repuestos-cargador-frontal-caterpillar-924h/","200","Repuestos para Cargador Frontal CATERPILLAR 924H","Explora nuestra amplia selección de Repuestos para Cargador Frontal CATERPILLAR 924H en nuestra tienda PARTEQUIPOS.","","https://partequipos.com/repuestos-maquinaria-pesada-colombia/repuestos-maquinaria-pesada-marcas/repuestos-para-maquinaria-pesada-caterpillar/repuestos-para-maquinaria-pesada-cargador-frontal-caterpillar/repuestos-cargador-frontal-caterpillar-924h/","5","repuestos","modelo"
"https://partequipos.com/repuestos-maquinaria-pesada-colombia/repuestos-maquinaria-pesada-marcas/repuestos-para-maquinaria-pesada-caterpillar/repuestos-para-maquinaria-pesada-cargador-frontal-caterpillar/repuestos-cargador-frontal-caterpillar-924k/","200","Repuestos para Cargador Frontal CATERPILLAR 924K","Explora nuestra amplia selección de Repuestos para Cargador Frontal CATERPILLAR 924K en nuestra tienda PARTEQUIPOS.","","https://partequipos.com/repuestos-maquinaria-pesada-colombia/repuestos-maquinaria-pesada-marcas/repuestos-para-maquinaria-pesada-caterpillar/repuestos-para-maquinaria-pesada-cargador-frontal-caterpillar/repuestos-cargador-frontal-caterpillar-924k/","5","repuestos","modelo"
"https://partequipos.com/repuestos-maquinaria-pesada-colombia/repuestos-maquinaria-pesada-marcas/repuestos-para-maquinaria-pesada-caterpillar/repuestos-para-maquinaria-pesada-cargador-frontal-caterpillar/repuestos-cargador-frontal-caterpillar-928f/","200","Repuestos para Cargador Frontal CATERPILLAR 928F","Explora nuestra amplia selección de Repuestos para Cargador Frontal CATERPILLAR 928F en nuestra tienda PARTEQUIPOS.","","https://partequipos.com/repuestos-maquinaria-pesada-colombia/repuestos-maquinaria-pesada-marcas/repuestos-para-maquinaria-pesada-caterpillar/repuestos-para-maquinaria-pesada-cargador-frontal-caterpillar/repuestos-cargador-frontal-caterpillar-928f/","5","repuestos","modelo"
"https://partequipos.com/repuestos-maquinaria-pesada-colombia/repuestos-maquinaria-pesada-marcas/repuestos-para-maquinaria-pesada-caterpillar/repuestos-para-maquinaria-pesada-cargador-frontal-caterpillar/repuestos-cargador-frontal-caterpillar-928g/","200","Repuestos para Cargador Frontal CATERPILLAR 928G","Explora nuestra amplia selección de Repuestos para Cargador Frontal CATERPILLAR 928G en nuestra tienda PARTEQUIPOS.","","https://partequipos.com/repuestos-maquinaria-pesada-colombia/repuestos-maquinaria-pesada-marcas/repuestos-para-maquinaria-pesada-caterpillar/repuestos-para-maquinaria-pesada-cargador-frontal-caterpillar/repuestos-cargador-frontal-caterpillar-928g/","5","repuestos","modelo"
"https://partequipos.com/repuestos-maquinaria-pesada-colombia/repuestos-maquinaria-pesada-marcas/repuestos-para-maquinaria-pesada-caterpillar/repuestos-para-maquinaria-pesada-cargador-frontal-caterpillar/repuestos-cargador-frontal-caterpillar-928h/","200","Repuestos para Cargador Frontal CATERPILLAR 928H","Explora nuestra amplia selección de Repuestos para Cargador Frontal CATERPILLAR 928H en nuestra tienda PARTEQUIPOS.","","https://partequipos.com/repuestos-maquinaria-pesada-colombia/repuestos-maquinaria-pesada-marcas/repuestos-para-maquinaria-pesada-caterpillar/repuestos-para-maquinaria-pesada-cargador-frontal-caterpillar/repuestos-cargador-frontal-caterpillar-928h/","5","repuestos","modelo"
"https://partequipos.com/repuestos-maquinaria-pesada-colombia/repuestos-maquinaria-pesada-marcas/repuestos-para-maquinaria-pesada-caterpillar/repuestos-para-maquinaria-pesada-cargador-frontal-caterpillar/repuestos-cargador-frontal-caterpillar-930/","200","Repuestos para Cargador Frontal CATERPILLAR 930","Explora nuestra amplia selección de Repuestos para Cargador Frontal CATERPILLAR 930 en nuestra tienda PARTEQUIPOS.","","https://partequipos.com/repuestos-maquinaria-pesada-colombia/repuestos-maquinaria-pesada-marcas/repuestos-para-maquinaria-pesada-caterpillar/repuestos-para-maquinaria-pesada-cargador-frontal-caterpillar/repuestos-cargador-frontal-caterpillar-930/","5","repuestos","modelo"
"https://partequipos.com/repuestos-maquinaria-pesada-colombia/repuestos-maquinaria-pesada-marcas/repuestos-para-maquinaria-pesada-caterpillar/repuestos-para-maquinaria-pesada-cargador-frontal-caterpillar/repuestos-cargador-frontal-caterpillar-930g/","200","Repuestos para Cargador Frontal CATERPILLAR 930G","Explora nuestra amplia selección de Repuestos para Cargador Frontal CATERPILLAR 930G en nuestra tienda PARTEQUIPOS.","","https://partequipos.com/repuestos-maquinaria-pesada-colombia/repuestos-maquinaria-pesada-marcas/repuestos-para-maquinaria-pesada-caterpillar/repuestos-para-maquinaria-pesada-cargador-frontal-caterpillar/repuestos-cargador-frontal-caterpillar-930g/","5","repuestos","modelo"
"https://partequipos.com/repuestos-maquinaria-pesada-colombia/repuestos-maquinaria-pesada-marcas/repuestos-para-maquinaria-pesada-caterpillar/repuestos-para-maquinaria-pesada-cargador-frontal-caterpillar/repuestos-cargador-frontal-caterpillar-930r-t/","200","Repuestos para Cargador Frontal CATERPILLAR 930R-T","Explora nuestra amplia selección de Repuestos para Cargador Frontal CATERPILLAR 930R-T en nuestra tienda PARTEQUIPOS.","","https://partequipos.com/repuestos-maquinaria-pesada-colombia/repuestos-maquinaria-pesada-marcas/repuestos-para-maquinaria-pesada-caterpillar/repuestos-para-maquinaria-pesada-cargador-frontal-caterpillar/repuestos-cargador-frontal-caterpillar-930r-t/","5","repuestos","modelo"
"https://partequipos.com/repuestos-maquinaria-pesada-colombia/repuestos-maquinaria-pesada-marcas/repuestos-para-maquinaria-pesada-caterpillar/repuestos-para-maquinaria-pesada-cargador-frontal-caterpillar/repuestos-cargador-frontal-caterpillar-938g/","200","Repuestos para Cargador Frontal CATERPILLAR 938G","Explora nuestra amplia selección de Repuestos para Cargador Frontal CATERPILLAR 938G en nuestra tienda PARTEQUIPOS.","","https://partequipos.com/repuestos-maquinaria-pesada-colombia/repuestos-maquinaria-pesada-marcas/repuestos-para-maquinaria-pesada-caterpillar/repuestos-para-maquinaria-pesada-cargador-frontal-caterpillar/repuestos-cargador-frontal-caterpillar-938g/","5","repuestos","modelo"
"https://partequipos.com/repuestos-maquinaria-pesada-colombia/repuestos-maquinaria-pesada-marcas/repuestos-para-maquinaria-pesada-caterpillar/repuestos-para-maquinaria-pesada-cargador-frontal-caterpillar/repuestos-cargador-frontal-caterpillar-938h/","200","Repuestos para Cargador Frontal CATERPILLAR 938H","Explora nuestra amplia selección de Repuestos para Cargador Frontal CATERPILLAR 938H en nuestra tienda PARTEQUIPOS.","","https://partequipos.com/repuestos-maquinaria-pesada-colombia/repuestos-maquinaria-pesada-marcas/repuestos-para-maquinaria-pesada-caterpillar/repuestos-para-maquinaria-pesada-cargador-frontal-caterpillar/repuestos-cargador-frontal-caterpillar-938h/","5","repuestos","modelo"
"https://partequipos.com/repuestos-maquinaria-pesada-colombia/repuestos-maquinaria-pesada-marcas/repuestos-para-maquinaria-pesada-caterpillar/repuestos-para-maquinaria-pesada-cargador-frontal-caterpillar/repuestos-cargador-frontal-caterpillar-938k/","200","Repuestos para Cargador Frontal CATERPILLAR 938K","Explora nuestra amplia selección de Repuestos para Cargador Frontal CATERPILLAR 938K en nuestra tienda PARTEQUIPOS.","","https://partequipos.com/repuestos-maquinaria-pesada-colombia/repuestos-maquinaria-pesada-marcas/repuestos-para-maquinaria-pesada-caterpillar/repuestos-para-maquinaria-pesada-cargador-frontal-caterpillar/repuestos-cargador-frontal-caterpillar-938k/","5","repuestos","modelo"
"https://partequipos.com/repuestos-maquinaria-pesada-colombia/repuestos-maquinaria-pesada-marcas/repuestos-para-maquinaria-pesada-caterpillar/repuestos-para-maquinaria-pesada-cargador-frontal-caterpillar/repuestos-cargador-frontal-caterpillar-950/","200","Repuestos para Cargador Frontal CATERPILLAR 950","Explora nuestra amplia selección de Repuestos para Cargador Frontal CATERPILLAR 950 en nuestra tienda PARTEQUIPOS.","","https://partequipos.com/repuestos-maquinaria-pesada-colombia/repuestos-maquinaria-pesada-marcas/repuestos-para-maquinaria-pesada-caterpillar/repuestos-para-maquinaria-pesada-cargador-frontal-caterpillar/repuestos-cargador-frontal-caterpillar-950/","5","repuestos","modelo"
"https://partequipos.com/repuestos-maquinaria-pesada-colombia/repuestos-maquinaria-pesada-marcas/repuestos-para-maquinaria-pesada-caterpillar/repuestos-para-maquinaria-pesada-cargador-frontal-caterpillar/repuestos-cargador-frontal-caterpillar-950b/","200","Repuestos para Cargador Frontal CATERPILLAR 950B","Explora nuestra amplia selección de Repuestos para Cargador Frontal CATERPILLAR 950B en nuestra tienda PARTEQUIPOS.","","https://partequipos.com/repuestos-maquinaria-pesada-colombia/repuestos-maquinaria-pesada-marcas/repuestos-para-maquinaria-pesada-caterpillar/repuestos-para-maquinaria-pesada-cargador-frontal-caterpillar/repuestos-cargador-frontal-caterpillar-950b/","5","repuestos","modelo"
"https://partequipos.com/repuestos-maquinaria-pesada-colombia/repuestos-maquinaria-pesada-marcas/repuestos-para-maquinaria-pesada-caterpillar/repuestos-para-maquinaria-pesada-cargador-frontal-caterpillar/repuestos-cargador-frontal-caterpillar-950f/","200","Repuestos para Cargador Frontal CATERPILLAR 950F","Explora nuestra amplia selección de Repuestos para Cargador Frontal CATERPILLAR 950F en nuestra tienda PARTEQUIPOS.","","https://partequipos.com/repuestos-maquinaria-pesada-colombia/repuestos-maquinaria-pesada-marcas/repuestos-para-maquinaria-pesada-caterpillar/repuestos-para-maquinaria-pesada-cargador-frontal-caterpillar/repuestos-cargador-frontal-caterpillar-950f/","5","repuestos","modelo"
"https://partequipos.com/repuestos-maquinaria-pesada-colombia/repuestos-maquinaria-pesada-marcas/repuestos-para-maquinaria-pesada-caterpillar/repuestos-para-maquinaria-pesada-cargador-frontal-caterpillar/repuestos-cargador-frontal-caterpillar-950g/","200","Repuestos para Cargador Frontal CATERPILLAR 950G","Explora nuestra amplia selección de Repuestos para Cargador Frontal CATERPILLAR 950G en nuestra tienda PARTEQUIPOS.","","https://partequipos.com/repuestos-maquinaria-pesada-colombia/repuestos-maquinaria-pesada-marcas/repuestos-para-maquinaria-pesada-caterpillar/repuestos-para-maquinaria-pesada-cargador-frontal-caterpillar/repuestos-cargador-frontal-caterpillar-950g/","5","repuestos","modelo"
"https://partequipos.com/repuestos-maquinaria-pesada-colombia/repuestos-maquinaria-pesada-marcas/repuestos-para-maquinaria-pesada-caterpillar/repuestos-para-maquinaria-pesada-cargador-frontal-caterpillar/repuestos-cargador-frontal-caterpillar-950gc/","200","Repuestos para Cargador Frontal CATERPILLAR 950GC","Explora nuestra amplia selección de Repuestos para Cargador Frontal CATERPILLAR 950GC en nuestra tienda PARTEQUIPOS.","","https://partequipos.com/repuestos-maquinaria-pesada-colombia/repuestos-maquinaria-pesada-marcas/repuestos-para-maquinaria-pesada-caterpillar/repuestos-para-maquinaria-pesada-cargador-frontal-caterpillar/repuestos-cargador-frontal-caterpillar-950gc/","5","repuestos","modelo"
"https://partequipos.com/repuestos-maquinaria-pesada-colombia/repuestos-maquinaria-pesada-marcas/repuestos-para-maquinaria-pesada-caterpillar/repuestos-para-maquinaria-pesada-cargador-frontal-caterpillar/repuestos-cargador-frontal-caterpillar-950h/","200","Repuestos para Cargador Frontal CATERPILLAR 950H","Explora nuestra amplia selección de Repuestos para Cargador Frontal CATERPILLAR 950H en nuestra tienda PARTEQUIPOS.","","https://partequipos.com/repuestos-maquinaria-pesada-colombia/repuestos-maquinaria-pesada-marcas/repuestos-para-maquinaria-pesada-caterpillar/repuestos-para-maquinaria-pesada-cargador-frontal-caterpillar/repuestos-cargador-frontal-caterpillar-950h/","5","repuestos","modelo"
"https://partequipos.com/repuestos-maquinaria-pesada-colombia/repuestos-maquinaria-pesada-marcas/repuestos-para-maquinaria-pesada-caterpillar/repuestos-para-maquinaria-pesada-cargador-frontal-caterpillar/repuestos-cargador-frontal-caterpillar-950k/","200","Repuestos para Cargador Frontal CATERPILLAR 950K","Explora nuestra amplia selección de Repuestos para Cargador Frontal CATERPILLAR 950K en nuestra tienda PARTEQUIPOS.","","https://partequipos.com/repuestos-maquinaria-pesada-colombia/repuestos-maquinaria-pesada-marcas/repuestos-para-maquinaria-pesada-caterpillar/repuestos-para-maquinaria-pesada-cargador-frontal-caterpillar/repuestos-cargador-frontal-caterpillar-950k/","5","repuestos","modelo"
"https://partequipos.com/repuestos-maquinaria-pesada-colombia/repuestos-maquinaria-pesada-marcas/repuestos-para-maquinaria-pesada-caterpillar/repuestos-para-maquinaria-pesada-cargador-frontal-caterpillar/repuestos-cargador-frontal-caterpillar-962h/","200","Repuestos para Cargador Frontal CATERPILLAR 962H","Explora nuestra amplia selección de Repuestos para Cargador Frontal CATERPILLAR 962H en nuestra tienda PARTEQUIPOS.","","https://partequipos.com/repuestos-maquinaria-pesada-colombia/repuestos-maquinaria-pesada-marcas/repuestos-para-maquinaria-pesada-caterpillar/repuestos-para-maquinaria-pesada-cargador-frontal-caterpillar/repuestos-cargador-frontal-caterpillar-962h/","5","repuestos","modelo"
"https://partequipos.com/repuestos-maquinaria-pesada-colombia/repuestos-maquinaria-pesada-marcas/repuestos-para-maquinaria-pesada-caterpillar/repuestos-para-maquinaria-pesada-cargador-frontal-caterpillar/repuestos-cargador-frontal-caterpillar-966f/","200","Repuestos para Cargador Frontal CATERPILLAR 966F","Explora nuestra amplia selección de Repuestos para Cargador Frontal CATERPILLAR 966F en nuestra tienda PARTEQUIPOS.","","https://partequipos.com/repuestos-maquinaria-pesada-colombia/repuestos-maquinaria-pesada-marcas/repuestos-para-maquinaria-pesada-caterpillar/repuestos-para-maquinaria-pesada-cargador-frontal-caterpillar/repuestos-cargador-frontal-caterpillar-966f/","5","repuestos","modelo"
"https://partequipos.com/repuestos-maquinaria-pesada-colombia/repuestos-maquinaria-pesada-marcas/repuestos-para-maquinaria-pesada-caterpillar/repuestos-para-maquinaria-pesada-cargador-frontal-caterpillar/repuestos-cargador-frontal-caterpillar-966g/","200","Repuestos para Cargador Frontal CATERPILLAR 966G","Explora nuestra amplia selección de Repuestos para Cargador Frontal CATERPILLAR 966G en nuestra tienda PARTEQUIPOS.","","https://partequipos.com/repuestos-maquinaria-pesada-colombia/repuestos-maquinaria-pesada-marcas/repuestos-para-maquinaria-pesada-caterpillar/repuestos-para-maquinaria-pesada-cargador-frontal-caterpillar/repuestos-cargador-frontal-caterpillar-966g/","5","repuestos","modelo"
"https://partequipos.com/repuestos-maquinaria-pesada-colombia/repuestos-maquinaria-pesada-marcas/repuestos-para-maquinaria-pesada-caterpillar/repuestos-para-maquinaria-pesada-cargador-frontal-caterpillar/repuestos-cargador-frontal-caterpillar-966h/","200","Repuestos para Cargador Frontal CATERPILLAR 966H","Explora nuestra amplia selección de Repuestos para Cargador Frontal CATERPILLAR 966H en nuestra tienda PARTEQUIPOS.","","https://partequipos.com/repuestos-maquinaria-pesada-colombia/repuestos-maquinaria-pesada-marcas/repuestos-para-maquinaria-pesada-caterpillar/repuestos-para-maquinaria-pesada-cargador-frontal-caterpillar/repuestos-cargador-frontal-caterpillar-966h/","5","repuestos","modelo"
"https://partequipos.com/repuestos-maquinaria-pesada-colombia/repuestos-maquinaria-pesada-marcas/repuestos-para-maquinaria-pesada-caterpillar/repuestos-para-maquinaria-pesada-excavadora-caterpillar/","200","Repuestos para Excavadora CATERPILLAR - Partequipos","Explora nuestra amplia selección de Repuestos para maquinaria pesada Excavadora CATERPILLAR en nuestra tienda PARTEQUIPOS.","","https://partequipos.com/repuestos-maquinaria-pesada-colombia/repuestos-maquinaria-pesada-marcas/repuestos-para-maquinaria-pesada-caterpillar/repuestos-para-maquinaria-pesada-excavadora-caterpillar/","4","repuestos","tipo"
"https://partequipos.com/repuestos-maquinaria-pesada-colombia/repuestos-maquinaria-pesada-marcas/repuestos-para-maquinaria-pesada-caterpillar/repuestos-para-maquinaria-pesada-excavadora-caterpillar/repuestos-excavadora-caterpillar-311/","200","Repuestos para Excavadora CATERPILLAR 311","Explora nuestra amplia selección de Repuestos para Excavadora CATERPILLAR 311 en nuestra tienda PARTEQUIPOS.","","https://partequipos.com/repuestos-maquinaria-pesada-colombia/repuestos-maquinaria-pesada-marcas/repuestos-para-maquinaria-pesada-caterpillar/repuestos-para-maquinaria-pesada-excavadora-caterpillar/repuestos-excavadora-caterpillar-311/","5","repuestos","modelo"
"https://partequipos.com/repuestos-maquinaria-pesada-colombia/repuestos-maquinaria-pesada-marcas/repuestos-para-maquinaria-pesada-caterpillar/repuestos-para-maquinaria-pesada-excavadora-caterpillar/repuestos-excavadora-caterpillar-311b/","200","Repuestos para Excavadora CATERPILLAR 311B","Explora nuestra amplia selección de Repuestos para Excavadora CATERPILLAR 311B en nuestra tienda PARTEQUIPOS.","","https://partequipos.com/repuestos-maquinaria-pesada-colombia/repuestos-maquinaria-pesada-marcas/repuestos-para-maquinaria-pesada-caterpillar/repuestos-para-maquinaria-pesada-excavadora-caterpillar/repuestos-excavadora-caterpillar-311b/","5","repuestos","modelo"
"https://partequipos.com/repuestos-maquinaria-pesada-colombia/repuestos-maquinaria-pesada-marcas/repuestos-para-maquinaria-pesada-caterpillar/repuestos-para-maquinaria-pesada-excavadora-caterpillar/repuestos-excavadora-caterpillar-311c/","200","Repuestos para Excavadora CATERPILLAR 311C","Explora nuestra amplia selección de Repuestos para Excavadora CATERPILLAR 311C en nuestra tienda PARTEQUIPOS.","","https://partequipos.com/repuestos-maquinaria-pesada-colombia/repuestos-maquinaria-pesada-marcas/repuestos-para-maquinaria-pesada-caterpillar/repuestos-para-maquinaria-pesada-excavadora-caterpillar/repuestos-excavadora-caterpillar-311c/","5","repuestos","modelo"
"https://partequipos.com/repuestos-maquinaria-pesada-colombia/repuestos-maquinaria-pesada-marcas/repuestos-para-maquinaria-pesada-caterpillar/repuestos-para-maquinaria-pesada-excavadora-caterpillar/repuestos-excavadora-caterpillar-312/","200","Repuestos para Excavadora CATERPILLAR 312","Explora nuestra amplia selección de Repuestos para Excavadora CATERPILLAR 312 en nuestra tienda PARTEQUIPOS.","","https://partequipos.com/repuestos-maquinaria-pesada-colombia/repuestos-maquinaria-pesada-marcas/repuestos-para-maquinaria-pesada-caterpillar/repuestos-para-maquinaria-pesada-excavadora-caterpillar/repuestos-excavadora-caterpillar-312/","5","repuestos","modelo"
"https://partequipos.com/repuestos-maquinaria-pesada-colombia/repuestos-maquinaria-pesada-marcas/repuestos-para-maquinaria-pesada-caterpillar/repuestos-para-maquinaria-pesada-excavadora-caterpillar/repuestos-excavadora-caterpillar-312b/","200","Repuestos para Excavadora CATERPILLAR 312B","Explora nuestra amplia selección de Repuestos para Excavadora CATERPILLAR 312B en nuestra tienda PARTEQUIPOS.","","https://partequipos.com/repuestos-maquinaria-pesada-colombia/repuestos-maquinaria-pesada-marcas/repuestos-para-maquinaria-pesada-caterpillar/repuestos-para-maquinaria-pesada-excavadora-caterpillar/repuestos-excavadora-caterpillar-312b/","5","repuestos","modelo"
"https://partequipos.com/repuestos-maquinaria-pesada-colombia/repuestos-maquinaria-pesada-marcas/repuestos-para-maquinaria-pesada-caterpillar/repuestos-para-maquinaria-pesada-excavadora-caterpillar/repuestos-excavadora-caterpillar-312c/","200","Repuestos para Excavadora CATERPILLAR 312C","Explora nuestra amplia selección de Repuestos para Excavadora CATERPILLAR 312C en nuestra tienda PARTEQUIPOS.","","https://partequipos.com/repuestos-maquinaria-pesada-colombia/repuestos-maquinaria-pesada-marcas/repuestos-para-maquinaria-pesada-caterpillar/repuestos-para-maquinaria-pesada-excavadora-caterpillar/repuestos-excavadora-caterpillar-312c/","5","repuestos","modelo"
"https://partequipos.com/repuestos-maquinaria-pesada-colombia/repuestos-maquinaria-pesada-marcas/repuestos-para-maquinaria-pesada-caterpillar/repuestos-para-maquinaria-pesada-excavadora-caterpillar/repuestos-excavadora-caterpillar-312d/","200","Repuestos para Excavadora CATERPILLAR 312D","Explora nuestra amplia selección de Repuestos para Excavadora CATERPILLAR 312D en nuestra tienda PARTEQUIPOS.","","https://partequipos.com/repuestos-maquinaria-pesada-colombia/repuestos-maquinaria-pesada-marcas/repuestos-para-maquinaria-pesada-caterpillar/repuestos-para-maquinaria-pesada-excavadora-caterpillar/repuestos-excavadora-caterpillar-312d/","5","repuestos","modelo"
"https://partequipos.com/repuestos-maquinaria-pesada-colombia/repuestos-maquinaria-pesada-marcas/repuestos-para-maquinaria-pesada-caterpillar/repuestos-para-maquinaria-pesada-excavadora-caterpillar/repuestos-excavadora-caterpillar-312d2/","200","Repuestos para Excavadora CATERPILLAR 312D2","Explora nuestra amplia selección de Repuestos para Excavadora CATERPILLAR 312D2 en nuestra tienda PARTEQUIPOS.","","https://partequipos.com/repuestos-maquinaria-pesada-colombia/repuestos-maquinaria-pesada-marcas/repuestos-para-maquinaria-pesada-caterpillar/repuestos-para-maquinaria-pesada-excavadora-caterpillar/repuestos-excavadora-caterpillar-312d2/","5","repuestos","modelo"
"https://partequipos.com/repuestos-maquinaria-pesada-colombia/repuestos-maquinaria-pesada-marcas/repuestos-para-maquinaria-pesada-caterpillar/repuestos-para-maquinaria-pesada-excavadora-caterpillar/repuestos-excavadora-caterpillar-313b/","200","Repuestos para Excavadora CATERPILLAR 313B","Explora nuestra amplia selección de Repuestos para Excavadora CATERPILLAR 313B en nuestra tienda PARTEQUIPOS.","","https://partequipos.com/repuestos-maquinaria-pesada-colombia/repuestos-maquinaria-pesada-marcas/repuestos-para-maquinaria-pesada-caterpillar/repuestos-para-maquinaria-pesada-excavadora-caterpillar/repuestos-excavadora-caterpillar-313b/","5","repuestos","modelo"
"https://partequipos.com/repuestos-maquinaria-pesada-colombia/repuestos-maquinaria-pesada-marcas/repuestos-para-maquinaria-pesada-caterpillar/repuestos-para-maquinaria-pesada-excavadora-caterpillar/repuestos-excavadora-caterpillar-313d2/","200","Repuestos para Excavadora CATERPILLAR 313D2","Explora nuestra amplia selección de Repuestos para Excavadora CATERPILLAR 313D2 en nuestra tienda PARTEQUIPOS.","","https://partequipos.com/repuestos-maquinaria-pesada-colombia/repuestos-maquinaria-pesada-marcas/repuestos-para-maquinaria-pesada-caterpillar/repuestos-para-maquinaria-pesada-excavadora-caterpillar/repuestos-excavadora-caterpillar-313d2/","5","repuestos","modelo"
"https://partequipos.com/repuestos-maquinaria-pesada-colombia/repuestos-maquinaria-pesada-marcas/repuestos-para-maquinaria-pesada-caterpillar/repuestos-para-maquinaria-pesada-excavadora-caterpillar/repuestos-excavadora-caterpillar-314c/","200","Repuestos para Excavadora CATERPILLAR 314C","Explora nuestra amplia selección de Repuestos para Excavadora CATERPILLAR 314C en nuestra tienda PARTEQUIPOS.","","https://partequipos.com/repuestos-maquinaria-pesada-colombia/repuestos-maquinaria-pesada-marcas/repuestos-para-maquinaria-pesada-caterpillar/repuestos-para-maquinaria-pesada-excavadora-caterpillar/repuestos-excavadora-caterpillar-314c/","5","repuestos","modelo"
"https://partequipos.com/repuestos-maquinaria-pesada-colombia/repuestos-maquinaria-pesada-marcas/repuestos-para-maquinaria-pesada-caterpillar/repuestos-para-maquinaria-pesada-excavadora-caterpillar/repuestos-excavadora-caterpillar-315c/","200","Repuestos para Excavadora CATERPILLAR 315C","Explora nuestra amplia selección de Repuestos para Excavadora CATERPILLAR 315C en nuestra tienda PARTEQUIPOS.","","https://partequipos.com/repuestos-maquinaria-pesada-colombia/repuestos-maquinaria-pesada-marcas/repuestos-para-maquinaria-pesada-caterpillar/repuestos-para-maquinaria-pesada-excavadora-caterpillar/repuestos-excavadora-caterpillar-315c/","5","repuestos","modelo"
"https://partequipos.com/repuestos-maquinaria-pesada-colombia/repuestos-maquinaria-pesada-marcas/repuestos-para-maquinaria-pesada-caterpillar/repuestos-para-maquinaria-pesada-excavadora-caterpillar/repuestos-excavadora-caterpillar-315d/","200","Repuestos para Excavadora CATERPILLAR 315D","Explora nuestra amplia selección de Repuestos para Excavadora CATERPILLAR 315D en nuestra tienda PARTEQUIPOS.","","https://partequipos.com/repuestos-maquinaria-pesada-colombia/repuestos-maquinaria-pesada-marcas/repuestos-para-maquinaria-pesada-caterpillar/repuestos-para-maquinaria-pesada-excavadora-caterpillar/repuestos-excavadora-caterpillar-315d/","5","repuestos","modelo"
"https://partequipos.com/repuestos-maquinaria-pesada-colombia/repuestos-maquinaria-pesada-marcas/repuestos-para-maquinaria-pesada-caterpillar/repuestos-para-maquinaria-pesada-excavadora-caterpillar/repuestos-excavadora-caterpillar-320/","200","Repuestos para Excavadora CATERPILLAR 320","Explora nuestra amplia selección de Repuestos para Excavadora CATERPILLAR 320 en nuestra tienda PARTEQUIPOS.","","https://partequipos.com/repuestos-maquinaria-pesada-colombia/repuestos-maquinaria-pesada-marcas/repuestos-para-maquinaria-pesada-caterpillar/repuestos-para-maquinaria-pesada-excavadora-caterpillar/repuestos-excavadora-caterpillar-320/","5","repuestos","modelo"
"https://partequipos.com/repuestos-maquinaria-pesada-colombia/repuestos-maquinaria-pesada-marcas/repuestos-para-maquinaria-pesada-caterpillar/repuestos-para-maquinaria-pesada-excavadora-caterpillar/repuestos-excavadora-caterpillar-320b/","200","Repuestos para Excavadora CATERPILLAR 320B","Explora nuestra amplia selección de Repuestos para Excavadora CATERPILLAR 320B en nuestra tienda PARTEQUIPOS.","","https://partequipos.com/repuestos-maquinaria-pesada-colombia/repuestos-maquinaria-pesada-marcas/repuestos-para-maquinaria-pesada-caterpillar/repuestos-para-maquinaria-pesada-excavadora-caterpillar/repuestos-excavadora-caterpillar-320b/","5","repuestos","modelo"
"https://partequipos.com/repuestos-maquinaria-pesada-colombia/repuestos-maquinaria-pesada-marcas/repuestos-para-maquinaria-pesada-caterpillar/repuestos-para-maquinaria-pesada-excavadora-caterpillar/repuestos-excavadora-caterpillar-320c/","200","Repuestos para Excavadora CATERPILLAR 320C","Explora nuestra amplia selección de Repuestos para Excavadora CATERPILLAR 320C en nuestra tienda PARTEQUIPOS.","","https://partequipos.com/repuestos-maquinaria-pesada-colombia/repuestos-maquinaria-pesada-marcas/repuestos-para-maquinaria-pesada-caterpillar/repuestos-para-maquinaria-pesada-excavadora-caterpillar/repuestos-excavadora-caterpillar-320c/","5","repuestos","modelo"
"https://partequipos.com/repuestos-maquinaria-pesada-colombia/repuestos-maquinaria-pesada-marcas/repuestos-para-maquinaria-pesada-caterpillar/repuestos-para-maquinaria-pesada-excavadora-caterpillar/repuestos-excavadora-caterpillar-320d/","200","Repuestos para Excavadora CATERPILLAR 320D","Explora nuestra amplia selección de Repuestos para Excavadora CATERPILLAR 320D en nuestra tienda PARTEQUIPOS.","","https://partequipos.com/repuestos-maquinaria-pesada-colombia/repuestos-maquinaria-pesada-marcas/repuestos-para-maquinaria-pesada-caterpillar/repuestos-para-maquinaria-pesada-excavadora-caterpillar/repuestos-excavadora-caterpillar-320d/","5","repuestos","modelo"
"https://partequipos.com/repuestos-maquinaria-pesada-colombia/repuestos-maquinaria-pesada-marcas/repuestos-para-maquinaria-pesada-caterpillar/repuestos-para-maquinaria-pesada-excavadora-caterpillar/repuestos-excavadora-caterpillar-320d2/","200","Repuestos para Excavadora CATERPILLAR 320D2","Explora nuestra amplia selección de Repuestos para Excavadora CATERPILLAR 320D2 en nuestra tienda PARTEQUIPOS.","","https://partequipos.com/repuestos-maquinaria-pesada-colombia/repuestos-maquinaria-pesada-marcas/repuestos-para-maquinaria-pesada-caterpillar/repuestos-para-maquinaria-pesada-excavadora-caterpillar/repuestos-excavadora-caterpillar-320d2/","5","repuestos","modelo"
"https://partequipos.com/repuestos-maquinaria-pesada-colombia/repuestos-maquinaria-pesada-marcas/repuestos-para-maquinaria-pesada-caterpillar/repuestos-para-maquinaria-pesada-excavadora-caterpillar/repuestos-excavadora-caterpillar-320gc/","200","Repuestos para Excavadora CATERPILLAR 320GC","Explora nuestra amplia selección de Repuestos para Excavadora CATERPILLAR 320GC en nuestra tienda PARTEQUIPOS.","","https://partequipos.com/repuestos-maquinaria-pesada-colombia/repuestos-maquinaria-pesada-marcas/repuestos-para-maquinaria-pesada-caterpillar/repuestos-para-maquinaria-pesada-excavadora-caterpillar/repuestos-excavadora-caterpillar-320gc/","5","repuestos","modelo"
"https://partequipos.com/repuestos-maquinaria-pesada-colombia/repuestos-maquinaria-pesada-marcas/repuestos-para-maquinaria-pesada-caterpillar/repuestos-para-maquinaria-pesada-excavadora-caterpillar/repuestos-excavadora-caterpillar-322c/","200","Repuestos para Excavadora CATERPILLAR 322C","Explora nuestra amplia selección de Repuestos para Excavadora CATERPILLAR 322C en nuestra tienda PARTEQUIPOS.","","https://partequipos.com/repuestos-maquinaria-pesada-colombia/repuestos-maquinaria-pesada-marcas/repuestos-para-maquinaria-pesada-caterpillar/repuestos-para-maquinaria-pesada-excavadora-caterpillar/repuestos-excavadora-caterpillar-322c/","5","repuestos","modelo"
"https://partequipos.com/repuestos-maquinaria-pesada-colombia/repuestos-maquinaria-pesada-marcas/repuestos-para-maquinaria-pesada-caterpillar/repuestos-para-maquinaria-pesada-excavadora-caterpillar/repuestos-excavadora-caterpillar-323d/","200","Repuestos para Excavadora CATERPILLAR 323D","Explora nuestra amplia selección de Repuestos para Excavadora CATERPILLAR 323D en nuestra tienda PARTEQUIPOS.","","https://partequipos.com/repuestos-maquinaria-pesada-colombia/repuestos-maquinaria-pesada-marcas/repuestos-para-maquinaria-pesada-caterpillar/repuestos-para-maquinaria-pesada-excavadora-caterpillar/repuestos-excavadora-caterpillar-323d/","5","repuestos","modelo"
"https://partequipos.com/repuestos-maquinaria-pesada-colombia/repuestos-maquinaria-pesada-marcas/repuestos-para-maquinaria-pesada-caterpillar/repuestos-para-maquinaria-pesada-excavadora-caterpillar/repuestos-excavadora-caterpillar-324d/","200","Repuestos para Excavadora CATERPILLAR 324D","Explora nuestra amplia selección de Repuestos para Excavadora CATERPILLAR 324D en nuestra tienda PARTEQUIPOS.","","https://partequipos.com/repuestos-maquinaria-pesada-colombia/repuestos-maquinaria-pesada-marcas/repuestos-para-maquinaria-pesada-caterpillar/repuestos-para-maquinaria-pesada-excavadora-caterpillar/repuestos-excavadora-caterpillar-324d/","5","repuestos","modelo"
"https://partequipos.com/repuestos-maquinaria-pesada-colombia/repuestos-maquinaria-pesada-marcas/repuestos-para-maquinaria-pesada-caterpillar/repuestos-para-maquinaria-pesada-excavadora-caterpillar/repuestos-excavadora-caterpillar-325c/","200","Repuestos para Excavadora CATERPILLAR 325C","Explora nuestra amplia selección de Repuestos para Excavadora CATERPILLAR 325C en nuestra tienda PARTEQUIPOS.","","https://partequipos.com/repuestos-maquinaria-pesada-colombia/repuestos-maquinaria-pesada-marcas/repuestos-para-maquinaria-pesada-caterpillar/repuestos-para-maquinaria-pesada-excavadora-caterpillar/repuestos-excavadora-caterpillar-325c/","5","repuestos","modelo"
"https://partequipos.com/repuestos-maquinaria-pesada-colombia/repuestos-maquinaria-pesada-marcas/repuestos-para-maquinaria-pesada-caterpillar/repuestos-para-maquinaria-pesada-excavadora-caterpillar/repuestos-excavadora-caterpillar-325d/","200","Repuestos para Excavadora CATERPILLAR 325D","Explora nuestra amplia selección de Repuestos para Excavadora CATERPILLAR 325D en nuestra tienda PARTEQUIPOS.","","https://partequipos.com/repuestos-maquinaria-pesada-colombia/repuestos-maquinaria-pesada-marcas/repuestos-para-maquinaria-pesada-caterpillar/repuestos-para-maquinaria-pesada-excavadora-caterpillar/repuestos-excavadora-caterpillar-325d/","5","repuestos","modelo"
"https://partequipos.com/repuestos-maquinaria-pesada-colombia/repuestos-maquinaria-pesada-marcas/repuestos-para-maquinaria-pesada-caterpillar/repuestos-para-maquinaria-pesada-excavadora-caterpillar/repuestos-excavadora-caterpillar-330/","200","Repuestos para Excavadora CATERPILLAR 330","Explora nuestra amplia selección de Repuestos para Excavadora CATERPILLAR 330 en nuestra tienda PARTEQUIPOS.","","https://partequipos.com/repuestos-maquinaria-pesada-colombia/repuestos-maquinaria-pesada-marcas/repuestos-para-maquinaria-pesada-caterpillar/repuestos-para-maquinaria-pesada-excavadora-caterpillar/repuestos-excavadora-caterpillar-330/","5","repuestos","modelo"
"https://partequipos.com/repuestos-maquinaria-pesada-colombia/repuestos-maquinaria-pesada-marcas/repuestos-para-maquinaria-pesada-caterpillar/repuestos-para-maquinaria-pesada-excavadora-caterpillar/repuestos-excavadora-caterpillar-330b/","200","Repuestos para Excavadora CATERPILLAR 330B","Explora nuestra amplia selección de Repuestos para Excavadora CATERPILLAR 330B en nuestra tienda PARTEQUIPOS.","","https://partequipos.com/repuestos-maquinaria-pesada-colombia/repuestos-maquinaria-pesada-marcas/repuestos-para-maquinaria-pesada-caterpillar/repuestos-para-maquinaria-pesada-excavadora-caterpillar/repuestos-excavadora-caterpillar-330b/","5","repuestos","modelo"
"https://partequipos.com/repuestos-maquinaria-pesada-colombia/repuestos-maquinaria-pesada-marcas/repuestos-para-maquinaria-pesada-caterpillar/repuestos-para-maquinaria-pesada-excavadora-caterpillar/repuestos-excavadora-caterpillar-330c/","200","Repuestos para Excavadora CATERPILLAR 330C","Explora nuestra amplia selección de Repuestos para Excavadora CATERPILLAR 330C en nuestra tienda PARTEQUIPOS.","","https://partequipos.com/repuestos-maquinaria-pesada-colombia/repuestos-maquinaria-pesada-marcas/repuestos-para-maquinaria-pesada-caterpillar/repuestos-para-maquinaria-pesada-excavadora-caterpillar/repuestos-excavadora-caterpillar-330c/","5","repuestos","modelo"
"https://partequipos.com/repuestos-maquinaria-pesada-colombia/repuestos-maquinaria-pesada-marcas/repuestos-para-maquinaria-pesada-caterpillar/repuestos-para-maquinaria-pesada-excavadora-caterpillar/repuestos-excavadora-caterpillar-330d/","200","Repuestos para Excavadora CATERPILLAR 330D","Explora nuestra amplia selección de Repuestos para Excavadora CATERPILLAR 330D en nuestra tienda PARTEQUIPOS.","","https://partequipos.com/repuestos-maquinaria-pesada-colombia/repuestos-maquinaria-pesada-marcas/repuestos-para-maquinaria-pesada-caterpillar/repuestos-para-maquinaria-pesada-excavadora-caterpillar/repuestos-excavadora-caterpillar-330d/","5","repuestos","modelo"
"https://partequipos.com/repuestos-maquinaria-pesada-colombia/repuestos-maquinaria-pesada-marcas/repuestos-para-maquinaria-pesada-caterpillar/repuestos-para-maquinaria-pesada-excavadora-caterpillar/repuestos-excavadora-caterpillar-330d2/","200","Repuestos para Excavadora CATERPILLAR 330D2","Explora nuestra amplia selección de Repuestos para Excavadora CATERPILLAR 330D2 en nuestra tienda PARTEQUIPOS.","","https://partequipos.com/repuestos-maquinaria-pesada-colombia/repuestos-maquinaria-pesada-marcas/repuestos-para-maquinaria-pesada-caterpillar/repuestos-para-maquinaria-pesada-excavadora-caterpillar/repuestos-excavadora-caterpillar-330d2/","5","repuestos","modelo"
"https://partequipos.com/repuestos-maquinaria-pesada-colombia/repuestos-maquinaria-pesada-marcas/repuestos-para-maquinaria-pesada-caterpillar/repuestos-para-maquinaria-pesada-excavadora-caterpillar/repuestos-excavadora-caterpillar-330gc/","200","Repuestos para Excavadora CATERPILLAR 330GC","Explora nuestra amplia selección de Repuestos para Excavadora CATERPILLAR 330GC en nuestra tienda PARTEQUIPOS.","","https://partequipos.com/repuestos-maquinaria-pesada-colombia/repuestos-maquinaria-pesada-marcas/repuestos-para-maquinaria-pesada-caterpillar/repuestos-para-maquinaria-pesada-excavadora-caterpillar/repuestos-excavadora-caterpillar-330gc/","5","repuestos","modelo"
"https://partequipos.com/repuestos-maquinaria-pesada-colombia/repuestos-maquinaria-pesada-marcas/repuestos-para-maquinaria-pesada-caterpillar/repuestos-para-maquinaria-pesada-excavadora-caterpillar/repuestos-excavadora-caterpillar-336d/","200","Repuestos para Excavadora CATERPILLAR 336D","Explora nuestra amplia selección de Repuestos para Excavadora CATERPILLAR 336D en nuestra tienda PARTEQUIPOS.","","https://partequipos.com/repuestos-maquinaria-pesada-colombia/repuestos-maquinaria-pesada-marcas/repuestos-para-maquinaria-pesada-caterpillar/repuestos-para-maquinaria-pesada-excavadora-caterpillar/repuestos-excavadora-caterpillar-336d/","5","repuestos","modelo"
"https://partequipos.com/repuestos-maquinaria-pesada-colombia/repuestos-maquinaria-pesada-marcas/repuestos-para-maquinaria-pesada-caterpillar/repuestos-para-maquinaria-pesada-excavadora-caterpillar/repuestos-excavadora-caterpillar-336d2/","200","Repuestos para Excavadora CATERPILLAR 336D2","Explora nuestra amplia selección de Repuestos para Excavadora CATERPILLAR 336D2 en nuestra tienda PARTEQUIPOS.","","https://partequipos.com/repuestos-maquinaria-pesada-colombia/repuestos-maquinaria-pesada-marcas/repuestos-para-maquinaria-pesada-caterpillar/repuestos-para-maquinaria-pesada-excavadora-caterpillar/repuestos-excavadora-caterpillar-336d2/","5","repuestos","modelo"
"https://partequipos.com/repuestos-maquinaria-pesada-colombia/repuestos-maquinaria-pesada-marcas/repuestos-para-maquinaria-pesada-caterpillar/repuestos-para-maquinaria-pesada-excavadora-caterpillar/repuestos-excavadora-caterpillar-345b/","200","Repuestos para Excavadora CATERPILLAR 345B","Explora nuestra amplia selección de Repuestos para Excavadora CATERPILLAR 345B en nuestra tienda PARTEQUIPOS.","","https://partequipos.com/repuestos-maquinaria-pesada-colombia/repuestos-maquinaria-pesada-marcas/repuestos-para-maquinaria-pesada-caterpillar/repuestos-para-maquinaria-pesada-excavadora-caterpillar/repuestos-excavadora-caterpillar-345b/","5","repuestos","modelo"
"https://partequipos.com/repuestos-maquinaria-pesada-colombia/repuestos-maquinaria-pesada-marcas/repuestos-para-maquinaria-pesada-caterpillar/repuestos-para-maquinaria-pesada-excavadora-caterpillar/repuestos-excavadora-caterpillar-345c/","200","Repuestos para Excavadora CATERPILLAR 345C","Explora nuestra amplia selección de Repuestos para Excavadora CATERPILLAR 345C en nuestra tienda PARTEQUIPOS.","","https://partequipos.com/repuestos-maquinaria-pesada-colombia/repuestos-maquinaria-pesada-marcas/repuestos-para-maquinaria-pesada-caterpillar/repuestos-para-maquinaria-pesada-excavadora-caterpillar/repuestos-excavadora-caterpillar-345c/","5","repuestos","modelo"
"https://partequipos.com/repuestos-maquinaria-pesada-colombia/repuestos-maquinaria-pesada-marcas/repuestos-para-maquinaria-pesada-caterpillar/repuestos-para-maquinaria-pesada-excavadora-caterpillar/repuestos-excavadora-caterpillar-349d2/","200","Repuestos para Excavadora CATERPILLAR 349D2","Explora nuestra amplia selección de Repuestos para Excavadora CATERPILLAR 349D2 en nuestra tienda PARTEQUIPOS.","","https://partequipos.com/repuestos-maquinaria-pesada-colombia/repuestos-maquinaria-pesada-marcas/repuestos-para-maquinaria-pesada-caterpillar/repuestos-para-maquinaria-pesada-excavadora-caterpillar/repuestos-excavadora-caterpillar-349d2/","5","repuestos","modelo"
"https://partequipos.com/repuestos-maquinaria-pesada-colombia/repuestos-maquinaria-pesada-marcas/repuestos-para-maquinaria-pesada-caterpillar/repuestos-para-maquinaria-pesada-excavadora-caterpillar/repuestos-excavadora-caterpillar-e200b/","200","Repuestos para Excavadora CATERPILLAR E200B","Explora nuestra amplia selección de Repuestos para Excavadora CATERPILLAR E200B en nuestra tienda PARTEQUIPOS.","","https://partequipos.com/repuestos-maquinaria-pesada-colombia/repuestos-maquinaria-pesada-marcas/repuestos-para-maquinaria-pesada-caterpillar/repuestos-para-maquinaria-pesada-excavadora-caterpillar/repuestos-excavadora-caterpillar-e200b/","5","repuestos","modelo"
"https://partequipos.com/repuestos-maquinaria-pesada-colombia/repuestos-maquinaria-pesada-marcas/repuestos-para-maquinaria-pesada-caterpillar/repuestos-para-maquinaria-pesada-minicargador-caterpillar/","200","Repuestos para Minicargador CATERPILLAR - Partequipos","Explora nuestra amplia selección de Repuestos para Minicargador CATERPILLAR en nuestra tienda PARTEQUIPOS.","","https://partequipos.com/repuestos-maquinaria-pesada-colombia/repuestos-maquinaria-pesada-marcas/repuestos-para-maquinaria-pesada-caterpillar/repuestos-para-maquinaria-pesada-minicargador-caterpillar/","4","repuestos","tipo"
"https://partequipos.com/repuestos-maquinaria-pesada-colombia/repuestos-maquinaria-pesada-marcas/repuestos-para-maquinaria-pesada-caterpillar/repuestos-para-maquinaria-pesada-minicargador-caterpillar/repuestos-minicargador-caterpillar-226b/","200","Repuestos para MINICARGADOR CATERPILLAR 226B","Explora nuestra amplia selección de Repuestos para MINICARGADOR CATERPILLAR 226B​ en nuestra tienda PARTEQUIPOS.","","https://partequipos.com/repuestos-maquinaria-pesada-colombia/repuestos-maquinaria-pesada-marcas/repuestos-para-maquinaria-pesada-caterpillar/repuestos-para-maquinaria-pesada-minicargador-caterpillar/repuestos-minicargador-caterpillar-226b/","5","repuestos","modelo"
"https://partequipos.com/repuestos-maquinaria-pesada-colombia/repuestos-maquinaria-pesada-marcas/repuestos-para-maquinaria-pesada-caterpillar/repuestos-para-maquinaria-pesada-minicargador-caterpillar/repuestos-minicargador-caterpillar-226b3/","200","Repuestos para MINICARGADOR CATERPILLAR 226B3","Explora nuestra amplia selección de Repuestos para MINICARGADOR CATERPILLAR 226B3​ en nuestra tienda PARTEQUIPOS.","","https://partequipos.com/repuestos-maquinaria-pesada-colombia/repuestos-maquinaria-pesada-marcas/repuestos-para-maquinaria-pesada-caterpillar/repuestos-para-maquinaria-pesada-minicargador-caterpillar/repuestos-minicargador-caterpillar-226b3/","5","repuestos","modelo"
"https://partequipos.com/repuestos-maquinaria-pesada-colombia/repuestos-maquinaria-pesada-marcas/repuestos-para-maquinaria-pesada-caterpillar/repuestos-para-maquinaria-pesada-minicargador-caterpillar/repuestos-minicargador-caterpillar-236b/","200","Repuestos para MINICARGADOR CATERPILLAR 236B","Explora nuestra amplia selección de Repuestos para MINICARGADOR CATERPILLAR 236B​ en nuestra tienda PARTEQUIPOS.","","https://partequipos.com/repuestos-maquinaria-pesada-colombia/repuestos-maquinaria-pesada-marcas/repuestos-para-maquinaria-pesada-caterpillar/repuestos-para-maquinaria-pesada-minicargador-caterpillar/repuestos-minicargador-caterpillar-236b/","5","repuestos","modelo"
"https://partequipos.com/repuestos-maquinaria-pesada-colombia/repuestos-maquinaria-pesada-marcas/repuestos-para-maquinaria-pesada-caterpillar/repuestos-para-maquinaria-pesada-minicargador-caterpillar/repuestos-minicargador-caterpillar-236b3/","200","Repuestos para MINICARGADOR CATERPILLAR 236B3","Explora nuestra amplia selección de Repuestos para MINICARGADOR CATERPILLAR 236B3​ en nuestra tienda PARTEQUIPOS.","","https://partequipos.com/repuestos-maquinaria-pesada-colombia/repuestos-maquinaria-pesada-marcas/repuestos-para-maquinaria-pesada-caterpillar/repuestos-para-maquinaria-pesada-minicargador-caterpillar/repuestos-minicargador-caterpillar-236b3/","5","repuestos","modelo"
"https://partequipos.com/repuestos-maquinaria-pesada-colombia/repuestos-maquinaria-pesada-marcas/repuestos-para-maquinaria-pesada-caterpillar/repuestos-para-maquinaria-pesada-minicargador-caterpillar/repuestos-minicargador-caterpillar-236d/","200","Repuestos para MINICARGADOR CATERPILLAR 236D​","Explora nuestra amplia selección de Repuestos para MINICARGADOR CATERPILLAR 236D​ en nuestra tienda PARTEQUIPOS.","","https://partequipos.com/repuestos-maquinaria-pesada-colombia/repuestos-maquinaria-pesada-marcas/repuestos-para-maquinaria-pesada-caterpillar/repuestos-para-maquinaria-pesada-minicargador-caterpillar/repuestos-minicargador-caterpillar-236d/","5","repuestos","modelo"
"https://partequipos.com/repuestos-maquinaria-pesada-colombia/repuestos-maquinaria-pesada-marcas/repuestos-para-maquinaria-pesada-caterpillar/repuestos-para-maquinaria-pesada-minicargador-caterpillar/repuestos-minicargador-caterpillar-242b/","200","Repuestos para MINICARGADOR CATERPILLAR 242B","Explora nuestra amplia selección de Repuestos para MINICARGADOR CATERPILLAR 242B​ en nuestra tienda PARTEQUIPOS.","","https://partequipos.com/repuestos-maquinaria-pesada-colombia/repuestos-maquinaria-pesada-marcas/repuestos-para-maquinaria-pesada-caterpillar/repuestos-para-maquinaria-pesada-minicargador-caterpillar/repuestos-minicargador-caterpillar-242b/","5","repuestos","modelo"
"https://partequipos.com/repuestos-maquinaria-pesada-colombia/repuestos-maquinaria-pesada-marcas/repuestos-para-maquinaria-pesada-caterpillar/repuestos-para-maquinaria-pesada-minicargador-caterpillar/repuestos-minicargador-caterpillar-242b3/","200","Repuestos para MINICARGADOR CATERPILLAR 242B3","Explora nuestra amplia selección de Repuestos para MINICARGADOR CATERPILLAR 242B3​ en nuestra tienda PARTEQUIPOS.","","https://partequipos.com/repuestos-maquinaria-pesada-colombia/repuestos-maquinaria-pesada-marcas/repuestos-para-maquinaria-pesada-caterpillar/repuestos-para-maquinaria-pesada-minicargador-caterpillar/repuestos-minicargador-caterpillar-242b3/","5","repuestos","modelo"
"https://partequipos.com/repuestos-maquinaria-pesada-colombia/repuestos-maquinaria-pesada-marcas/repuestos-para-maquinaria-pesada-caterpillar/repuestos-para-maquinaria-pesada-minicargador-caterpillar/repuestos-minicargador-caterpillar-246b/","200","Repuestos para MINICARGADOR CATERPILLAR 246B","Explora nuestra amplia selección de Repuestos para MINICARGADOR CATERPILLAR 246B​ en nuestra tienda PARTEQUIPOS.","","https://partequipos.com/repuestos-maquinaria-pesada-colombia/repuestos-maquinaria-pesada-marcas/repuestos-para-maquinaria-pesada-caterpillar/repuestos-para-maquinaria-pesada-minicargador-caterpillar/repuestos-minicargador-caterpillar-246b/","5","repuestos","modelo"
"https://partequipos.com/repuestos-maquinaria-pesada-colombia/repuestos-maquinaria-pesada-marcas/repuestos-para-maquinaria-pesada-caterpillar/repuestos-para-maquinaria-pesada-minicargador-caterpillar/repuestos-minicargador-caterpillar-246d/","200","Repuestos para MINICARGADOR CATERPILLAR 246D","Explora nuestra amplia selección de Repuestos para MINICARGADOR CATERPILLAR 246D​ en nuestra tienda PARTEQUIPOS.","","https://partequipos.com/repuestos-maquinaria-pesada-colombia/repuestos-maquinaria-pesada-marcas/repuestos-para-maquinaria-pesada-caterpillar/repuestos-para-maquinaria-pesada-minicargador-caterpillar/repuestos-minicargador-caterpillar-246d/","5","repuestos","modelo"
"https://partequipos.com/repuestos-maquinaria-pesada-colombia/repuestos-maquinaria-pesada-marcas/repuestos-para-maquinaria-pesada-caterpillar/repuestos-para-maquinaria-pesada-minicargador-caterpillar/repuestos-minicargador-caterpillar-262b/","200","Repuestos para MINICARGADOR CATERPILLAR 262B","Explora nuestra amplia selección de Repuestos para MINICARGADOR CATERPILLAR 262B​ en nuestra tienda PARTEQUIPOS.","","https://partequipos.com/repuestos-maquinaria-pesada-colombia/repuestos-maquinaria-pesada-marcas/repuestos-para-maquinaria-pesada-caterpillar/repuestos-para-maquinaria-pesada-minicargador-caterpillar/repuestos-minicargador-caterpillar-262b/","5","repuestos","modelo"
"https://partequipos.com/repuestos-maquinaria-pesada-colombia/repuestos-maquinaria-pesada-marcas/repuestos-para-maquinaria-pesada-caterpillar/repuestos-para-maquinaria-pesada-motoniveladora-caterpillar/","200","Repuestos para maquinaria pesada Motoniveladora CATERPILLAR","Explora nuestra amplia selección de Repuestos para Motoniveladora CATERPILLAR en nuestra tienda PARTEQUIPOS.","","https://partequipos.com/repuestos-maquinaria-pesada-colombia/repuestos-maquinaria-pesada-marcas/repuestos-para-maquinaria-pesada-caterpillar/repuestos-para-maquinaria-pesada-motoniveladora-caterpillar/","4","repuestos","tipo"
"https://partequipos.com/repuestos-maquinaria-pesada-colombia/repuestos-maquinaria-pesada-marcas/repuestos-para-maquinaria-pesada-caterpillar/repuestos-para-maquinaria-pesada-motoniveladora-caterpillar/repuestos-motoniveladora-caterpillar-120g/","200","Repuestos para Motoniveladora CATERPILLAR 120G","Explora nuestra amplia selección de Repuestos para Motoniveladora CATERPILLAR 120G en nuestra tienda PARTEQUIPOS.","","https://partequipos.com/repuestos-maquinaria-pesada-colombia/repuestos-maquinaria-pesada-marcas/repuestos-para-maquinaria-pesada-caterpillar/repuestos-para-maquinaria-pesada-motoniveladora-caterpillar/repuestos-motoniveladora-caterpillar-120g/","5","repuestos","modelo"
"https://partequipos.com/repuestos-maquinaria-pesada-colombia/repuestos-maquinaria-pesada-marcas/repuestos-para-maquinaria-pesada-caterpillar/repuestos-para-maquinaria-pesada-motoniveladora-caterpillar/repuestos-motoniveladora-caterpillar-120h/","200","Repuestos para Motoniveladora CATERPILLAR 120H","Explora nuestra amplia selección de Repuestos para Motoniveladora CATERPILLAR 120H en nuestra tienda PARTEQUIPOS.","","https://partequipos.com/repuestos-maquinaria-pesada-colombia/repuestos-maquinaria-pesada-marcas/repuestos-para-maquinaria-pesada-caterpillar/repuestos-para-maquinaria-pesada-motoniveladora-caterpillar/repuestos-motoniveladora-caterpillar-120h/","5","repuestos","modelo"
"https://partequipos.com/repuestos-maquinaria-pesada-colombia/repuestos-maquinaria-pesada-marcas/repuestos-para-maquinaria-pesada-caterpillar/repuestos-para-maquinaria-pesada-motoniveladora-caterpillar/repuestos-motoniveladora-caterpillar-120k/","200","Repuestos para Motoniveladora CATERPILLAR 120K","Explora nuestra amplia selección de Repuestos para Motoniveladora CATERPILLAR 120K en nuestra tienda PARTEQUIPOS.","","https://partequipos.com/repuestos-maquinaria-pesada-colombia/repuestos-maquinaria-pesada-marcas/repuestos-para-maquinaria-pesada-caterpillar/repuestos-para-maquinaria-pesada-motoniveladora-caterpillar/repuestos-motoniveladora-caterpillar-120k/","5","repuestos","modelo"
"https://partequipos.com/repuestos-maquinaria-pesada-colombia/repuestos-maquinaria-pesada-marcas/repuestos-para-maquinaria-pesada-caterpillar/repuestos-para-maquinaria-pesada-motoniveladora-caterpillar/repuestos-motoniveladora-caterpillar-120m/","200","Repuestos para Motoniveladora CATERPILLAR 120M","Explora nuestra amplia selección de Repuestos para Motoniveladora CATERPILLAR 120M en nuestra tienda PARTEQUIPOS.","","https://partequipos.com/repuestos-maquinaria-pesada-colombia/repuestos-maquinaria-pesada-marcas/repuestos-para-maquinaria-pesada-caterpillar/repuestos-para-maquinaria-pesada-motoniveladora-caterpillar/repuestos-motoniveladora-caterpillar-120m/","5","repuestos","modelo"
"https://partequipos.com/repuestos-maquinaria-pesada-colombia/repuestos-maquinaria-pesada-marcas/repuestos-para-maquinaria-pesada-caterpillar/repuestos-para-maquinaria-pesada-motoniveladora-caterpillar/repuestos-motoniveladora-caterpillar-12g/","200","Repuestos para Motoniveladora CATERPILLAR 12G","Explora nuestra amplia selección de Repuestos para Motoniveladora CATERPILLAR 12G en nuestra tienda PARTEQUIPOS.","","https://partequipos.com/repuestos-maquinaria-pesada-colombia/repuestos-maquinaria-pesada-marcas/repuestos-para-maquinaria-pesada-caterpillar/repuestos-para-maquinaria-pesada-motoniveladora-caterpillar/repuestos-motoniveladora-caterpillar-12g/","5","repuestos","modelo"
"https://partequipos.com/repuestos-maquinaria-pesada-colombia/repuestos-maquinaria-pesada-marcas/repuestos-para-maquinaria-pesada-caterpillar/repuestos-para-maquinaria-pesada-motoniveladora-caterpillar/repuestos-motoniveladora-caterpillar-12h/","200","Repuestos para Motoniveladora CATERPILLAR 12H","Explora nuestra amplia selección de Repuestos para Motoniveladora CATERPILLAR 12H en nuestra tienda PARTEQUIPOS.","","https://partequipos.com/repuestos-maquinaria-pesada-colombia/repuestos-maquinaria-pesada-marcas/repuestos-para-maquinaria-pesada-caterpillar/repuestos-para-maquinaria-pesada-motoniveladora-caterpillar/repuestos-motoniveladora-caterpillar-12h/","5","repuestos","modelo"
"https://partequipos.com/repuestos-maquinaria-pesada-colombia/repuestos-maquinaria-pesada-marcas/repuestos-para-maquinaria-pesada-caterpillar/repuestos-para-maquinaria-pesada-motoniveladora-caterpillar/repuestos-motoniveladora-caterpillar-140g/","200","Repuestos para Motoniveladora CATERPILLAR 140G","Explora nuestra amplia selección de Repuestos para Motoniveladora CATERPILLAR 140G en nuestra tienda PARTEQUIPOS.","","https://partequipos.com/repuestos-maquinaria-pesada-colombia/repuestos-maquinaria-pesada-marcas/repuestos-para-maquinaria-pesada-caterpillar/repuestos-para-maquinaria-pesada-motoniveladora-caterpillar/repuestos-motoniveladora-caterpillar-140g/","5","repuestos","modelo"
"https://partequipos.com/repuestos-maquinaria-pesada-colombia/repuestos-maquinaria-pesada-marcas/repuestos-para-maquinaria-pesada-caterpillar/repuestos-para-maquinaria-pesada-motoniveladora-caterpillar/repuestos-motoniveladora-caterpillar-140h/","200","Repuestos para Motoniveladora CATERPILLAR 140H","Explora nuestra amplia selección de Repuestos para Motoniveladora CATERPILLAR 140H en nuestra tienda PARTEQUIPOS.","","https://partequipos.com/repuestos-maquinaria-pesada-colombia/repuestos-maquinaria-pesada-marcas/repuestos-para-maquinaria-pesada-caterpillar/repuestos-para-maquinaria-pesada-motoniveladora-caterpillar/repuestos-motoniveladora-caterpillar-140h/","5","repuestos","modelo"
"https://partequipos.com/repuestos-maquinaria-pesada-colombia/repuestos-maquinaria-pesada-marcas/repuestos-para-maquinaria-pesada-caterpillar/repuestos-para-maquinaria-pesada-motoniveladora-caterpillar/repuestos-motoniveladora-caterpillar-140k/","200","Repuestos para Motoniveladora CATERPILLAR 140K","Explora nuestra amplia selección de Repuestos para Motoniveladora CATERPILLAR 140K en nuestra tienda PARTEQUIPOS.","","https://partequipos.com/repuestos-maquinaria-pesada-colombia/repuestos-maquinaria-pesada-marcas/repuestos-para-maquinaria-pesada-caterpillar/repuestos-para-maquinaria-pesada-motoniveladora-caterpillar/repuestos-motoniveladora-caterpillar-140k/","5","repuestos","modelo"
"https://partequipos.com/repuestos-maquinaria-pesada-colombia/repuestos-maquinaria-pesada-marcas/repuestos-para-maquinaria-pesada-caterpillar/repuestos-para-maquinaria-pesada-motoniveladora-caterpillar/repuestos-motoniveladora-caterpillar-14g/","200","Repuestos para Motoniveladora CATERPILLAR 14G","Explora nuestra amplia selección de Repuestos para Motoniveladora CATERPILLAR 14G en nuestra tienda PARTEQUIPOS.","","https://partequipos.com/repuestos-maquinaria-pesada-colombia/repuestos-maquinaria-pesada-marcas/repuestos-para-maquinaria-pesada-caterpillar/repuestos-para-maquinaria-pesada-motoniveladora-caterpillar/repuestos-motoniveladora-caterpillar-14g/","5","repuestos","modelo"
"https://partequipos.com/repuestos-maquinaria-pesada-colombia/repuestos-maquinaria-pesada-marcas/repuestos-para-maquinaria-pesada-caterpillar/repuestos-para-maquinaria-pesada-retrocargador-caterpillar/","200","Repuestos para Retrocargadora CATERPILLAR","explora nuestra amplia selección de Repuestos para Retrocargadora CATERPILLAR en nuestra tienda PARTEQUIPOS. Somos tu mejor opcion.","","https://partequipos.com/repuestos-maquinaria-pesada-colombia/repuestos-maquinaria-pesada-marcas/repuestos-para-maquinaria-pesada-caterpillar/repuestos-para-maquinaria-pesada-retrocargador-caterpillar/","4","repuestos","tipo"
"https://partequipos.com/repuestos-maquinaria-pesada-colombia/repuestos-maquinaria-pesada-marcas/repuestos-para-maquinaria-pesada-caterpillar/repuestos-para-maquinaria-pesada-retrocargador-caterpillar/repuestos-retrocargadora-caterpillar-416/","200","Repuestos para Retrocargador CATERPILLAR 416","Explora nuestra amplia selección de Repuestos para Retrocargador CATERPILLAR 416 en nuestra tienda PARTEQUIPOS.","","https://partequipos.com/repuestos-maquinaria-pesada-colombia/repuestos-maquinaria-pesada-marcas/repuestos-para-maquinaria-pesada-caterpillar/repuestos-para-maquinaria-pesada-retrocargador-caterpillar/repuestos-retrocargadora-caterpillar-416/","5","repuestos","modelo"
"https://partequipos.com/repuestos-maquinaria-pesada-colombia/repuestos-maquinaria-pesada-marcas/repuestos-para-maquinaria-pesada-caterpillar/repuestos-para-maquinaria-pesada-retrocargador-caterpillar/repuestos-retrocargadora-caterpillar-416b/","200","Repuestos para Retrocargador CATERPILLAR 416B","Explora nuestra amplia selección de Repuestos para Retrocargador CATERPILLAR 416B en nuestra tienda PARTEQUIPOS.","","https://partequipos.com/repuestos-maquinaria-pesada-colombia/repuestos-maquinaria-pesada-marcas/repuestos-para-maquinaria-pesada-caterpillar/repuestos-para-maquinaria-pesada-retrocargador-caterpillar/repuestos-retrocargadora-caterpillar-416b/","5","repuestos","modelo"
"https://partequipos.com/repuestos-maquinaria-pesada-colombia/repuestos-maquinaria-pesada-marcas/repuestos-para-maquinaria-pesada-caterpillar/repuestos-para-maquinaria-pesada-retrocargador-caterpillar/repuestos-retrocargadora-caterpillar-416c/","200","Repuestos para Retrocargador CATERPILLAR 416C","Explora nuestra amplia selección de Repuestos para Retrocargador CATERPILLAR 416C en nuestra tienda PARTEQUIPOS.","","https://partequipos.com/repuestos-maquinaria-pesada-colombia/repuestos-maquinaria-pesada-marcas/repuestos-para-maquinaria-pesada-caterpillar/repuestos-para-maquinaria-pesada-retrocargador-caterpillar/repuestos-retrocargadora-caterpillar-416c/","5","repuestos","modelo"
"https://partequipos.com/repuestos-maquinaria-pesada-colombia/repuestos-maquinaria-pesada-marcas/repuestos-para-maquinaria-pesada-caterpillar/repuestos-para-maquinaria-pesada-retrocargador-caterpillar/repuestos-retrocargadora-caterpillar-416d/","200","Repuestos para Retrocargador CATERPILLAR 416D","Explora nuestra amplia selección de Repuestos para Retrocargador CATERPILLAR 416D en nuestra tienda PARTEQUIPOS.","","https://partequipos.com/repuestos-maquinaria-pesada-colombia/repuestos-maquinaria-pesada-marcas/repuestos-para-maquinaria-pesada-caterpillar/repuestos-para-maquinaria-pesada-retrocargador-caterpillar/repuestos-retrocargadora-caterpillar-416d/","5","repuestos","modelo"
"https://partequipos.com/repuestos-maquinaria-pesada-colombia/repuestos-maquinaria-pesada-marcas/repuestos-para-maquinaria-pesada-caterpillar/repuestos-para-maquinaria-pesada-retrocargador-caterpillar/repuestos-retrocargadora-caterpillar-416e/","200","Repuestos para Retrocargador CATERPILLAR 416E","Explora nuestra amplia selección de Repuestos para Retrocargador CATERPILLAR 416E en nuestra tienda PARTEQUIPOS.","","https://partequipos.com/repuestos-maquinaria-pesada-colombia/repuestos-maquinaria-pesada-marcas/repuestos-para-maquinaria-pesada-caterpillar/repuestos-para-maquinaria-pesada-retrocargador-caterpillar/repuestos-retrocargadora-caterpillar-416e/","5","repuestos","modelo"
"https://partequipos.com/repuestos-maquinaria-pesada-colombia/repuestos-maquinaria-pesada-marcas/repuestos-para-maquinaria-pesada-caterpillar/repuestos-para-maquinaria-pesada-retrocargador-caterpillar/repuestos-retrocargadora-caterpillar-416f2/","200","Repuestos para Retrocargador CATERPILLAR 416F2","Explora nuestra amplia selección de Repuestos para Retrocargador CATERPILLAR 416F2 en nuestra tienda PARTEQUIPOS.","","https://partequipos.com/repuestos-maquinaria-pesada-colombia/repuestos-maquinaria-pesada-marcas/repuestos-para-maquinaria-pesada-caterpillar/repuestos-para-maquinaria-pesada-retrocargador-caterpillar/repuestos-retrocargadora-caterpillar-416f2/","5","repuestos","modelo"
"https://partequipos.com/repuestos-maquinaria-pesada-colombia/repuestos-maquinaria-pesada-marcas/repuestos-para-maquinaria-pesada-caterpillar/repuestos-para-maquinaria-pesada-retrocargador-caterpillar/repuestos-retrocargadora-caterpillar-420d/","200","Repuestos para Retrocargador CATERPILLAR 420D","Explora nuestra amplia selección de Repuestos para Retrocargador CATERPILLAR 420D en nuestra tienda PARTEQUIPOS.","","https://partequipos.com/repuestos-maquinaria-pesada-colombia/repuestos-maquinaria-pesada-marcas/repuestos-para-maquinaria-pesada-caterpillar/repuestos-para-maquinaria-pesada-retrocargador-caterpillar/repuestos-retrocargadora-caterpillar-420d/","5","repuestos","modelo"
"https://partequipos.com/repuestos-maquinaria-pesada-colombia/repuestos-maquinaria-pesada-marcas/repuestos-para-maquinaria-pesada-caterpillar/repuestos-para-maquinaria-pesada-retrocargador-caterpillar/repuestos-retrocargadora-caterpillar-420e/","200","Repuestos para Retrocargador CATERPILLAR 420E","Explora nuestra amplia selección de Repuestos para Retrocargador CATERPILLAR 420E en nuestra tienda PARTEQUIPOS.","","https://partequipos.com/repuestos-maquinaria-pesada-colombia/repuestos-maquinaria-pesada-marcas/repuestos-para-maquinaria-pesada-caterpillar/repuestos-para-maquinaria-pesada-retrocargador-caterpillar/repuestos-retrocargadora-caterpillar-420e/","5","repuestos","modelo"
"https://partequipos.com/repuestos-maquinaria-pesada-colombia/repuestos-maquinaria-pesada-marcas/repuestos-para-maquinaria-pesada-caterpillar/repuestos-para-maquinaria-pesada-retrocargador-caterpillar/repuestos-retrocargadora-caterpillar-420f/","200","Repuestos para Retrocargador CATERPILLAR 420F","Explora nuestra amplia selección de Repuestos para Retrocargador CATERPILLAR 420F en nuestra tienda PARTEQUIPOS.","","https://partequipos.com/repuestos-maquinaria-pesada-colombia/repuestos-maquinaria-pesada-marcas/repuestos-para-maquinaria-pesada-caterpillar/repuestos-para-maquinaria-pesada-retrocargador-caterpillar/repuestos-retrocargadora-caterpillar-420f/","5","repuestos","modelo"
"https://partequipos.com/repuestos-maquinaria-pesada-colombia/repuestos-maquinaria-pesada-marcas/repuestos-para-maquinaria-pesada-caterpillar/repuestos-para-maquinaria-pesada-retrocargador-caterpillar/repuestos-retrocargadora-caterpillar-420f2/","200","Repuestos para Retrocargador CATERPILLAR 420F2","Explora nuestra amplia selección de Repuestos para Retrocargador CATERPILLAR 420F2 en nuestra tienda PARTEQUIPOS.","","https://partequipos.com/repuestos-maquinaria-pesada-colombia/repuestos-maquinaria-pesada-marcas/repuestos-para-maquinaria-pesada-caterpillar/repuestos-para-maquinaria-pesada-retrocargador-caterpillar/repuestos-retrocargadora-caterpillar-420f2/","5","repuestos","modelo"
"https://partequipos.com/repuestos-maquinaria-pesada-colombia/repuestos-maquinaria-pesada-marcas/repuestos-para-maquinaria-pesada-caterpillar/repuestos-para-maquinaria-pesada-retrocargador-caterpillar/repuestos-retrocargadora-caterpillar-426c/","200","Repuestos para Retrocargador CATERPILLAR 426C","Explora nuestra amplia selección de Repuestos para Retrocargador CATERPILLAR 426C en nuestra tienda PARTEQUIPOS.","","https://partequipos.com/repuestos-maquinaria-pesada-colombia/repuestos-maquinaria-pesada-marcas/repuestos-para-maquinaria-pesada-caterpillar/repuestos-para-maquinaria-pesada-retrocargador-caterpillar/repuestos-retrocargadora-caterpillar-426c/","5","repuestos","modelo"
"https://partequipos.com/repuestos-maquinaria-pesada-colombia/repuestos-maquinaria-pesada-marcas/repuestos-para-maquinaria-pesada-caterpillar/repuestos-para-maquinaria-pesada-retrocargador-caterpillar/repuestos-retrocargadora-caterpillar-428/","200","Repuestos para Retrocargador CATERPILLAR 428","Explora nuestra amplia selección de Repuestos para Retrocargador CATERPILLAR 428 en nuestra tienda PARTEQUIPOS.","","https://partequipos.com/repuestos-maquinaria-pesada-colombia/repuestos-maquinaria-pesada-marcas/repuestos-para-maquinaria-pesada-caterpillar/repuestos-para-maquinaria-pesada-retrocargador-caterpillar/repuestos-retrocargadora-caterpillar-428/","5","repuestos","modelo"
"https://partequipos.com/repuestos-maquinaria-pesada-colombia/repuestos-maquinaria-pesada-marcas/repuestos-para-maquinaria-pesada-caterpillar/repuestos-para-maquinaria-pesada-retrocargador-caterpillar/repuestos-retrocargadora-caterpillar-428b/","200","Repuestos para Retrocargador CATERPILLAR 428B","Explora nuestra amplia selección de Repuestos para Retrocargador CATERPILLAR 428B en nuestra tienda PARTEQUIPOS.","","https://partequipos.com/repuestos-maquinaria-pesada-colombia/repuestos-maquinaria-pesada-marcas/repuestos-para-maquinaria-pesada-caterpillar/repuestos-para-maquinaria-pesada-retrocargador-caterpillar/repuestos-retrocargadora-caterpillar-428b/","5","repuestos","modelo"
"https://partequipos.com/repuestos-maquinaria-pesada-colombia/repuestos-maquinaria-pesada-marcas/repuestos-para-maquinaria-pesada-caterpillar/repuestos-para-maquinaria-pesada-retrocargador-caterpillar/repuestos-retrocargadora-caterpillar-428c/","200","Repuestos para Retrocargador CATERPILLAR 428C","Explora nuestra amplia selección de Repuestos para Retrocargador CATERPILLAR 428C en nuestra tienda PARTEQUIPOS.","","https://partequipos.com/repuestos-maquinaria-pesada-colombia/repuestos-maquinaria-pesada-marcas/repuestos-para-maquinaria-pesada-caterpillar/repuestos-para-maquinaria-pesada-retrocargador-caterpillar/repuestos-retrocargadora-caterpillar-428c/","5","repuestos","modelo"
"https://partequipos.com/repuestos-maquinaria-pesada-colombia/repuestos-maquinaria-pesada-marcas/repuestos-para-maquinaria-pesada-caterpillar/repuestos-para-maquinaria-pesada-retrocargador-caterpillar/repuestos-retrocargadora-caterpillar-428d-2/","200","Repuestos para Retrocargador CATERPILLAR 428","Explora nuestra amplia selección de Repuestos para Retrocargador CATERPILLAR 428 en nuestra tienda PARTEQUIPOS.","","https://partequipos.com/repuestos-maquinaria-pesada-colombia/repuestos-maquinaria-pesada-marcas/repuestos-para-maquinaria-pesada-caterpillar/repuestos-para-maquinaria-pesada-retrocargador-caterpillar/repuestos-retrocargadora-caterpillar-428d-2/","5","repuestos","modelo"
"https://partequipos.com/repuestos-maquinaria-pesada-colombia/repuestos-maquinaria-pesada-marcas/repuestos-para-maquinaria-pesada-caterpillar/repuestos-para-maquinaria-pesada-retrocargador-caterpillar/repuestos-retrocargadora-caterpillar-428d/","200","Repuestos para Retrocargador CATERPILLAR 428D","Explora nuestra amplia selección de Repuestos para Retrocargador CATERPILLAR 428D en nuestra tienda PARTEQUIPOS.","","https://partequipos.com/repuestos-maquinaria-pesada-colombia/repuestos-maquinaria-pesada-marcas/repuestos-para-maquinaria-pesada-caterpillar/repuestos-para-maquinaria-pesada-retrocargador-caterpillar/repuestos-retrocargadora-caterpillar-428d/","5","repuestos","modelo"
"https://partequipos.com/repuestos-maquinaria-pesada-colombia/repuestos-maquinaria-pesada-marcas/repuestos-para-maquinaria-pesada-caterpillar/repuestos-para-maquinaria-pesada-retrocargador-caterpillar/repuestos-retrocargadora-caterpillar-428e/","200","Repuestos para Retrocargador CATERPILLAR 428E","Explora nuestra amplia selección de Repuestos para Retrocargador CATERPILLAR 428E en nuestra tienda PARTEQUIPOS.","","https://partequipos.com/repuestos-maquinaria-pesada-colombia/repuestos-maquinaria-pesada-marcas/repuestos-para-maquinaria-pesada-caterpillar/repuestos-para-maquinaria-pesada-retrocargador-caterpillar/repuestos-retrocargadora-caterpillar-428e/","5","repuestos","modelo"
"https://partequipos.com/repuestos-maquinaria-pesada-colombia/repuestos-maquinaria-pesada-marcas/repuestos-para-maquinaria-pesada-caterpillar/repuestos-para-maquinaria-pesada-retrocargador-caterpillar/repuestos-retrocargadora-caterpillar-428f/","200","Repuestos para Retrocargador CATERPILLAR 428F","Explora nuestra amplia selección de Repuestos para Retrocargador CATERPILLAR 428F en nuestra tienda PARTEQUIPOS.","","https://partequipos.com/repuestos-maquinaria-pesada-colombia/repuestos-maquinaria-pesada-marcas/repuestos-para-maquinaria-pesada-caterpillar/repuestos-para-maquinaria-pesada-retrocargador-caterpillar/repuestos-retrocargadora-caterpillar-428f/","5","repuestos","modelo"
"https://partequipos.com/repuestos-maquinaria-pesada-colombia/repuestos-maquinaria-pesada-marcas/repuestos-para-maquinaria-pesada-caterpillar/repuestos-para-maquinaria-pesada-retrocargador-caterpillar/repuestos-retrocargadora-caterpillar-430d/","200","Repuestos para Retrocargador CATERPILLAR 430D","Explora nuestra amplia selección de Repuestos para Retrocargador CATERPILLAR 430D en nuestra tienda PARTEQUIPOS.","","https://partequipos.com/repuestos-maquinaria-pesada-colombia/repuestos-maquinaria-pesada-marcas/repuestos-para-maquinaria-pesada-caterpillar/repuestos-para-maquinaria-pesada-retrocargador-caterpillar/repuestos-retrocargadora-caterpillar-430d/","5","repuestos","modelo"
"https://partequipos.com/repuestos-maquinaria-pesada-colombia/repuestos-maquinaria-pesada-marcas/repuestos-para-maquinaria-pesada-caterpillar/repuestos-para-maquinaria-pesada-retrocargador-caterpillar/repuestos-retrocargadora-caterpillar-430e/","200","Repuestos para Retrocargador CATERPILLAR 430E","Explora nuestra amplia selección de Repuestos para Retrocargador CATERPILLAR 430E en nuestra tienda PARTEQUIPOS.","","https://partequipos.com/repuestos-maquinaria-pesada-colombia/repuestos-maquinaria-pesada-marcas/repuestos-para-maquinaria-pesada-caterpillar/repuestos-para-maquinaria-pesada-retrocargador-caterpillar/repuestos-retrocargadora-caterpillar-430e/","5","repuestos","modelo"
"https://partequipos.com/repuestos-maquinaria-pesada-colombia/repuestos-maquinaria-pesada-marcas/repuestos-para-maquinaria-pesada-doosan/","200","Repuestos para maquinaria pesada DOOSAN - Partequipos","Explora nuestra amplia selección de Repuestos para maquinaria pesada DOOSAN en nuestra tienda PARTEQUIPOS.","","https://partequipos.com/repuestos-maquinaria-pesada-colombia/repuestos-maquinaria-pesada-marcas/repuestos-para-maquinaria-pesada-doosan/","3","repuestos","marca"
"https://partequipos.com/repuestos-maquinaria-pesada-colombia/repuestos-maquinaria-pesada-marcas/repuestos-para-maquinaria-pesada-doosan/repuestos-para-maquinaria-pesada-cargador-frontal-doosan/","200","Repuestos para Cargador Frontal DOOSAN","Explora nuestra amplia selección de Repuestos para maquinaria Cargador Frontal DOOSAN en nuestra tienda PARTEQUIPOS.","","https://partequipos.com/repuestos-maquinaria-pesada-colombia/repuestos-maquinaria-pesada-marcas/repuestos-para-maquinaria-pesada-doosan/repuestos-para-maquinaria-pesada-cargador-frontal-doosan/","4","repuestos","tipo"
"https://partequipos.com/repuestos-maquinaria-pesada-colombia/repuestos-maquinaria-pesada-marcas/repuestos-para-maquinaria-pesada-doosan/repuestos-para-maquinaria-pesada-cargador-frontal-doosan/repuestos-cargador-frontal-doosan-dl300a/","200","Repuestos para Cargador Frontal DOOSAN DL300A","Explora nuestra amplia selección de Repuestos para Cargador Frontal DOOSAN DL300A en nuestra tienda PARTEQUIPOS.","","https://partequipos.com/repuestos-maquinaria-pesada-colombia/repuestos-maquinaria-pesada-marcas/repuestos-para-maquinaria-pesada-doosan/repuestos-para-maquinaria-pesada-cargador-frontal-doosan/repuestos-cargador-frontal-doosan-dl300a/","5","repuestos","modelo"
"https://partequipos.com/repuestos-maquinaria-pesada-colombia/repuestos-maquinaria-pesada-marcas/repuestos-para-maquinaria-pesada-doosan/repuestos-para-maquinaria-pesada-excavadora-doosan/","200","Repuestos para Excavadora DOOSAN","Explora nuestra amplia selección de Repuestos para Excavadora DOOSAN en nuestra tienda virtual PARTEQUIPOS.","","https://partequipos.com/repuestos-maquinaria-pesada-colombia/repuestos-maquinaria-pesada-marcas/repuestos-para-maquinaria-pesada-doosan/repuestos-para-maquinaria-pesada-excavadora-doosan/","4","repuestos","tipo"
"https://partequipos.com/repuestos-maquinaria-pesada-colombia/repuestos-maquinaria-pesada-marcas/repuestos-para-maquinaria-pesada-doosan/repuestos-para-maquinaria-pesada-excavadora-doosan/repuestos-excavadora-doosan-dx140lc-s-cebaa/","200","Repuestos para Excavadora DOOSAN DX140LC S/CEBAA","Explora nuestra amplia selección de Repuestos para Excavadora DOOSAN DX140LC S/CEBAA en nuestra tienda PARTEQUIPOS.","","https://partequipos.com/repuestos-maquinaria-pesada-colombia/repuestos-maquinaria-pesada-marcas/repuestos-para-maquinaria-pesada-doosan/repuestos-para-maquinaria-pesada-excavadora-doosan/repuestos-excavadora-doosan-dx140lc-s-cebaa/","5","repuestos","modelo"
"https://partequipos.com/repuestos-maquinaria-pesada-colombia/repuestos-maquinaria-pesada-marcas/repuestos-para-maquinaria-pesada-doosan/repuestos-para-maquinaria-pesada-excavadora-doosan/repuestos-excavadora-doosan-dx140lc-s-cebcu/","200","Repuestos para Excavadora DOOSAN DX140LC S/CEBCU","Explora nuestra amplia selección de Repuestos para Excavadora DOOSAN DX140LC S/CEBCU en nuestra tienda PARTEQUIPOS.","","https://partequipos.com/repuestos-maquinaria-pesada-colombia/repuestos-maquinaria-pesada-marcas/repuestos-para-maquinaria-pesada-doosan/repuestos-para-maquinaria-pesada-excavadora-doosan/repuestos-excavadora-doosan-dx140lc-s-cebcu/","5","repuestos","modelo"
"https://partequipos.com/repuestos-maquinaria-pesada-colombia/repuestos-maquinaria-pesada-marcas/repuestos-para-maquinaria-pesada-doosan/repuestos-para-maquinaria-pesada-excavadora-doosan/repuestos-excavadora-doosan-dx220lca-2/","200","Repuestos para Excavadora DOOSAN DX220LCA-2","Explora nuestra amplia selección de Repuestos para Excavadora DOOSAN DX220LCA-2 en nuestra tienda PARTEQUIPOS.","","https://partequipos.com/repuestos-maquinaria-pesada-colombia/repuestos-maquinaria-pesada-marcas/repuestos-para-maquinaria-pesada-doosan/repuestos-para-maquinaria-pesada-excavadora-doosan/repuestos-excavadora-doosan-dx220lca-2/","5","repuestos","modelo"
"https://partequipos.com/repuestos-maquinaria-pesada-colombia/repuestos-maquinaria-pesada-marcas/repuestos-para-maquinaria-pesada-doosan/repuestos-para-maquinaria-pesada-excavadora-doosan/repuestos-excavadora-doosan-dx225lca-7m-cebee/","200","Repuestos para Excavadora DOOSAN DX225LCA-7M-CEBEE","Explora nuestra amplia selección de Repuestos para Excavadora DOOSAN DX225LCA-7M-CEBEE en nuestra tienda PARTEQUIPOS.","","https://partequipos.com/repuestos-maquinaria-pesada-colombia/repuestos-maquinaria-pesada-marcas/repuestos-para-maquinaria-pesada-doosan/repuestos-para-maquinaria-pesada-excavadora-doosan/repuestos-excavadora-doosan-dx225lca-7m-cebee/","5","repuestos","modelo"
"https://partequipos.com/repuestos-maquinaria-pesada-colombia/repuestos-maquinaria-pesada-marcas/repuestos-para-maquinaria-pesada-doosan/repuestos-para-maquinaria-pesada-excavadora-doosan/repuestos-excavadora-doosan-dx225lca-cebac/","200","Repuestos para Excavadora DOOSAN DX225LCA-CEBAC","Explora nuestra amplia selección de Repuestos para Excavadora DX225LCA-CEBAC en nuestra tienda PARTEQUIPOS.","","https://partequipos.com/repuestos-maquinaria-pesada-colombia/repuestos-maquinaria-pesada-marcas/repuestos-para-maquinaria-pesada-doosan/repuestos-para-maquinaria-pesada-excavadora-doosan/repuestos-excavadora-doosan-dx225lca-cebac/","5","repuestos","modelo"
"https://partequipos.com/repuestos-maquinaria-pesada-colombia/repuestos-maquinaria-pesada-marcas/repuestos-para-maquinaria-pesada-doosan/repuestos-para-maquinaria-pesada-excavadora-doosan/repuestos-excavadora-doosan-dx225lca-cebdx_/","200","Repuestos para Excavadora DOOSAN DX225LCA-CEBDX","Explora nuestra amplia selección de Repuestos para Excavadora DOOSAN DX225LCA-CEBDX en nuestra tienda PARTEQUIPOS.","","https://partequipos.com/repuestos-maquinaria-pesada-colombia/repuestos-maquinaria-pesada-marcas/repuestos-para-maquinaria-pesada-doosan/repuestos-para-maquinaria-pesada-excavadora-doosan/repuestos-excavadora-doosan-dx225lca-cebdx_/","5","repuestos","modelo"
"https://partequipos.com/repuestos-maquinaria-pesada-colombia/repuestos-maquinaria-pesada-marcas/repuestos-para-maquinaria-pesada-doosan/repuestos-para-maquinaria-pesada-excavadora-doosan/repuestos-excavadora-doosan-dx340lca_/","200","Repuestos para Excavadora DOOSAN DX225LCA-CEBDX","Explora nuestra amplia selección de Repuestos para Excavadora DOOSAN DX225LCA-CEBDX en nuestra tienda PARTEQUIPOS.","","https://partequipos.com/repuestos-maquinaria-pesada-colombia/repuestos-maquinaria-pesada-marcas/repuestos-para-maquinaria-pesada-doosan/repuestos-para-maquinaria-pesada-excavadora-doosan/repuestos-excavadora-doosan-dx340lca_/","5","repuestos","modelo"
"https://partequipos.com/repuestos-maquinaria-pesada-colombia/repuestos-maquinaria-pesada-marcas/repuestos-para-maquinaria-pesada-doosan/repuestos-para-maquinaria-pesada-excavadora-doosan/repuestos-excavadora-doosan-dx340lca-k/","200","Repuestos para Excavadora DOOSAN DX340LCA-K","Explora nuestra amplia selección de Repuestos para Excavadora DOOSAN DX340LCA-K en nuestra tienda PARTEQUIPOS.","","https://partequipos.com/repuestos-maquinaria-pesada-colombia/repuestos-maquinaria-pesada-marcas/repuestos-para-maquinaria-pesada-doosan/repuestos-para-maquinaria-pesada-excavadora-doosan/repuestos-excavadora-doosan-dx340lca-k/","5","repuestos","modelo"
"https://partequipos.com/repuestos-maquinaria-pesada-colombia/repuestos-maquinaria-pesada-marcas/repuestos-para-maquinaria-pesada-doosan/repuestos-para-maquinaria-pesada-excavadora-doosan/repuestos-excavadora-doosan-dx340lca/","200","Repuestos para Excavadora DOOSAN DX340LCA","Explora nuestra amplia selección de Repuestos para Excavadora DOOSAN DX340LCA en nuestra tienda PARTEQUIPOS.","","https://partequipos.com/repuestos-maquinaria-pesada-colombia/repuestos-maquinaria-pesada-marcas/repuestos-para-maquinaria-pesada-doosan/repuestos-para-maquinaria-pesada-excavadora-doosan/repuestos-excavadora-doosan-dx340lca/","5","repuestos","modelo"
"https://partequipos.com/repuestos-maquinaria-pesada-colombia/repuestos-maquinaria-pesada-marcas/repuestos-para-maquinaria-pesada-doosan/repuestos-para-maquinaria-pesada-excavadora-doosan/repuestos-excavadora-doosan-solar-225lc-v/","200","Repuestos para Excavadora DOOSAN DX340LCA-K","Explora nuestra amplia selección de Repuestos para Excavadora DOOSAN DX340LCA-K en nuestra tienda PARTEQUIPOS.","","https://partequipos.com/repuestos-maquinaria-pesada-colombia/repuestos-maquinaria-pesada-marcas/repuestos-para-maquinaria-pesada-doosan/repuestos-para-maquinaria-pesada-excavadora-doosan/repuestos-excavadora-doosan-solar-225lc-v/","5","repuestos","modelo"
"https://partequipos.com/repuestos-maquinaria-pesada-colombia/repuestos-maquinaria-pesada-marcas/repuestos-para-maquinaria-pesada-doosan/repuestos-para-maquinaria-pesada-excavadora-doosan/repuestos-excavadora-doosan-solar-340lc-v/","200","Repuestos para Excavadora DOOSAN SOLAR 340LC-V","Explora nuestra amplia selección de Repuestos para Excavadora DOOSAN SOLAR 340LC-V en nuestra tienda PARTEQUIPOS.","","https://partequipos.com/repuestos-maquinaria-pesada-colombia/repuestos-maquinaria-pesada-marcas/repuestos-para-maquinaria-pesada-doosan/repuestos-para-maquinaria-pesada-excavadora-doosan/repuestos-excavadora-doosan-solar-340lc-v/","5","repuestos","modelo"
"https://partequipos.com/repuestos-maquinaria-pesada-colombia/repuestos-maquinaria-pesada-marcas/repuestos-para-maquinaria-pesada-hitachi/","200","Repuestos para maquinaria pesada HITACHI","Explora nuestra amplia selección de Repuestos para maquinaria pesada HITACHI en nuestra tienda PARTEQUIPOS.","","https://partequipos.com/repuestos-maquinaria-pesada-colombia/repuestos-maquinaria-pesada-marcas/repuestos-para-maquinaria-pesada-hitachi/","3","repuestos","marca"
"https://partequipos.com/repuestos-maquinaria-pesada-colombia/repuestos-maquinaria-pesada-marcas/repuestos-para-maquinaria-pesada-hitachi/repuestos-para-maquinaria-pesada-excavadora-hitachi/","200","Repuestos para Excavadora HITACHI","Explora nuestra amplia selección de Repuestos para Excavadora HITACHI en nuestra tienda PARTEQUIPOS.","","https://partequipos.com/repuestos-maquinaria-pesada-colombia/repuestos-maquinaria-pesada-marcas/repuestos-para-maquinaria-pesada-hitachi/repuestos-para-maquinaria-pesada-excavadora-hitachi/","4","repuestos","tipo"
"https://partequipos.com/repuestos-maquinaria-pesada-colombia/repuestos-maquinaria-pesada-marcas/repuestos-para-maquinaria-pesada-hitachi/repuestos-para-maquinaria-pesada-excavadora-hitachi/repuestos-excavadora-hitachi-ex100-3/","200","Repuestos Excavadora HITACHI EX100-3","Explora nuestra amplia selección de Repuestos Excavadora HITACHI EX100-3 en nuestra tienda PARTEQUIPOS.","","https://partequipos.com/repuestos-maquinaria-pesada-colombia/repuestos-maquinaria-pesada-marcas/repuestos-para-maquinaria-pesada-hitachi/repuestos-para-maquinaria-pesada-excavadora-hitachi/repuestos-excavadora-hitachi-ex100-3/","5","repuestos","modelo"
"https://partequipos.com/repuestos-maquinaria-pesada-colombia/repuestos-maquinaria-pesada-marcas/repuestos-para-maquinaria-pesada-hitachi/repuestos-para-maquinaria-pesada-excavadora-hitachi/repuestos-excavadora-hitachi-ex100/","200","Repuestos Excavadora HITACHI EX100","Explora nuestra amplia selección de Repuestos para Excavadora HITACHI EX100 en nuestra tienda PARTEQUIPOS.","","https://partequipos.com/repuestos-maquinaria-pesada-colombia/repuestos-maquinaria-pesada-marcas/repuestos-para-maquinaria-pesada-hitachi/repuestos-para-maquinaria-pesada-excavadora-hitachi/repuestos-excavadora-hitachi-ex100/","5","repuestos","modelo"
"https://partequipos.com/repuestos-maquinaria-pesada-colombia/repuestos-maquinaria-pesada-marcas/repuestos-para-maquinaria-pesada-hitachi/repuestos-para-maquinaria-pesada-excavadora-hitachi/repuestos-excavadora-hitachi-ex120-2/","200","Repuestos Excavadora HITACHI EX120-2","Explora nuestra amplia selección de Repuestos Excavadora HITACHI EX120-2 en nuestra tienda PARTEQUIPOS.","","https://partequipos.com/repuestos-maquinaria-pesada-colombia/repuestos-maquinaria-pesada-marcas/repuestos-para-maquinaria-pesada-hitachi/repuestos-para-maquinaria-pesada-excavadora-hitachi/repuestos-excavadora-hitachi-ex120-2/","5","repuestos","modelo"
"https://partequipos.com/repuestos-maquinaria-pesada-colombia/repuestos-maquinaria-pesada-marcas/repuestos-para-maquinaria-pesada-hitachi/repuestos-para-maquinaria-pesada-excavadora-hitachi/repuestos-excavadora-hitachi-ex120-3/","200","Repuestos Excavadora HITACHI EX120-3","Explora nuestra amplia selección de Repuestos para Excavadora HITACHI EX120-3 en nuestra tienda PARTEQUIPOS.","","https://partequipos.com/repuestos-maquinaria-pesada-colombia/repuestos-maquinaria-pesada-marcas/repuestos-para-maquinaria-pesada-hitachi/repuestos-para-maquinaria-pesada-excavadora-hitachi/repuestos-excavadora-hitachi-ex120-3/","5","repuestos","modelo"
"https://partequipos.com/repuestos-maquinaria-pesada-colombia/repuestos-maquinaria-pesada-marcas/repuestos-para-maquinaria-pesada-hitachi/repuestos-para-maquinaria-pesada-excavadora-hitachi/repuestos-excavadora-hitachi-ex160-5/","200","Repuestos Excavadora HITACHI EX160-5","Explora nuestra amplia selección de Repuestos para Excavadora HITACHI EX160-5 en nuestra tienda PARTEQUIPOS.","","https://partequipos.com/repuestos-maquinaria-pesada-colombia/repuestos-maquinaria-pesada-marcas/repuestos-para-maquinaria-pesada-hitachi/repuestos-para-maquinaria-pesada-excavadora-hitachi/repuestos-excavadora-hitachi-ex160-5/","5","repuestos","modelo"
"https://partequipos.com/repuestos-maquinaria-pesada-colombia/repuestos-maquinaria-pesada-marcas/repuestos-para-maquinaria-pesada-hitachi/repuestos-para-maquinaria-pesada-excavadora-hitachi/repuestos-excavadora-hitachi-ex200-2/","200","Repuestos Excavadora HITACHI EX200-2","Explora nuestra amplia selección de Repuestos para Excavadora HITACHI EX200-2 en nuestra tienda PARTEQUIPOS.","","https://partequipos.com/repuestos-maquinaria-pesada-colombia/repuestos-maquinaria-pesada-marcas/repuestos-para-maquinaria-pesada-hitachi/repuestos-para-maquinaria-pesada-excavadora-hitachi/repuestos-excavadora-hitachi-ex200-2/","5","repuestos","modelo"
"https://partequipos.com/repuestos-maquinaria-pesada-colombia/repuestos-maquinaria-pesada-marcas/repuestos-para-maquinaria-pesada-hitachi/repuestos-para-maquinaria-pesada-excavadora-hitachi/repuestos-excavadora-hitachi-ex200-3/","200","Repuestos Excavadora HITACHI EX200-3","Explora nuestra amplia selección de Repuestos Excavadora HITACHI EX200-3 en nuestra tienda PARTEQUIPOS.","","https://partequipos.com/repuestos-maquinaria-pesada-colombia/repuestos-maquinaria-pesada-marcas/repuestos-para-maquinaria-pesada-hitachi/repuestos-para-maquinaria-pesada-excavadora-hitachi/repuestos-excavadora-hitachi-ex200-3/","5","repuestos","modelo"
"https://partequipos.com/repuestos-maquinaria-pesada-colombia/repuestos-maquinaria-pesada-marcas/repuestos-para-maquinaria-pesada-hitachi/repuestos-para-maquinaria-pesada-excavadora-hitachi/repuestos-excavadora-hitachi-ex200-5/","200","Repuestos Excavadora HITACHI EX200-5","Explora nuestra amplia selección de Repuestos para Excavadora HITACHI EX200-5 en nuestra tienda PARTEQUIPOS.","","https://partequipos.com/repuestos-maquinaria-pesada-colombia/repuestos-maquinaria-pesada-marcas/repuestos-para-maquinaria-pesada-hitachi/repuestos-para-maquinaria-pesada-excavadora-hitachi/repuestos-excavadora-hitachi-ex200-5/","5","repuestos","modelo"
"https://partequipos.com/repuestos-maquinaria-pesada-colombia/repuestos-maquinaria-pesada-marcas/repuestos-para-maquinaria-pesada-hitachi/repuestos-para-maquinaria-pesada-excavadora-hitachi/repuestos-excavadora-hitachi-ex200/","200","Repuestos Excavadora HITACHI EX200","Explora nuestra amplia selección de Repuestos para Excavadora HITACHI EX200 en nuestra tienda PARTEQUIPOS.","","https://partequipos.com/repuestos-maquinaria-pesada-colombia/repuestos-maquinaria-pesada-marcas/repuestos-para-maquinaria-pesada-hitachi/repuestos-para-maquinaria-pesada-excavadora-hitachi/repuestos-excavadora-hitachi-ex200/","5","repuestos","modelo"
"https://partequipos.com/repuestos-maquinaria-pesada-colombia/repuestos-maquinaria-pesada-marcas/repuestos-para-maquinaria-pesada-hitachi/repuestos-para-maquinaria-pesada-excavadora-hitachi/repuestos-excavadora-hitachi-ex230-5/","200","Repuestos Excavadora HITACHI EX230-5","Explora nuestra amplia selección de Repuestos para Excavadora HITACHI EX230-5 en nuestra tienda PARTEQUIPOS.","","https://partequipos.com/repuestos-maquinaria-pesada-colombia/repuestos-maquinaria-pesada-marcas/repuestos-para-maquinaria-pesada-hitachi/repuestos-para-maquinaria-pesada-excavadora-hitachi/repuestos-excavadora-hitachi-ex230-5/","5","repuestos","modelo"
"https://partequipos.com/repuestos-maquinaria-pesada-colombia/repuestos-maquinaria-pesada-marcas/repuestos-para-maquinaria-pesada-hitachi/repuestos-para-maquinaria-pesada-excavadora-hitachi/repuestos-excavadora-hitachi-ex270-5/","200","Repuestos Excavadora HITACHI EX270-5","Explora nuestra amplia selección de Repuestos para Repuestos Excavadora HITACHI EX270-5 en nuestra tienda PARTEQUIPOS.","","https://partequipos.com/repuestos-maquinaria-pesada-colombia/repuestos-maquinaria-pesada-marcas/repuestos-para-maquinaria-pesada-hitachi/repuestos-para-maquinaria-pesada-excavadora-hitachi/repuestos-excavadora-hitachi-ex270-5/","5","repuestos","modelo"
"https://partequipos.com/repuestos-maquinaria-pesada-colombia/repuestos-maquinaria-pesada-marcas/repuestos-para-maquinaria-pesada-hitachi/repuestos-para-maquinaria-pesada-excavadora-hitachi/repuestos-excavadora-hitachi-zx-200/","200","Repuestos para Excavadora HITACHI ZX200","Explora nuestra amplia selección de Repuestos para Excavadora HITACHI ZX200 en nuestra tienda PARTEQUIPOS.","","https://partequipos.com/repuestos-maquinaria-pesada-colombia/repuestos-maquinaria-pesada-marcas/repuestos-para-maquinaria-pesada-hitachi/repuestos-para-maquinaria-pesada-excavadora-hitachi/repuestos-excavadora-hitachi-zx-200/","5","repuestos","modelo"
"https://partequipos.com/repuestos-maquinaria-pesada-colombia/repuestos-maquinaria-pesada-marcas/repuestos-para-maquinaria-pesada-hitachi/repuestos-para-maquinaria-pesada-excavadora-hitachi/repuestos-excavadora-hitachi-zx120-3/","200","Repuestos para Excavadora HITACHI ZX120-3","Explora nuestra amplia selección de Repuestos para Excavadora HITACHI ZX120-3 en nuestra tienda PARTEQUIPOS.","","https://partequipos.com/repuestos-maquinaria-pesada-colombia/repuestos-maquinaria-pesada-marcas/repuestos-para-maquinaria-pesada-hitachi/repuestos-para-maquinaria-pesada-excavadora-hitachi/repuestos-excavadora-hitachi-zx120-3/","5","repuestos","modelo"
"https://partequipos.com/repuestos-maquinaria-pesada-colombia/repuestos-maquinaria-pesada-marcas/repuestos-para-maquinaria-pesada-hitachi/repuestos-para-maquinaria-pesada-excavadora-hitachi/repuestos-excavadora-hitachi-zx120-zx130lcn/","200","Repuestos para Excavadora HITACHI ZX120/ZX130LCN","Explora nuestra amplia selección de Repuestos para Excavadora HITACHI ZX120/ZX130LCN en nuestra tienda PARTEQUIPOS.","","https://partequipos.com/repuestos-maquinaria-pesada-colombia/repuestos-maquinaria-pesada-marcas/repuestos-para-maquinaria-pesada-hitachi/repuestos-para-maquinaria-pesada-excavadora-hitachi/repuestos-excavadora-hitachi-zx120-zx130lcn/","5","repuestos","modelo"
"https://partequipos.com/repuestos-maquinaria-pesada-colombia/repuestos-maquinaria-pesada-marcas/repuestos-para-maquinaria-pesada-hitachi/repuestos-para-maquinaria-pesada-excavadora-hitachi/repuestos-excavadora-hitachi-zx200-3/","200","Repuestos para Excavadora HITACHI ZX200-3","Explora nuestra amplia selección de Repuestos para Excavadora HITACHI ZX200-3 en nuestra tienda PARTEQUIPOS.","","https://partequipos.com/repuestos-maquinaria-pesada-colombia/repuestos-maquinaria-pesada-marcas/repuestos-para-maquinaria-pesada-hitachi/repuestos-para-maquinaria-pesada-excavadora-hitachi/repuestos-excavadora-hitachi-zx200-3/","5","repuestos","modelo"
"https://partequipos.com/repuestos-maquinaria-pesada-colombia/repuestos-maquinaria-pesada-marcas/repuestos-para-maquinaria-pesada-hitachi/repuestos-para-maquinaria-pesada-excavadora-hitachi/repuestos-excavadora-hitachi-zx200-5g/","200","Repuestos para Excavadora HITACHI ZX200-5G","Explora nuestra amplia selección de Repuestos para Excavadora HITACHI ZX200-5G en nuestra tienda PARTEQUIPOS.","","https://partequipos.com/repuestos-maquinaria-pesada-colombia/repuestos-maquinaria-pesada-marcas/repuestos-para-maquinaria-pesada-hitachi/repuestos-para-maquinaria-pesada-excavadora-hitachi/repuestos-excavadora-hitachi-zx200-5g/","5","repuestos","modelo"
"https://partequipos.com/repuestos-maquinaria-pesada-colombia/repuestos-maquinaria-pesada-marcas/repuestos-para-maquinaria-pesada-hitachi/repuestos-para-maquinaria-pesada-excavadora-hitachi/repuestos-excavadora-hitachi-zx210-5g/","200","Repuestos para Excavadora HITACHI ZX210-5G","Explora nuestra amplia selección de Repuestos para Excavadora HITACHI ZX210-5G en nuestra tienda PARTEQUIPOS.","","https://partequipos.com/repuestos-maquinaria-pesada-colombia/repuestos-maquinaria-pesada-marcas/repuestos-para-maquinaria-pesada-hitachi/repuestos-para-maquinaria-pesada-excavadora-hitachi/repuestos-excavadora-hitachi-zx210-5g/","5","repuestos","modelo"
"https://partequipos.com/repuestos-maquinaria-pesada-colombia/repuestos-maquinaria-pesada-marcas/repuestos-para-maquinaria-pesada-hitachi/repuestos-para-maquinaria-pesada-excavadora-hitachi/repuestos-excavadora-hitachi-zx220lc/","200","Repuestos para Excavadora HITACHI ZX220LC","Explora nuestra amplia selección de Repuestos para Excavadora HITACHI ZX220LC en nuestra tienda PARTEQUIPOS.","","https://partequipos.com/repuestos-maquinaria-pesada-colombia/repuestos-maquinaria-pesada-marcas/repuestos-para-maquinaria-pesada-hitachi/repuestos-para-maquinaria-pesada-excavadora-hitachi/repuestos-excavadora-hitachi-zx220lc/","5","repuestos","modelo"
"https://partequipos.com/repuestos-maquinaria-pesada-colombia/repuestos-maquinaria-pesada-marcas/repuestos-para-maquinaria-pesada-hitachi/repuestos-para-maquinaria-pesada-excavadora-hitachi/repuestos-excavadora-hitachi-zx270lc-3/","200","Repuestos Excavadora HITACHI ZX270LC-3","Explora nuestra amplia selección de Repuestos para Excavadora HITACHI ZX270LC-3 en nuestra tienda PARTEQUIPOS.","","https://partequipos.com/repuestos-maquinaria-pesada-colombia/repuestos-maquinaria-pesada-marcas/repuestos-para-maquinaria-pesada-hitachi/repuestos-para-maquinaria-pesada-excavadora-hitachi/repuestos-excavadora-hitachi-zx270lc-3/","5","repuestos","modelo"
"https://partequipos.com/repuestos-maquinaria-pesada-colombia/repuestos-maquinaria-pesada-marcas/repuestos-para-maquinaria-pesada-hitachi/repuestos-para-maquinaria-pesada-excavadora-hitachi/repuestos-excavadora-hitachi-zx270lc/","200","Repuestos Excavadora HITACHI ZX270LC","Explora nuestra amplia selección de Repuestos para Excavadora HITACHI ZX270LC en nuestra tienda PARTEQUIPOS.","","https://partequipos.com/repuestos-maquinaria-pesada-colombia/repuestos-maquinaria-pesada-marcas/repuestos-para-maquinaria-pesada-hitachi/repuestos-para-maquinaria-pesada-excavadora-hitachi/repuestos-excavadora-hitachi-zx270lc/","5","repuestos","modelo"
"https://partequipos.com/repuestos-maquinaria-pesada-colombia/repuestos-maquinaria-pesada-marcas/repuestos-para-maquinaria-pesada-hitachi/repuestos-para-maquinaria-pesada-excavadora-hitachi/repuestos-excavadora-hitachi-zx330lc/","200","Repuestos Excavadora HITACHI ZX330LC","Explora nuestra amplia selección de Repuestos para Excavadora HITACHI ZX330LC en nuestra tienda PARTEQUIPOS.","","https://partequipos.com/repuestos-maquinaria-pesada-colombia/repuestos-maquinaria-pesada-marcas/repuestos-para-maquinaria-pesada-hitachi/repuestos-para-maquinaria-pesada-excavadora-hitachi/repuestos-excavadora-hitachi-zx330lc/","5","repuestos","modelo"
"https://partequipos.com/repuestos-maquinaria-pesada-colombia/repuestos-maquinaria-pesada-marcas/repuestos-para-maquinaria-pesada-hitachi/repuestos-para-maquinaria-pesada-excavadora-hitachi/repuestos-excavadora-hitachi-zx350lc-3/","200","Repuestos Excavadora HITACHI ZX350LC-3","Explora nuestra amplia selección de Repuestos para Excavadora HITACHI ZX350LC-3 en nuestra tienda PARTEQUIPOS.","","https://partequipos.com/repuestos-maquinaria-pesada-colombia/repuestos-maquinaria-pesada-marcas/repuestos-para-maquinaria-pesada-hitachi/repuestos-para-maquinaria-pesada-excavadora-hitachi/repuestos-excavadora-hitachi-zx350lc-3/","5","repuestos","modelo"
"https://partequipos.com/repuestos-maquinaria-pesada-colombia/repuestos-maquinaria-pesada-marcas/repuestos-para-maquinaria-pesada-hitachi/repuestos-para-maquinaria-pesada-excavadora-hitachi/repuestos-excavadora-hitachi-zx350lc-5/","200","Repuestos Excavadora HITACHI ZX350LC-5","Explora nuestra amplia selección de Repuestos para Excavadora HITACHI ZX350LC-5 en nuestra tienda PARTEQUIPOS.","","https://partequipos.com/repuestos-maquinaria-pesada-colombia/repuestos-maquinaria-pesada-marcas/repuestos-para-maquinaria-pesada-hitachi/repuestos-para-maquinaria-pesada-excavadora-hitachi/repuestos-excavadora-hitachi-zx350lc-5/","5","repuestos","modelo"
"https://partequipos.com/repuestos-maquinaria-pesada-colombia/repuestos-maquinaria-pesada-marcas/repuestos-para-maquinaria-pesada-hitachi/repuestos-para-maquinaria-pesada-excavadora-hitachi/repuestos-excavadora-hitachi-zx450lc-3/","200","Repuestos Excavadora HITACHI ZX450LC-3","Explora nuestra amplia selección de Repuestos para Excavadora HITACHI ZX450LC-3 en nuestra tienda PARTEQUIPOS.","","https://partequipos.com/repuestos-maquinaria-pesada-colombia/repuestos-maquinaria-pesada-marcas/repuestos-para-maquinaria-pesada-hitachi/repuestos-para-maquinaria-pesada-excavadora-hitachi/repuestos-excavadora-hitachi-zx450lc-3/","5","repuestos","modelo"
"https://partequipos.com/repuestos-maquinaria-pesada-colombia/repuestos-maquinaria-pesada-marcas/repuestos-para-maquinaria-pesada-hitachi/repuestos-para-maquinaria-pesada-excavadora-hitachi/repuestos-excavadora-hitachi-zx450lc-5/","200","Repuestos para Excavadora HITACHI ZX220LC","Explora nuestra amplia selección de Repuestos para Excavadora HITACHI ZX220LC en nuestra tienda PARTEQUIPOS.","","https://partequipos.com/repuestos-maquinaria-pesada-colombia/repuestos-maquinaria-pesada-marcas/repuestos-para-maquinaria-pesada-hitachi/repuestos-para-maquinaria-pesada-excavadora-hitachi/repuestos-excavadora-hitachi-zx450lc-5/","5","repuestos","modelo"
"https://partequipos.com/repuestos-maquinaria-pesada-colombia/repuestos-maquinaria-pesada-marcas/repuestos-para-maquinaria-pesada-hitachi/repuestos-para-maquinaria-pesada-excavadora-hitachi/repuestos-excavadora-hitachi-zx450lc/","200","Repuestos Excavadora HITACHI ZX450LC","Explora nuestra amplia selección de Repuestos para Excavadora HITACHI ZX450LC en nuestra tienda PARTEQUIPOS.","","https://partequipos.com/repuestos-maquinaria-pesada-colombia/repuestos-maquinaria-pesada-marcas/repuestos-para-maquinaria-pesada-hitachi/repuestos-para-maquinaria-pesada-excavadora-hitachi/repuestos-excavadora-hitachi-zx450lc/","5","repuestos","modelo"
"https://partequipos.com/repuestos-maquinaria-pesada-colombia/repuestos-maquinaria-pesada-marcas/repuestos-para-maquinaria-pesada-hitachi/repuestos-para-maquinaria-pesada-miniexcavadora-hitachi/","200","Repuestos para Miniexcavadora HITACHI","Explora nuestra amplia selección de Repuestos para Miniexcavadora HITACHI en nuestra tienda PARTEQUIPOS.","","https://partequipos.com/repuestos-maquinaria-pesada-colombia/repuestos-maquinaria-pesada-marcas/repuestos-para-maquinaria-pesada-hitachi/repuestos-para-maquinaria-pesada-miniexcavadora-hitachi/","4","repuestos","tipo"
"https://partequipos.com/repuestos-maquinaria-pesada-colombia/repuestos-maquinaria-pesada-marcas/repuestos-para-maquinaria-pesada-hitachi/repuestos-para-maquinaria-pesada-miniexcavadora-hitachi/repuestos-miniexcavadora-hitachi-ex40u/","200","Repuestos Miniexcavadora HITACHI EX40U","Explora nuestra amplia selección de Repuestos Miniexcavadora HITACHI EX40U en nuestra tienda PARTEQUIPOS.","","https://partequipos.com/repuestos-maquinaria-pesada-colombia/repuestos-maquinaria-pesada-marcas/repuestos-para-maquinaria-pesada-hitachi/repuestos-para-maquinaria-pesada-miniexcavadora-hitachi/repuestos-miniexcavadora-hitachi-ex40u/","5","repuestos","modelo"
"https://partequipos.com/repuestos-maquinaria-pesada-colombia/repuestos-maquinaria-pesada-marcas/repuestos-para-maquinaria-pesada-hitachi/repuestos-para-maquinaria-pesada-miniexcavadora-hitachi/repuestos-miniexcavadora-hitachi-ex50u/","200","Repuestos Miniexcavadora HITACHI EX50U","Explora nuestra amplia selección de Repuestos para Miniexcavadora HITACHI EX50U en nuestra tienda PARTEQUIPOS.","","https://partequipos.com/repuestos-maquinaria-pesada-colombia/repuestos-maquinaria-pesada-marcas/repuestos-para-maquinaria-pesada-hitachi/repuestos-para-maquinaria-pesada-miniexcavadora-hitachi/repuestos-miniexcavadora-hitachi-ex50u/","5","repuestos","modelo"
"https://partequipos.com/repuestos-maquinaria-pesada-colombia/repuestos-maquinaria-pesada-marcas/repuestos-para-maquinaria-pesada-hitachi/repuestos-para-maquinaria-pesada-miniexcavadora-hitachi/repuestos-miniexcavadora-hitachi-ex60-1/","200","Repuestos Miniexcavadora HITACHI EX60-1","Explora nuestra amplia selección de Repuestos Miniexcavadora HITACHI EX60-1 en nuestra tienda PARTEQUIPOS.","","https://partequipos.com/repuestos-maquinaria-pesada-colombia/repuestos-maquinaria-pesada-marcas/repuestos-para-maquinaria-pesada-hitachi/repuestos-para-maquinaria-pesada-miniexcavadora-hitachi/repuestos-miniexcavadora-hitachi-ex60-1/","5","repuestos","modelo"
"https://partequipos.com/repuestos-maquinaria-pesada-colombia/repuestos-maquinaria-pesada-marcas/repuestos-para-maquinaria-pesada-hitachi/repuestos-para-maquinaria-pesada-miniexcavadora-hitachi/repuestos-miniexcavadora-hitachi-ex60-3/","200","Repuestos Miniexcavadora HITACHI EX60-3","Explora nuestra amplia selección de Repuestos Miniexcavadora HITACHI EX60-3 en nuestra tienda PARTEQUIPOS.","","https://partequipos.com/repuestos-maquinaria-pesada-colombia/repuestos-maquinaria-pesada-marcas/repuestos-para-maquinaria-pesada-hitachi/repuestos-para-maquinaria-pesada-miniexcavadora-hitachi/repuestos-miniexcavadora-hitachi-ex60-3/","5","repuestos","modelo"
"https://partequipos.com/repuestos-maquinaria-pesada-colombia/repuestos-maquinaria-pesada-marcas/repuestos-para-maquinaria-pesada-hitachi/repuestos-para-maquinaria-pesada-miniexcavadora-hitachi/repuestos-miniexcavadora-hitachi-ex60-5/","200","Repuestos Miniexcavadora HITACHI EX60-5","Explora nuestra amplia selección de Repuestos Miniexcavadora HITACHI EX60-5 en nuestra tienda PARTEQUIPOS.","","https://partequipos.com/repuestos-maquinaria-pesada-colombia/repuestos-maquinaria-pesada-marcas/repuestos-para-maquinaria-pesada-hitachi/repuestos-para-maquinaria-pesada-miniexcavadora-hitachi/repuestos-miniexcavadora-hitachi-ex60-5/","5","repuestos","modelo"
"https://partequipos.com/repuestos-maquinaria-pesada-colombia/repuestos-maquinaria-pesada-marcas/repuestos-para-maquinaria-pesada-hitachi/repuestos-para-maquinaria-pesada-miniexcavadora-hitachi/repuestos-miniexcavadora-hitachi-ex70-ex80-5/","200","Repuestos Miniexcavadora HITACHI EX70 / EX80-5","Explora nuestra amplia selección de Repuestos Miniexcavadora HITACHI EX70 / EX80-5 en nuestra tienda PARTEQUIPOS.","","https://partequipos.com/repuestos-maquinaria-pesada-colombia/repuestos-maquinaria-pesada-marcas/repuestos-para-maquinaria-pesada-hitachi/repuestos-para-maquinaria-pesada-miniexcavadora-hitachi/repuestos-miniexcavadora-hitachi-ex70-ex80-5/","5","repuestos","modelo"
"https://partequipos.com/repuestos-maquinaria-pesada-colombia/repuestos-maquinaria-pesada-marcas/repuestos-para-maquinaria-pesada-hitachi/repuestos-para-maquinaria-pesada-miniexcavadora-hitachi/repuestos-miniexcavadora-hitachi-zx17u-2/","200","Repuestos Miniexcavadora HITACHI ZX17U-2","Explora nuestra amplia selección de Repuestos Miniexcavadora HITACHI ZX17U-2 en nuestra tienda PARTEQUIPOS.","","https://partequipos.com/repuestos-maquinaria-pesada-colombia/repuestos-maquinaria-pesada-marcas/repuestos-para-maquinaria-pesada-hitachi/repuestos-para-maquinaria-pesada-miniexcavadora-hitachi/repuestos-miniexcavadora-hitachi-zx17u-2/","5","repuestos","modelo"
"https://partequipos.com/repuestos-maquinaria-pesada-colombia/repuestos-maquinaria-pesada-marcas/repuestos-para-maquinaria-pesada-hitachi/repuestos-para-maquinaria-pesada-miniexcavadora-hitachi/repuestos-miniexcavadora-hitachi-zx30u-2/","200","Repuestos Miniexcavadora HITACHI ZX30U-2","Explora nuestra amplia selección de Repuestos Miniexcavadora HITACHI ZX30U-2 en nuestra tienda PARTEQUIPOS.","","https://partequipos.com/repuestos-maquinaria-pesada-colombia/repuestos-maquinaria-pesada-marcas/repuestos-para-maquinaria-pesada-hitachi/repuestos-para-maquinaria-pesada-miniexcavadora-hitachi/repuestos-miniexcavadora-hitachi-zx30u-2/","5","repuestos","modelo"
"https://partequipos.com/repuestos-maquinaria-pesada-colombia/repuestos-maquinaria-pesada-marcas/repuestos-para-maquinaria-pesada-hitachi/repuestos-para-maquinaria-pesada-miniexcavadora-hitachi/repuestos-miniexcavadora-hitachi-zx35u-2/","200","Repuestos Miniexcavadora HITACHI ZX35U-2","Explora nuestra amplia selección de Repuestos Miniexcavadora HITACHI ZX35U-2 en nuestra tienda PARTEQUIPOS.","","https://partequipos.com/repuestos-maquinaria-pesada-colombia/repuestos-maquinaria-pesada-marcas/repuestos-para-maquinaria-pesada-hitachi/repuestos-para-maquinaria-pesada-miniexcavadora-hitachi/repuestos-miniexcavadora-hitachi-zx35u-2/","5","repuestos","modelo"
"https://partequipos.com/repuestos-maquinaria-pesada-colombia/repuestos-maquinaria-pesada-marcas/repuestos-para-maquinaria-pesada-hitachi/repuestos-para-maquinaria-pesada-miniexcavadora-hitachi/repuestos-miniexcavadora-hitachi-zx35u-3/","200","Repuestos Miniexcavadora HITACHI ZX35U-3","Explora nuestra amplia selección de Repuestos Miniexcavadora HITACHI ZX35U-3 en nuestra tienda PARTEQUIPOS.","","https://partequipos.com/repuestos-maquinaria-pesada-colombia/repuestos-maquinaria-pesada-marcas/repuestos-para-maquinaria-pesada-hitachi/repuestos-para-maquinaria-pesada-miniexcavadora-hitachi/repuestos-miniexcavadora-hitachi-zx35u-3/","5","repuestos","modelo"
"https://partequipos.com/repuestos-maquinaria-pesada-colombia/repuestos-maquinaria-pesada-marcas/repuestos-para-maquinaria-pesada-hitachi/repuestos-para-maquinaria-pesada-miniexcavadora-hitachi/repuestos-miniexcavadora-hitachi-zx35u/","200","Repuestos Miniexcavadora HITACHI ZX35U","Explora nuestra amplia selección de Repuestos para Miniexcavadora HITACHI ZX35U en nuestra tienda PARTEQUIPOS.","","https://partequipos.com/repuestos-maquinaria-pesada-colombia/repuestos-maquinaria-pesada-marcas/repuestos-para-maquinaria-pesada-hitachi/repuestos-para-maquinaria-pesada-miniexcavadora-hitachi/repuestos-miniexcavadora-hitachi-zx35u/","5","repuestos","modelo"
"https://partequipos.com/repuestos-maquinaria-pesada-colombia/repuestos-maquinaria-pesada-marcas/repuestos-para-maquinaria-pesada-hitachi/repuestos-para-maquinaria-pesada-miniexcavadora-hitachi/repuestos-miniexcavadora-hitachi-zx40u-2/","200","Repuestos Miniexcavadora HITACHI ZX40U-2","Explora nuestra amplia selección de Repuestos Miniexcavadora HITACHI ZX40U-2 en nuestra tienda PARTEQUIPOS.","","https://partequipos.com/repuestos-maquinaria-pesada-colombia/repuestos-maquinaria-pesada-marcas/repuestos-para-maquinaria-pesada-hitachi/repuestos-para-maquinaria-pesada-miniexcavadora-hitachi/repuestos-miniexcavadora-hitachi-zx40u-2/","5","repuestos","modelo"
"https://partequipos.com/repuestos-maquinaria-pesada-colombia/repuestos-maquinaria-pesada-marcas/repuestos-para-maquinaria-pesada-hitachi/repuestos-para-maquinaria-pesada-miniexcavadora-hitachi/repuestos-miniexcavadora-hitachi-zx40u-3/","200","Repuestos Miniexcavadora HITACHI ZX40U-3","Explora nuestra amplia selección de Repuestos Miniexcavadora HITACHI ZX40U-3 en nuestra tienda PARTEQUIPOS.","","https://partequipos.com/repuestos-maquinaria-pesada-colombia/repuestos-maquinaria-pesada-marcas/repuestos-para-maquinaria-pesada-hitachi/repuestos-para-maquinaria-pesada-miniexcavadora-hitachi/repuestos-miniexcavadora-hitachi-zx40u-3/","5","repuestos","modelo"
"https://partequipos.com/repuestos-maquinaria-pesada-colombia/repuestos-maquinaria-pesada-marcas/repuestos-para-maquinaria-pesada-hitachi/repuestos-para-maquinaria-pesada-miniexcavadora-hitachi/repuestos-miniexcavadora-hitachi-zx40u/","200","Repuestos Miniexcavadora HITACHI ZX40U","Explora nuestra amplia selección de Repuestos para Miniexcavadora HITACHI ZX40U en nuestra tienda PARTEQUIPOS.","","https://partequipos.com/repuestos-maquinaria-pesada-colombia/repuestos-maquinaria-pesada-marcas/repuestos-para-maquinaria-pesada-hitachi/repuestos-para-maquinaria-pesada-miniexcavadora-hitachi/repuestos-miniexcavadora-hitachi-zx40u/","5","repuestos","modelo"
"https://partequipos.com/repuestos-maquinaria-pesada-colombia/repuestos-maquinaria-pesada-marcas/repuestos-para-maquinaria-pesada-hitachi/repuestos-para-maquinaria-pesada-miniexcavadora-hitachi/repuestos-miniexcavadora-hitachi-zx50u-2/","200","Repuestos Miniexcavadora HITACHI ZX50U-2","Explora nuestra amplia selección deRepuestos Miniexcavadora HITACHI ZX50U-2 en nuestra tienda PARTEQUIPOS.","","https://partequipos.com/repuestos-maquinaria-pesada-colombia/repuestos-maquinaria-pesada-marcas/repuestos-para-maquinaria-pesada-hitachi/repuestos-para-maquinaria-pesada-miniexcavadora-hitachi/repuestos-miniexcavadora-hitachi-zx50u-2/","5","repuestos","modelo"
"https://partequipos.com/repuestos-maquinaria-pesada-colombia/repuestos-maquinaria-pesada-marcas/repuestos-para-maquinaria-pesada-hitachi/repuestos-para-maquinaria-pesada-miniexcavadora-hitachi/repuestos-miniexcavadora-hitachi-zx50u-3/","200","Repuestos Miniexcavadora HITACHI ZX50U-3","Explora nuestra amplia selección de Repuestos Miniexcavadora HITACHI ZX50U-3 en nuestra tienda PARTEQUIPOS.","","https://partequipos.com/repuestos-maquinaria-pesada-colombia/repuestos-maquinaria-pesada-marcas/repuestos-para-maquinaria-pesada-hitachi/repuestos-para-maquinaria-pesada-miniexcavadora-hitachi/repuestos-miniexcavadora-hitachi-zx50u-3/","5","repuestos","modelo"
"https://partequipos.com/repuestos-maquinaria-pesada-colombia/repuestos-maquinaria-pesada-marcas/repuestos-para-maquinaria-pesada-hitachi/repuestos-para-maquinaria-pesada-miniexcavadora-hitachi/repuestos-miniexcavadora-hitachi-zx70-zx80/","200","Repuestos Miniexcavadora HITACHI ZX70 / ZX80","Explora nuestra amplia selección de Repuestos para Miniexcavadora HITACHI ZX70 / ZX80 en nuestra tienda PARTEQUIPOS.","","https://partequipos.com/repuestos-maquinaria-pesada-colombia/repuestos-maquinaria-pesada-marcas/repuestos-para-maquinaria-pesada-hitachi/repuestos-para-maquinaria-pesada-miniexcavadora-hitachi/repuestos-miniexcavadora-hitachi-zx70-zx80/","5","repuestos","modelo"
"https://partequipos.com/repuestos-maquinaria-pesada-colombia/repuestos-maquinaria-pesada-marcas/repuestos-para-maquinaria-pesada-hitachi/repuestos-para-maquinaria-pesada-miniexcavadora-hitachi/repuestos-miniexcavadora-hitachi-zx75u-3-2/","200","Repuestos para Excavadora HITACHI ZX75U-3 | PARTEQUIPOS","Explora nuestra amplia selección de Repuestos para Excavadora HITACHI ZX75U-3 en nuestra tienda PARTEQUIPOS.","","https://partequipos.com/repuestos-maquinaria-pesada-colombia/repuestos-maquinaria-pesada-marcas/repuestos-para-maquinaria-pesada-hitachi/repuestos-para-maquinaria-pesada-miniexcavadora-hitachi/repuestos-miniexcavadora-hitachi-zx75u-3-2/","5","repuestos","modelo"
"https://partequipos.com/repuestos-maquinaria-pesada-colombia/repuestos-maquinaria-pesada-marcas/repuestos-para-maquinaria-pesada-hitachi/repuestos-para-maquinaria-pesada-miniexcavadora-hitachi/repuestos-miniexcavadora-hitachi-zx75u-a/","200","Repuestos para Excavadora HITACHI ZX220LC","Explora nuestra amplia selección de Repuestos para Excavadora HITACHI ZX220LC en nuestra tienda PARTEQUIPOS.","","https://partequipos.com/repuestos-maquinaria-pesada-colombia/repuestos-maquinaria-pesada-marcas/repuestos-para-maquinaria-pesada-hitachi/repuestos-para-maquinaria-pesada-miniexcavadora-hitachi/repuestos-miniexcavadora-hitachi-zx75u-a/","5","repuestos","modelo"
"https://partequipos.com/repuestos-maquinaria-pesada-colombia/repuestos-maquinaria-pesada-marcas/repuestos-para-maquinaria-pesada-hitachi/repuestos-para-maquinaria-pesada-miniexcavadora-hitachi/repuestos-miniexcavadora-hitachi-zx85u-3/","200","Repuestos Miniexcavadora HITACHI ZX85U-3","Explora nuestra amplia selección deRepuestos Miniexcavadora HITACHI ZX85U-3 en nuestra tienda PARTEQUIPOS.","","https://partequipos.com/repuestos-maquinaria-pesada-colombia/repuestos-maquinaria-pesada-marcas/repuestos-para-maquinaria-pesada-hitachi/repuestos-para-maquinaria-pesada-miniexcavadora-hitachi/repuestos-miniexcavadora-hitachi-zx85u-3/","5","repuestos","modelo"
"https://partequipos.com/repuestos-maquinaria-pesada-colombia/repuestos-maquinaria-pesada-marcas/repuestos-para-maquinaria-pesada-hyundai/","200","Repuestos para maquinaria pesada HYUNDAI","Explora nuestra amplia selección de Repuestos para maquinaria pesada HYUNDAI en nuestra tienda PARTEQUIPOS.","","https://partequipos.com/repuestos-maquinaria-pesada-colombia/repuestos-maquinaria-pesada-marcas/repuestos-para-maquinaria-pesada-hyundai/","3","repuestos","marca"
"https://partequipos.com/repuestos-maquinaria-pesada-colombia/repuestos-maquinaria-pesada-marcas/repuestos-para-maquinaria-pesada-hyundai/repuestos-para-maquinaria-pesada-cargador-frontal-hyundai/","200","Repuestos para maquinaria pesada Cargador Frontal HYUNDAI","Explora nuestra amplia selección de Repuestos para maquinaria pesada Cargador Frontal HYUNDAI en PARTEQUIPOS.","","https://partequipos.com/repuestos-maquinaria-pesada-colombia/repuestos-maquinaria-pesada-marcas/repuestos-para-maquinaria-pesada-hyundai/repuestos-para-maquinaria-pesada-cargador-frontal-hyundai/","4","repuestos","tipo"
"https://partequipos.com/repuestos-maquinaria-pesada-colombia/repuestos-maquinaria-pesada-marcas/repuestos-para-maquinaria-pesada-hyundai/repuestos-para-maquinaria-pesada-cargador-frontal-hyundai/repuestos-cargador-frontal-hyundai-hl740-9s/","200","Repuestos para Cargador Frontal Hyundai HL740-9S","Explora nuestra amplia selección de Repuestos para Excavadora Cargador Frontal Hyundai HL740-9S en nuestra tienda PARTEQUIPOS.","","https://partequipos.com/repuestos-maquinaria-pesada-colombia/repuestos-maquinaria-pesada-marcas/repuestos-para-maquinaria-pesada-hyundai/repuestos-para-maquinaria-pesada-cargador-frontal-hyundai/repuestos-cargador-frontal-hyundai-hl740-9s/","5","repuestos","modelo"
"https://partequipos.com/repuestos-maquinaria-pesada-colombia/repuestos-maquinaria-pesada-marcas/repuestos-para-maquinaria-pesada-hyundai/repuestos-para-maquinaria-pesada-cargador-frontal-hyundai/repuestos-cargador-frontal-hyundai-hl757-9s/","200","Repuestos para Cargador Frontal Hyundai HL757-9S","Explora nuestra amplia selección de Repuestos para Excavadora Cargador Frontal Hyundai HL757-9S en nuestra tienda PARTEQUIPOS.","","https://partequipos.com/repuestos-maquinaria-pesada-colombia/repuestos-maquinaria-pesada-marcas/repuestos-para-maquinaria-pesada-hyundai/repuestos-para-maquinaria-pesada-cargador-frontal-hyundai/repuestos-cargador-frontal-hyundai-hl757-9s/","5","repuestos","modelo"
"https://partequipos.com/repuestos-maquinaria-pesada-colombia/repuestos-maquinaria-pesada-marcas/repuestos-para-maquinaria-pesada-hyundai/repuestos-para-maquinaria-pesada-cargador-frontal-hyundai/repuestos-cargador-frontal-hyundai-hl760-9s/","200","Repuestos para Cargador Frontal Hyundai HL760-9S","Explora nuestra amplia selección de Repuestos para Excavadora Cargador Frontal Hyundai HL760-9S en nuestra tienda PARTEQUIPOS.","","https://partequipos.com/repuestos-maquinaria-pesada-colombia/repuestos-maquinaria-pesada-marcas/repuestos-para-maquinaria-pesada-hyundai/repuestos-para-maquinaria-pesada-cargador-frontal-hyundai/repuestos-cargador-frontal-hyundai-hl760-9s/","5","repuestos","modelo"
"https://partequipos.com/repuestos-maquinaria-pesada-colombia/repuestos-maquinaria-pesada-marcas/repuestos-para-maquinaria-pesada-hyundai/repuestos-para-maquinaria-pesada-cargador-frontal-hyundai/repuestos-cargador-frontal-hyundai-hl770-7/","200","Repuestos para Cargador Frontal Hyundai HL770-7","Explora nuestra amplia selección de Repuestos para Excavadora Cargador Frontal Hyundai HL770-7 en nuestra tienda PARTEQUIPOS.","","https://partequipos.com/repuestos-maquinaria-pesada-colombia/repuestos-maquinaria-pesada-marcas/repuestos-para-maquinaria-pesada-hyundai/repuestos-para-maquinaria-pesada-cargador-frontal-hyundai/repuestos-cargador-frontal-hyundai-hl770-7/","5","repuestos","modelo"
"https://partequipos.com/repuestos-maquinaria-pesada-colombia/repuestos-maquinaria-pesada-marcas/repuestos-para-maquinaria-pesada-hyundai/repuestos-para-maquinaria-pesada-cargador-frontal-hyundai/repuestos-cargador-frontal-hyundai-hl770-9s/","200","Repuestos para Cargador Frontal Hyundai HL770-9S","Explora nuestra amplia selección de Repuestos para Excavadora Cargador Frontal Hyundai HL770-9S en nuestra tienda PARTEQUIPOS.","","https://partequipos.com/repuestos-maquinaria-pesada-colombia/repuestos-maquinaria-pesada-marcas/repuestos-para-maquinaria-pesada-hyundai/repuestos-para-maquinaria-pesada-cargador-frontal-hyundai/repuestos-cargador-frontal-hyundai-hl770-9s/","5","repuestos","modelo"
"https://partequipos.com/repuestos-maquinaria-pesada-colombia/repuestos-maquinaria-pesada-marcas/repuestos-para-maquinaria-pesada-hyundai/repuestos-para-maquinaria-pesada-cargador-frontal-hyundai/repuestos-cargador-frontal-hyundai-hl980-9s/","200","Repuestos para Cargador Frontal Hyundai HL740-9S","Explora nuestra amplia selección de Repuestos para Excavadora Cargador Frontal Hyundai HL740-9S en nuestra tienda PARTEQUIPOS.","","https://partequipos.com/repuestos-maquinaria-pesada-colombia/repuestos-maquinaria-pesada-marcas/repuestos-para-maquinaria-pesada-hyundai/repuestos-para-maquinaria-pesada-cargador-frontal-hyundai/repuestos-cargador-frontal-hyundai-hl980-9s/","5","repuestos","modelo"
"https://partequipos.com/repuestos-maquinaria-pesada-colombia/repuestos-maquinaria-pesada-marcas/repuestos-para-maquinaria-pesada-hyundai/repuestos-para-maquinaria-pesada-excavadora-hyundai/","200","Repuestos para maquinaria pesada Excavadora HYUNDAI","Explora nuestra amplia selección de Repuestos para maquinaria pesada Excavadora HYUNDAI en nuestra tienda PARTEQUIPOS.","","https://partequipos.com/repuestos-maquinaria-pesada-colombia/repuestos-maquinaria-pesada-marcas/repuestos-para-maquinaria-pesada-hyundai/repuestos-para-maquinaria-pesada-excavadora-hyundai/","4","repuestos","tipo"
"https://partequipos.com/repuestos-maquinaria-pesada-colombia/repuestos-maquinaria-pesada-marcas/repuestos-para-maquinaria-pesada-hyundai/repuestos-para-maquinaria-pesada-excavadora-hyundai/repuestos-excavadora-hyundai-hx220sl/","200","Repuestos para Excavadora HYUNDAI HX220SL","Explora nuestra amplia selección de Repuestos para Excavadora HYUNDAI HX220SL en nuestra tienda PARTEQUIPOS.","","https://partequipos.com/repuestos-maquinaria-pesada-colombia/repuestos-maquinaria-pesada-marcas/repuestos-para-maquinaria-pesada-hyundai/repuestos-para-maquinaria-pesada-excavadora-hyundai/repuestos-excavadora-hyundai-hx220sl/","5","repuestos","modelo"
"https://partequipos.com/repuestos-maquinaria-pesada-colombia/repuestos-maquinaria-pesada-marcas/repuestos-para-maquinaria-pesada-hyundai/repuestos-para-maquinaria-pesada-excavadora-hyundai/repuestos-excavadora-hyundai-hx34osl/","200","Repuestos para Excavadora HYUNDAI HX34OSL","Explora nuestra amplia selección de Repuestos para Excavadora HYUNDAI HX34OSL en nuestra tienda PARTEQUIPOS.","","https://partequipos.com/repuestos-maquinaria-pesada-colombia/repuestos-maquinaria-pesada-marcas/repuestos-para-maquinaria-pesada-hyundai/repuestos-para-maquinaria-pesada-excavadora-hyundai/repuestos-excavadora-hyundai-hx34osl/","5","repuestos","modelo"
"https://partequipos.com/repuestos-maquinaria-pesada-colombia/repuestos-maquinaria-pesada-marcas/repuestos-para-maquinaria-pesada-hyundai/repuestos-para-maquinaria-pesada-excavadora-hyundai/repuestos-excavadora-hyundai-r140lc-9s/","200","Repuestos para Excavadora HYUNDAI R140LC-9S","Explora nuestra amplia selección de Repuestos para Excavadora HYUNDAI R140LC-9S en nuestra tienda PARTEQUIPOS.","","https://partequipos.com/repuestos-maquinaria-pesada-colombia/repuestos-maquinaria-pesada-marcas/repuestos-para-maquinaria-pesada-hyundai/repuestos-para-maquinaria-pesada-excavadora-hyundai/repuestos-excavadora-hyundai-r140lc-9s/","5","repuestos","modelo"
"https://partequipos.com/repuestos-maquinaria-pesada-colombia/repuestos-maquinaria-pesada-marcas/repuestos-para-maquinaria-pesada-hyundai/repuestos-para-maquinaria-pesada-excavadora-hyundai/repuestos-excavadora-hyundai-r140lc-9sb/","200","Repuestos para Excavadora HYUNDAI R140LC-9SB","Explora nuestra amplia selección de Repuestos para Excavadora HYUNDAI R140LC-9SB en nuestra tienda PARTEQUIPOS.","","https://partequipos.com/repuestos-maquinaria-pesada-colombia/repuestos-maquinaria-pesada-marcas/repuestos-para-maquinaria-pesada-hyundai/repuestos-para-maquinaria-pesada-excavadora-hyundai/repuestos-excavadora-hyundai-r140lc-9sb/","5","repuestos","modelo"
"https://partequipos.com/repuestos-maquinaria-pesada-colombia/repuestos-maquinaria-pesada-marcas/repuestos-para-maquinaria-pesada-hyundai/repuestos-para-maquinaria-pesada-excavadora-hyundai/repuestos-excavadora-hyundai-r210lc-7/","200","Repuestos para Excavadora HYUNDAI R210LC-7","Explora nuestra amplia selección de Repuestos para Excavadora HYUNDAI R210LC-7 en nuestra tienda PARTEQUIPOS.","","https://partequipos.com/repuestos-maquinaria-pesada-colombia/repuestos-maquinaria-pesada-marcas/repuestos-para-maquinaria-pesada-hyundai/repuestos-para-maquinaria-pesada-excavadora-hyundai/repuestos-excavadora-hyundai-r210lc-7/","5","repuestos","modelo"
"https://partequipos.com/repuestos-maquinaria-pesada-colombia/repuestos-maquinaria-pesada-marcas/repuestos-para-maquinaria-pesada-hyundai/repuestos-para-maquinaria-pesada-excavadora-hyundai/repuestos-excavadora-hyundai-r210lc-7a/","200","Repuestos para Excavadora HYUNDAI R210LC-7A","Explora nuestra amplia selección de Repuestos para Excavadora HYUNDAI R210LC-7A en nuestra tienda PARTEQUIPOS.","","https://partequipos.com/repuestos-maquinaria-pesada-colombia/repuestos-maquinaria-pesada-marcas/repuestos-para-maquinaria-pesada-hyundai/repuestos-para-maquinaria-pesada-excavadora-hyundai/repuestos-excavadora-hyundai-r210lc-7a/","5","repuestos","modelo"
"https://partequipos.com/repuestos-maquinaria-pesada-colombia/repuestos-maquinaria-pesada-marcas/repuestos-para-maquinaria-pesada-hyundai/repuestos-para-maquinaria-pesada-excavadora-hyundai/repuestos-excavadora-hyundai-r210w-9s/","200","Repuestos para Excavadora HYUNDAI R210W-9S","Explora nuestra amplia selección de Repuestos para Excavadora HYUNDAI R210W-9S en nuestra tienda PARTEQUIPOS.","","https://partequipos.com/repuestos-maquinaria-pesada-colombia/repuestos-maquinaria-pesada-marcas/repuestos-para-maquinaria-pesada-hyundai/repuestos-para-maquinaria-pesada-excavadora-hyundai/repuestos-excavadora-hyundai-r210w-9s/","5","repuestos","modelo"
"https://partequipos.com/repuestos-maquinaria-pesada-colombia/repuestos-maquinaria-pesada-marcas/repuestos-para-maquinaria-pesada-hyundai/repuestos-para-maquinaria-pesada-excavadora-hyundai/repuestos-excavadora-hyundai-r220lc-9s/","200","Repuestos para Excavadora HYUNDAI R220LC-9S","Explora nuestra amplia selección de Repuestos para Excavadora HYUNDAI R220LC-9S en nuestra tienda PARTEQUIPOS.","","https://partequipos.com/repuestos-maquinaria-pesada-colombia/repuestos-maquinaria-pesada-marcas/repuestos-para-maquinaria-pesada-hyundai/repuestos-para-maquinaria-pesada-excavadora-hyundai/repuestos-excavadora-hyundai-r220lc-9s/","5","repuestos","modelo"
"https://partequipos.com/repuestos-maquinaria-pesada-colombia/repuestos-maquinaria-pesada-marcas/repuestos-para-maquinaria-pesada-hyundai/repuestos-para-maquinaria-pesada-excavadora-hyundai/repuestos-excavadora-hyundai-r220lc-9sb/","200","Repuestos para Excavadora HYUNDAI R220LC-9SB","Explora nuestra amplia selección de Repuestos para Excavadora HYUNDAI R220LC-9SB en nuestra tienda PARTEQUIPOS.","","https://partequipos.com/repuestos-maquinaria-pesada-colombia/repuestos-maquinaria-pesada-marcas/repuestos-para-maquinaria-pesada-hyundai/repuestos-para-maquinaria-pesada-excavadora-hyundai/repuestos-excavadora-hyundai-r220lc-9sb/","5","repuestos","modelo"
"https://partequipos.com/repuestos-maquinaria-pesada-colombia/repuestos-maquinaria-pesada-marcas/repuestos-para-maquinaria-pesada-hyundai/repuestos-para-maquinaria-pesada-excavadora-hyundai/repuestos-excavadora-hyundai-r220lc-hx/","200","Repuestos para Excavadora HYUNDAI R220LC-HX","Explora nuestra amplia selección de Repuestos para Excavadora HYUNDAI R220LC-HX en nuestra tienda PARTEQUIPOS.","","https://partequipos.com/repuestos-maquinaria-pesada-colombia/repuestos-maquinaria-pesada-marcas/repuestos-para-maquinaria-pesada-hyundai/repuestos-para-maquinaria-pesada-excavadora-hyundai/repuestos-excavadora-hyundai-r220lc-hx/","5","repuestos","modelo"
"https://partequipos.com/repuestos-maquinaria-pesada-colombia/repuestos-maquinaria-pesada-marcas/repuestos-para-maquinaria-pesada-hyundai/repuestos-para-maquinaria-pesada-excavadora-hyundai/repuestos-excavadora-hyundai-r250lc-7/","200","Repuestos para Excavadora HYUNDAI R250LC-7","Explora nuestra amplia selección de Repuestos para Excavadora HYUNDAI R250LC-7 en nuestra tienda PARTEQUIPOS.","","https://partequipos.com/repuestos-maquinaria-pesada-colombia/repuestos-maquinaria-pesada-marcas/repuestos-para-maquinaria-pesada-hyundai/repuestos-para-maquinaria-pesada-excavadora-hyundai/repuestos-excavadora-hyundai-r250lc-7/","5","repuestos","modelo"
"https://partequipos.com/repuestos-maquinaria-pesada-colombia/repuestos-maquinaria-pesada-marcas/repuestos-para-maquinaria-pesada-hyundai/repuestos-para-maquinaria-pesada-excavadora-hyundai/repuestos-excavadora-hyundai-r250lc-7a/","200","Repuestos para Excavadora HYUNDAI R250LC-7A","Explora nuestra amplia selección de Repuestos para Excavadora HYUNDAI R250LC-7A en nuestra tienda PARTEQUIPOS.","","https://partequipos.com/repuestos-maquinaria-pesada-colombia/repuestos-maquinaria-pesada-marcas/repuestos-para-maquinaria-pesada-hyundai/repuestos-para-maquinaria-pesada-excavadora-hyundai/repuestos-excavadora-hyundai-r250lc-7a/","5","repuestos","modelo"
"https://partequipos.com/repuestos-maquinaria-pesada-colombia/repuestos-maquinaria-pesada-marcas/repuestos-para-maquinaria-pesada-hyundai/repuestos-para-maquinaria-pesada-excavadora-hyundai/repuestos-excavadora-hyundai-r260lc-9sa/","200","Repuestos para Excavadora HYUNDAI R260LC-9SA","Explora nuestra amplia selección de Repuestos para Excavadora HYUNDAI R260LC-9SA en nuestra tienda PARTEQUIPOS.","","https://partequipos.com/repuestos-maquinaria-pesada-colombia/repuestos-maquinaria-pesada-marcas/repuestos-para-maquinaria-pesada-hyundai/repuestos-para-maquinaria-pesada-excavadora-hyundai/repuestos-excavadora-hyundai-r260lc-9sa/","5","repuestos","modelo"
"https://partequipos.com/repuestos-maquinaria-pesada-colombia/repuestos-maquinaria-pesada-marcas/repuestos-para-maquinaria-pesada-hyundai/repuestos-para-maquinaria-pesada-excavadora-hyundai/repuestos-excavadora-hyundai-r290lc-7/","200","Repuestos para Excavadora HYUNDAI R290LC-7","Explora nuestra amplia selección de Repuestos para Excavadora HYUNDAI R290LC-7 en nuestra tienda PARTEQUIPOS.","","https://partequipos.com/repuestos-maquinaria-pesada-colombia/repuestos-maquinaria-pesada-marcas/repuestos-para-maquinaria-pesada-hyundai/repuestos-para-maquinaria-pesada-excavadora-hyundai/repuestos-excavadora-hyundai-r290lc-7/","5","repuestos","modelo"
"https://partequipos.com/repuestos-maquinaria-pesada-colombia/repuestos-maquinaria-pesada-marcas/repuestos-para-maquinaria-pesada-hyundai/repuestos-para-maquinaria-pesada-excavadora-hyundai/repuestos-excavadora-hyundai-r290lc-7a/","200","Repuestos para Excavadora HYUNDAI R290LC-7A","Explora nuestra amplia selección de Repuestos para Excavadora HYUNDAI R290LC-7A en nuestra tienda PARTEQUIPOS.","","https://partequipos.com/repuestos-maquinaria-pesada-colombia/repuestos-maquinaria-pesada-marcas/repuestos-para-maquinaria-pesada-hyundai/repuestos-para-maquinaria-pesada-excavadora-hyundai/repuestos-excavadora-hyundai-r290lc-7a/","5","repuestos","modelo"
"https://partequipos.com/repuestos-maquinaria-pesada-colombia/repuestos-maquinaria-pesada-marcas/repuestos-para-maquinaria-pesada-hyundai/repuestos-para-maquinaria-pesada-excavadora-hyundai/repuestos-excavadora-hyundai-r380lc-9sh/","200","Repuestos para Excavadora HYUNDAI R380LC-9SH","Explora nuestra amplia selección de Repuestos para Excavadora HYUNDAI R380LC-9SH en nuestra tienda PARTEQUIPOS.","","https://partequipos.com/repuestos-maquinaria-pesada-colombia/repuestos-maquinaria-pesada-marcas/repuestos-para-maquinaria-pesada-hyundai/repuestos-para-maquinaria-pesada-excavadora-hyundai/repuestos-excavadora-hyundai-r380lc-9sh/","5","repuestos","modelo"
"https://partequipos.com/repuestos-maquinaria-pesada-colombia/repuestos-maquinaria-pesada-marcas/repuestos-para-maquinaria-pesada-hyundai/repuestos-para-maquinaria-pesada-minicargador-hyundai/","200","Repuestos para maquinaria pesada Minicargador HYUNDAI","Descubre nuestra amplia gama de Repuestos para maquinaria pesada Minicargador HYUNDAI en nuestra tienda PARTEQUIPOS.","","https://partequipos.com/repuestos-maquinaria-pesada-colombia/repuestos-maquinaria-pesada-marcas/repuestos-para-maquinaria-pesada-hyundai/repuestos-para-maquinaria-pesada-minicargador-hyundai/","4","repuestos","tipo"
"https://partequipos.com/repuestos-maquinaria-pesada-colombia/repuestos-maquinaria-pesada-marcas/repuestos-para-maquinaria-pesada-hyundai/repuestos-para-maquinaria-pesada-minicargador-hyundai/repuestos-minicargador-hyundai-hsl850-7/","200","Repuestos para Minicargador HYUNDAI HSL850-7","Explora nuestra amplia selección de Repuestos para Minicargador HYUNDAI HSL850-7 en nuestra tienda PARTEQUIPOS.","","https://partequipos.com/repuestos-maquinaria-pesada-colombia/repuestos-maquinaria-pesada-marcas/repuestos-para-maquinaria-pesada-hyundai/repuestos-para-maquinaria-pesada-minicargador-hyundai/repuestos-minicargador-hyundai-hsl850-7/","5","repuestos","modelo"
"https://partequipos.com/repuestos-maquinaria-pesada-colombia/repuestos-maquinaria-pesada-marcas/repuestos-para-maquinaria-pesada-hyundai/repuestos-para-maquinaria-pesada-minicargador-hyundai/repuestos-minicargador-hyundai-hsl850-7a/","200","Repuestos para Minicargador HYUNDAI HSL850-7A","Explora nuestra amplia selección de Repuestos para Minicargador HYUNDAI HSL850-7A en nuestra tienda PARTEQUIPOS.","","https://partequipos.com/repuestos-maquinaria-pesada-colombia/repuestos-maquinaria-pesada-marcas/repuestos-para-maquinaria-pesada-hyundai/repuestos-para-maquinaria-pesada-minicargador-hyundai/repuestos-minicargador-hyundai-hsl850-7a/","5","repuestos","modelo"
"https://partequipos.com/repuestos-maquinaria-pesada-colombia/repuestos-maquinaria-pesada-marcas/repuestos-para-maquinaria-pesada-hyundai/repuestos-para-maquinaria-pesada-miniexcavadora-hyundai/","200","Repuestos para Miniexcavadora HYUNDAI","Explora nuestra amplia selección de Repuestos para maquinaria pesada Miniexcavadora HYUNDAI en PARTEQUIPOS.","","https://partequipos.com/repuestos-maquinaria-pesada-colombia/repuestos-maquinaria-pesada-marcas/repuestos-para-maquinaria-pesada-hyundai/repuestos-para-maquinaria-pesada-miniexcavadora-hyundai/","4","repuestos","tipo"
"https://partequipos.com/repuestos-maquinaria-pesada-colombia/repuestos-maquinaria-pesada-marcas/repuestos-para-maquinaria-pesada-hyundai/repuestos-para-maquinaria-pesada-miniexcavadora-hyundai/repuestos-miniexcavadora-hyundai-r35z-7/","200","Repuestos para Miniexcavadora HYUNDAI R35Z-7","Explora nuestra amplia selección de Repuestos para Miniexcavadora HYUNDAI R35Z-7 en nuestra tienda PARTEQUIPOS.","","https://partequipos.com/repuestos-maquinaria-pesada-colombia/repuestos-maquinaria-pesada-marcas/repuestos-para-maquinaria-pesada-hyundai/repuestos-para-maquinaria-pesada-miniexcavadora-hyundai/repuestos-miniexcavadora-hyundai-r35z-7/","5","repuestos","modelo"
"https://partequipos.com/repuestos-maquinaria-pesada-colombia/repuestos-maquinaria-pesada-marcas/repuestos-para-maquinaria-pesada-hyundai/repuestos-para-maquinaria-pesada-miniexcavadora-hyundai/repuestos-miniexcavadora-hyundai-r35z-9/","200","Repuestos para Miniexcavadora HYUNDAI R35Z-9","Explora nuestra amplia selección de Repuestos para Miniexcavadora HYUNDAI R35Z-9 en nuestra tienda PARTEQUIPOS.","","https://partequipos.com/repuestos-maquinaria-pesada-colombia/repuestos-maquinaria-pesada-marcas/repuestos-para-maquinaria-pesada-hyundai/repuestos-para-maquinaria-pesada-miniexcavadora-hyundai/repuestos-miniexcavadora-hyundai-r35z-9/","5","repuestos","modelo"
"https://partequipos.com/repuestos-maquinaria-pesada-colombia/repuestos-maquinaria-pesada-marcas/repuestos-para-maquinaria-pesada-kobelco/","200","Repuestos para maquinaria pesada KOBELCO","En PARTEQUIPOS, ofrecemos una amplia variedad de repuestos originales y genéricos para mantener su maquinaria pesada KOBELCO","","https://partequipos.com/repuestos-maquinaria-pesada-colombia/repuestos-maquinaria-pesada-marcas/repuestos-para-maquinaria-pesada-kobelco/","3","repuestos","marca"
"https://partequipos.com/repuestos-maquinaria-pesada-colombia/repuestos-maquinaria-pesada-marcas/repuestos-para-maquinaria-pesada-kobelco/repuestos-para-maquinaria-pesada-excavadora-kobelco/","200","Repuestos para Excavadora KOBELCO","Descubre nuestra amplia gama de Repuestos para maquinaria pesada Excavadora KOBELCO en nuestra tienda PARTEQUIPOS.","","https://partequipos.com/repuestos-maquinaria-pesada-colombia/repuestos-maquinaria-pesada-marcas/repuestos-para-maquinaria-pesada-kobelco/repuestos-para-maquinaria-pesada-excavadora-kobelco/","4","repuestos","tipo"
"https://partequipos.com/repuestos-maquinaria-pesada-colombia/repuestos-maquinaria-pesada-marcas/repuestos-para-maquinaria-pesada-kobelco/repuestos-para-maquinaria-pesada-excavadora-kobelco/repuestos-excavadora-kobelco-mark-iii/","200","Repuestos para Excavadora KOBELCO MARK III","Explora nuestra amplia selección de Repuestos para Excavadora KOBELCO MARK III en nuestra tienda PARTEQUIPOS.","","https://partequipos.com/repuestos-maquinaria-pesada-colombia/repuestos-maquinaria-pesada-marcas/repuestos-para-maquinaria-pesada-kobelco/repuestos-para-maquinaria-pesada-excavadora-kobelco/repuestos-excavadora-kobelco-mark-iii/","5","repuestos","modelo"
"https://partequipos.com/repuestos-maquinaria-pesada-colombia/repuestos-maquinaria-pesada-marcas/repuestos-para-maquinaria-pesada-kobelco/repuestos-para-maquinaria-pesada-excavadora-kobelco/repuestos-excavadora-kobelco-mark-iv/","200","Repuestos para Excavadora KOBELCO MARK IV","Explora nuestra amplia selección de Repuestos para Excavadora KOBELCO MARK IV en nuestra tienda PARTEQUIPOS.","","https://partequipos.com/repuestos-maquinaria-pesada-colombia/repuestos-maquinaria-pesada-marcas/repuestos-para-maquinaria-pesada-kobelco/repuestos-para-maquinaria-pesada-excavadora-kobelco/repuestos-excavadora-kobelco-mark-iv/","5","repuestos","modelo"
"https://partequipos.com/repuestos-maquinaria-pesada-colombia/repuestos-maquinaria-pesada-marcas/repuestos-para-maquinaria-pesada-kobelco/repuestos-para-maquinaria-pesada-excavadora-kobelco/repuestos-excavadora-kobelco-sk200-6/","200","Repuestos para Excavadora KOBELCO SK200-6","Explora nuestra amplia selección de Repuestos para Excavadora KOBELCO SK200-6 en nuestra tienda PARTEQUIPOS.","","https://partequipos.com/repuestos-maquinaria-pesada-colombia/repuestos-maquinaria-pesada-marcas/repuestos-para-maquinaria-pesada-kobelco/repuestos-para-maquinaria-pesada-excavadora-kobelco/repuestos-excavadora-kobelco-sk200-6/","5","repuestos","modelo"
"https://partequipos.com/repuestos-maquinaria-pesada-colombia/repuestos-maquinaria-pesada-marcas/repuestos-para-maquinaria-pesada-kobelco/repuestos-para-maquinaria-pesada-excavadora-kobelco/repuestos-excavadora-kobelco-sk210-6/","200","Repuestos para Excavadora KOBELCO SK210-6","Explora nuestra amplia selección de Repuestos para Excavadora KOBELCO SK210-6 en nuestra tienda PARTEQUIPOS.","","https://partequipos.com/repuestos-maquinaria-pesada-colombia/repuestos-maquinaria-pesada-marcas/repuestos-para-maquinaria-pesada-kobelco/repuestos-para-maquinaria-pesada-excavadora-kobelco/repuestos-excavadora-kobelco-sk210-6/","5","repuestos","modelo"
"https://partequipos.com/repuestos-maquinaria-pesada-colombia/repuestos-maquinaria-pesada-marcas/repuestos-para-maquinaria-pesada-kobelco/repuestos-para-maquinaria-pesada-excavadora-kobelco/repuestos-excavadora-kobelco-sk210lc-10/","200","Repuestos para Excavadora KOBELCO SK210LC-10","Explora nuestra amplia selección de Repuestos para Repuestos para Excavadora KOBELCO SK210LC-10 en nuestra tienda PARTEQUIPOS.","","https://partequipos.com/repuestos-maquinaria-pesada-colombia/repuestos-maquinaria-pesada-marcas/repuestos-para-maquinaria-pesada-kobelco/repuestos-para-maquinaria-pesada-excavadora-kobelco/repuestos-excavadora-kobelco-sk210lc-10/","5","repuestos","modelo"
"https://partequipos.com/repuestos-maquinaria-pesada-colombia/repuestos-maquinaria-pesada-marcas/repuestos-para-maquinaria-pesada-kobelco/repuestos-para-maquinaria-pesada-excavadora-kobelco/repuestos-excavadora-kobelco-sk210lc-8/","200","Repuestos para Excavadora KOBELCO SK210LC-8","Explora nuestra amplia selección de Repuestos para Repuestos para Excavadora KOBELCO SK210LC-8 en nuestra tienda PARTEQUIPOS.","","https://partequipos.com/repuestos-maquinaria-pesada-colombia/repuestos-maquinaria-pesada-marcas/repuestos-para-maquinaria-pesada-kobelco/repuestos-para-maquinaria-pesada-excavadora-kobelco/repuestos-excavadora-kobelco-sk210lc-8/","5","repuestos","modelo"
"https://partequipos.com/repuestos-maquinaria-pesada-colombia/repuestos-maquinaria-pesada-marcas/repuestos-para-maquinaria-pesada-kobelco/repuestos-para-maquinaria-pesada-excavadora-kobelco/repuestos-excavadora-kobelco-sk210lc-9/","200","Repuestos para Excavadora KOBELCO SK210LC-9","Explora nuestra amplia selección de Repuestos para Repuestos para Excavadora KOBELCO SK210LC-9 en nuestra tienda PARTEQUIPOS.","","https://partequipos.com/repuestos-maquinaria-pesada-colombia/repuestos-maquinaria-pesada-marcas/repuestos-para-maquinaria-pesada-kobelco/repuestos-para-maquinaria-pesada-excavadora-kobelco/repuestos-excavadora-kobelco-sk210lc-9/","5","repuestos","modelo"
"https://partequipos.com/repuestos-maquinaria-pesada-colombia/repuestos-maquinaria-pesada-marcas/repuestos-para-maquinaria-pesada-kobelco/repuestos-para-maquinaria-pesada-excavadora-kobelco/repuestos-excavadora-kobelco-sk330-6/","200","Repuestos para Excavadora KOBELCO SK210-6","Explora nuestra amplia selección de Repuestos para Excavadora KOBELCO SK210-6 en nuestra tienda PARTEQUIPOS.","","https://partequipos.com/repuestos-maquinaria-pesada-colombia/repuestos-maquinaria-pesada-marcas/repuestos-para-maquinaria-pesada-kobelco/repuestos-para-maquinaria-pesada-excavadora-kobelco/repuestos-excavadora-kobelco-sk330-6/","5","repuestos","modelo"
"https://partequipos.com/repuestos-maquinaria-pesada-colombia/repuestos-maquinaria-pesada-marcas/repuestos-para-maquinaria-pesada-kobelco/repuestos-para-maquinaria-pesada-excavadora-kobelco/repuestos-excavadora-kobelco-sk350lc-8/","200","Repuestos para Excavadora KOBELCO SK350LC-8","Explora nuestra amplia selección de Repuestos para Excavadora KOBELCO SK350LC-8 en nuestra tienda PARTEQUIPOS.","","https://partequipos.com/repuestos-maquinaria-pesada-colombia/repuestos-maquinaria-pesada-marcas/repuestos-para-maquinaria-pesada-kobelco/repuestos-para-maquinaria-pesada-excavadora-kobelco/repuestos-excavadora-kobelco-sk350lc-8/","5","repuestos","modelo"
"https://partequipos.com/repuestos-maquinaria-pesada-colombia/repuestos-maquinaria-pesada-marcas/repuestos-para-maquinaria-pesada-komatsu/","200","Repuestos para maquinaria pesada KOMATSU","explora con PARTEQUIPOS nuestra amplia selección de Repuestos para maquinaria pesada KOMATSU, piezas auténticas y de alta calidad.","","https://partequipos.com/repuestos-maquinaria-pesada-colombia/repuestos-maquinaria-pesada-marcas/repuestos-para-maquinaria-pesada-komatsu/","3","repuestos","marca"
"https://partequipos.com/repuestos-maquinaria-pesada-colombia/repuestos-maquinaria-pesada-marcas/repuestos-para-maquinaria-pesada-komatsu/repuestos-para-maquinaria-pesada-bulldozer-komatsu/","200","Repuestos para maquinaria pesada Bulldozer KOMATSU","Ofrecemos una amplia selección de piezas y componentes de Repuestos para maquinaria pesada Bulldozer KOMATSU","","https://partequipos.com/repuestos-maquinaria-pesada-colombia/repuestos-maquinaria-pesada-marcas/repuestos-para-maquinaria-pesada-komatsu/repuestos-para-maquinaria-pesada-bulldozer-komatsu/","4","repuestos","tipo"
"https://partequipos.com/repuestos-maquinaria-pesada-colombia/repuestos-maquinaria-pesada-marcas/repuestos-para-maquinaria-pesada-komatsu/repuestos-para-maquinaria-pesada-bulldozer-komatsu/repuestos-bulldozer-komatsu-d41p-6-e-6/","200","Repuestos para Bulldozer KOMATSU D41P-6/E-6","Explora nuestra amplia selección de Repuestos para Bulldozer KOMATSU D41P-6/E-6 en nuestra tienda PARTEQUIPOS.","","https://partequipos.com/repuestos-maquinaria-pesada-colombia/repuestos-maquinaria-pesada-marcas/repuestos-para-maquinaria-pesada-komatsu/repuestos-para-maquinaria-pesada-bulldozer-komatsu/repuestos-bulldozer-komatsu-d41p-6-e-6/","5","repuestos","modelo"
"https://partequipos.com/repuestos-maquinaria-pesada-colombia/repuestos-maquinaria-pesada-marcas/repuestos-para-maquinaria-pesada-komatsu/repuestos-para-maquinaria-pesada-bulldozer-komatsu/repuestos-bulldozer-komatsu-d51ex-22-px22/","200","Repuestos para Bulldozer KOMATSU D51EX-22/PX22","Explora nuestra amplia selección de Repuestos para Bulldozer KOMATSU D51EX-22/PX22 en nuestra tienda PARTEQUIPOS.","","https://partequipos.com/repuestos-maquinaria-pesada-colombia/repuestos-maquinaria-pesada-marcas/repuestos-para-maquinaria-pesada-komatsu/repuestos-para-maquinaria-pesada-bulldozer-komatsu/repuestos-bulldozer-komatsu-d51ex-22-px22/","5","repuestos","modelo"
"https://partequipos.com/repuestos-maquinaria-pesada-colombia/repuestos-maquinaria-pesada-marcas/repuestos-para-maquinaria-pesada-komatsu/repuestos-para-maquinaria-pesada-bulldozer-komatsu/repuestos-bulldozer-komatsu-d61px-12/","200","Repuestos para Bulldozer KOMATSU D61PX-12","Explora nuestra amplia selección de Repuestos para Bulldozer KOMATSU D61PX-12 en nuestra tienda PARTEQUIPOS.","","https://partequipos.com/repuestos-maquinaria-pesada-colombia/repuestos-maquinaria-pesada-marcas/repuestos-para-maquinaria-pesada-komatsu/repuestos-para-maquinaria-pesada-bulldozer-komatsu/repuestos-bulldozer-komatsu-d61px-12/","5","repuestos","modelo"
"https://partequipos.com/repuestos-maquinaria-pesada-colombia/repuestos-maquinaria-pesada-marcas/repuestos-para-maquinaria-pesada-komatsu/repuestos-para-maquinaria-pesada-bulldozer-komatsu/repuestos-bulldozer-komatsu-d61px-15/","200","Repuestos para Bulldozer KOMATSU D61PX-12","Explora nuestra amplia selección de Repuestos para Bulldozer KOMATSU D61PX-12 en nuestra tienda PARTEQUIPOS.","","https://partequipos.com/repuestos-maquinaria-pesada-colombia/repuestos-maquinaria-pesada-marcas/repuestos-para-maquinaria-pesada-komatsu/repuestos-para-maquinaria-pesada-bulldozer-komatsu/repuestos-bulldozer-komatsu-d61px-15/","5","repuestos","modelo"
"https://partequipos.com/repuestos-maquinaria-pesada-colombia/repuestos-maquinaria-pesada-marcas/repuestos-para-maquinaria-pesada-komatsu/repuestos-para-maquinaria-pesada-bulldozer-komatsu/repuestos-bulldozer-komatsu-d65ex-12-px-12/","200","Repuestos para Bulldozer KOMATSU D65EX-12/PX-12","Explora nuestra amplia selección de Repuestos para Bulldozer KOMATSU D65EX-12/PX-12 en nuestra tienda PARTEQUIPOS.","","https://partequipos.com/repuestos-maquinaria-pesada-colombia/repuestos-maquinaria-pesada-marcas/repuestos-para-maquinaria-pesada-komatsu/repuestos-para-maquinaria-pesada-bulldozer-komatsu/repuestos-bulldozer-komatsu-d65ex-12-px-12/","5","repuestos","modelo"
"https://partequipos.com/repuestos-maquinaria-pesada-colombia/repuestos-maquinaria-pesada-marcas/repuestos-para-maquinaria-pesada-komatsu/repuestos-para-maquinaria-pesada-bulldozer-komatsu/repuestos-bulldozer-komatsu-d65ex-15-px-15/","200","Repuestos para Bulldozer KOMATSU D65EX-15/PX-15","Explora nuestra amplia selección de Repuestos para Bulldozer KOMATSU D65EX-15/PX-15 en nuestra tienda PARTEQUIPOS.","","https://partequipos.com/repuestos-maquinaria-pesada-colombia/repuestos-maquinaria-pesada-marcas/repuestos-para-maquinaria-pesada-komatsu/repuestos-para-maquinaria-pesada-bulldozer-komatsu/repuestos-bulldozer-komatsu-d65ex-15-px-15/","5","repuestos","modelo"
"https://partequipos.com/repuestos-maquinaria-pesada-colombia/repuestos-maquinaria-pesada-marcas/repuestos-para-maquinaria-pesada-komatsu/repuestos-para-maquinaria-pesada-cargador-komatsu/","200","Repuestos para maquinaria pesada Cargador KOMATSU","Explora nuestra amplia selección de Repuestos para maquinaria pesada Cargador KOMATSU en nuestra tienda en línea.","","https://partequipos.com/repuestos-maquinaria-pesada-colombia/repuestos-maquinaria-pesada-marcas/repuestos-para-maquinaria-pesada-komatsu/repuestos-para-maquinaria-pesada-cargador-komatsu/","4","repuestos","tipo"
"https://partequipos.com/repuestos-maquinaria-pesada-colombia/repuestos-maquinaria-pesada-marcas/repuestos-para-maquinaria-pesada-komatsu/repuestos-para-maquinaria-pesada-cargador-komatsu/repuestos-cargador-frontal-komatsu-wa250-3/","200","Repuestos para Cargador Frontal KOMATSU WA250-3","Explora nuestra amplia selección de Repuestos para Cargador Frontal KOMATSU WA250-3 en nuestra tienda PARTEQUIPOS.","","https://partequipos.com/repuestos-maquinaria-pesada-colombia/repuestos-maquinaria-pesada-marcas/repuestos-para-maquinaria-pesada-komatsu/repuestos-para-maquinaria-pesada-cargador-komatsu/repuestos-cargador-frontal-komatsu-wa250-3/","5","repuestos","modelo"
"https://partequipos.com/repuestos-maquinaria-pesada-colombia/repuestos-maquinaria-pesada-marcas/repuestos-para-maquinaria-pesada-komatsu/repuestos-para-maquinaria-pesada-cargador-komatsu/repuestos-cargador-frontal-komatsu-wa250-5/","200","Repuestos para Cargador Frontal KOMATSU WA250-5","Explora nuestra amplia selección de Repuestos para Cargador Frontal KOMATSU WA250-5 en nuestra tienda PARTEQUIPOS.","","https://partequipos.com/repuestos-maquinaria-pesada-colombia/repuestos-maquinaria-pesada-marcas/repuestos-para-maquinaria-pesada-komatsu/repuestos-para-maquinaria-pesada-cargador-komatsu/repuestos-cargador-frontal-komatsu-wa250-5/","5","repuestos","modelo"
"https://partequipos.com/repuestos-maquinaria-pesada-colombia/repuestos-maquinaria-pesada-marcas/repuestos-para-maquinaria-pesada-komatsu/repuestos-para-maquinaria-pesada-cargador-komatsu/repuestos-cargador-frontal-komatsu-wa320-3/","200","Repuestos para Cargador Frontal KOMATSU WA320-3","Explora nuestra amplia selección de Repuestos para Cargador Frontal KOMATSU WA320-3 en nuestra tienda PARTEQUIPOS.","","https://partequipos.com/repuestos-maquinaria-pesada-colombia/repuestos-maquinaria-pesada-marcas/repuestos-para-maquinaria-pesada-komatsu/repuestos-para-maquinaria-pesada-cargador-komatsu/repuestos-cargador-frontal-komatsu-wa320-3/","5","repuestos","modelo"
"https://partequipos.com/repuestos-maquinaria-pesada-colombia/repuestos-maquinaria-pesada-marcas/repuestos-para-maquinaria-pesada-komatsu/repuestos-para-maquinaria-pesada-cargador-komatsu/repuestos-cargador-frontal-komatsu-wa320-5/","200","Repuestos para Cargador Frontal KOMATSU WA320-5","Explora nuestra amplia selección de Repuestos para Cargador Frontal KOMATSU WA320-5 en nuestra tienda PARTEQUIPOS.","","https://partequipos.com/repuestos-maquinaria-pesada-colombia/repuestos-maquinaria-pesada-marcas/repuestos-para-maquinaria-pesada-komatsu/repuestos-para-maquinaria-pesada-cargador-komatsu/repuestos-cargador-frontal-komatsu-wa320-5/","5","repuestos","modelo"
"https://partequipos.com/repuestos-maquinaria-pesada-colombia/repuestos-maquinaria-pesada-marcas/repuestos-para-maquinaria-pesada-komatsu/repuestos-para-maquinaria-pesada-cargador-komatsu/repuestos-cargador-frontal-komatsu-wa380-3/","200","Repuestos para Cargador Frontal KOMATSU WA380-3","Explora nuestra amplia selección de Repuestos para Cargador Frontal KOMATSU WA380-3 en nuestra tienda PARTEQUIPOS.","","https://partequipos.com/repuestos-maquinaria-pesada-colombia/repuestos-maquinaria-pesada-marcas/repuestos-para-maquinaria-pesada-komatsu/repuestos-para-maquinaria-pesada-cargador-komatsu/repuestos-cargador-frontal-komatsu-wa380-3/","5","repuestos","modelo"
"https://partequipos.com/repuestos-maquinaria-pesada-colombia/repuestos-maquinaria-pesada-marcas/repuestos-para-maquinaria-pesada-komatsu/repuestos-para-maquinaria-pesada-cargador-komatsu/repuestos-cargador-frontal-komatsu-wa380-5/","200","Repuestos para Cargador Frontal KOMATSU WA380-5","Explora nuestra amplia selección de Repuestos para Cargador Frontal KOMATSU WA380-5 en nuestra tienda PARTEQUIPOS.","","https://partequipos.com/repuestos-maquinaria-pesada-colombia/repuestos-maquinaria-pesada-marcas/repuestos-para-maquinaria-pesada-komatsu/repuestos-para-maquinaria-pesada-cargador-komatsu/repuestos-cargador-frontal-komatsu-wa380-5/","5","repuestos","modelo"
"https://partequipos.com/repuestos-maquinaria-pesada-colombia/repuestos-maquinaria-pesada-marcas/repuestos-para-maquinaria-pesada-komatsu/repuestos-para-maquinaria-pesada-excavadora-komatsu/","200","Repuestos para maquinaria pesada Excavadora KOMATSU","Descubre nuestra amplia gama de Repuestos para maquinaria pesada Excavadora KOMATSU en nuestra tienda PARTEQUIPOS","","https://partequipos.com/repuestos-maquinaria-pesada-colombia/repuestos-maquinaria-pesada-marcas/repuestos-para-maquinaria-pesada-komatsu/repuestos-para-maquinaria-pesada-excavadora-komatsu/","4","repuestos","tipo"
"https://partequipos.com/repuestos-maquinaria-pesada-colombia/repuestos-maquinaria-pesada-marcas/repuestos-para-maquinaria-pesada-komatsu/repuestos-para-maquinaria-pesada-excavadora-komatsu/repuestos-excavadora-komatsu-pc120-6/","200","Repuestos para Excavadora KOMATSU PC120-6","Explora nuestra amplia selección de Repuestos para Excavadora KOMATSU PC120-6 en nuestra tienda PARTEQUIPOS.","","https://partequipos.com/repuestos-maquinaria-pesada-colombia/repuestos-maquinaria-pesada-marcas/repuestos-para-maquinaria-pesada-komatsu/repuestos-para-maquinaria-pesada-excavadora-komatsu/repuestos-excavadora-komatsu-pc120-6/","5","repuestos","modelo"
"https://partequipos.com/repuestos-maquinaria-pesada-colombia/repuestos-maquinaria-pesada-marcas/repuestos-para-maquinaria-pesada-komatsu/repuestos-para-maquinaria-pesada-excavadora-komatsu/repuestos-excavadora-komatsu-pc130-8/","200","Repuestos para Excavadora KOMATSU PC130-8","Explora nuestra amplia selección de Repuestos para Excavadora KOMATSU PC130-8 en nuestra tienda PARTEQUIPOS.","","https://partequipos.com/repuestos-maquinaria-pesada-colombia/repuestos-maquinaria-pesada-marcas/repuestos-para-maquinaria-pesada-komatsu/repuestos-para-maquinaria-pesada-excavadora-komatsu/repuestos-excavadora-komatsu-pc130-8/","5","repuestos","modelo"
"https://partequipos.com/repuestos-maquinaria-pesada-colombia/repuestos-maquinaria-pesada-marcas/repuestos-para-maquinaria-pesada-komatsu/repuestos-para-maquinaria-pesada-excavadora-komatsu/repuestos-excavadora-komatsu-pc160-7/","200","Repuestos para Excavadora KOMATSU PC160-7","Explora nuestra amplia selección de Repuestos para Excavadora KOMATSU PC160-7 en nuestra tienda PARTEQUIPOS.","","https://partequipos.com/repuestos-maquinaria-pesada-colombia/repuestos-maquinaria-pesada-marcas/repuestos-para-maquinaria-pesada-komatsu/repuestos-para-maquinaria-pesada-excavadora-komatsu/repuestos-excavadora-komatsu-pc160-7/","5","repuestos","modelo"
"https://partequipos.com/repuestos-maquinaria-pesada-colombia/repuestos-maquinaria-pesada-marcas/repuestos-para-maquinaria-pesada-komatsu/repuestos-para-maquinaria-pesada-excavadora-komatsu/repuestos-excavadora-komatsu-pc200lc-6/","200","Repuestos para Excavadora KOMATSU PC200LC-6","Explora nuestra amplia selección de Repuestos para Excavadora KOMATSU PC200LC-6 en nuestra tienda PARTEQUIPOS.","","https://partequipos.com/repuestos-maquinaria-pesada-colombia/repuestos-maquinaria-pesada-marcas/repuestos-para-maquinaria-pesada-komatsu/repuestos-para-maquinaria-pesada-excavadora-komatsu/repuestos-excavadora-komatsu-pc200lc-6/","5","repuestos","modelo"
"https://partequipos.com/repuestos-maquinaria-pesada-colombia/repuestos-maquinaria-pesada-marcas/repuestos-para-maquinaria-pesada-komatsu/repuestos-para-maquinaria-pesada-excavadora-komatsu/repuestos-excavadora-komatsu-pc200lc-7/","200","Repuestos para Excavadora KOMATSU PC200LC-7","Explora nuestra amplia selección de Repuestos para Excavadora KOMATSU PC200LC-7 en nuestra tienda PARTEQUIPOS.","","https://partequipos.com/repuestos-maquinaria-pesada-colombia/repuestos-maquinaria-pesada-marcas/repuestos-para-maquinaria-pesada-komatsu/repuestos-para-maquinaria-pesada-excavadora-komatsu/repuestos-excavadora-komatsu-pc200lc-7/","5","repuestos","modelo"
"https://partequipos.com/repuestos-maquinaria-pesada-colombia/repuestos-maquinaria-pesada-marcas/repuestos-para-maquinaria-pesada-komatsu/repuestos-para-maquinaria-pesada-excavadora-komatsu/repuestos-excavadora-komatsu-pc200lc-8/","200","Repuestos para Excavadora KOMATSU PC200LC-8","Explora nuestra amplia selección de Repuestos para Excavadora KOMATSU PC200LC-8 en nuestra tienda PARTEQUIPOS.","","https://partequipos.com/repuestos-maquinaria-pesada-colombia/repuestos-maquinaria-pesada-marcas/repuestos-para-maquinaria-pesada-komatsu/repuestos-para-maquinaria-pesada-excavadora-komatsu/repuestos-excavadora-komatsu-pc200lc-8/","5","repuestos","modelo"
"https://partequipos.com/repuestos-maquinaria-pesada-colombia/repuestos-maquinaria-pesada-marcas/repuestos-para-maquinaria-pesada-komatsu/repuestos-para-maquinaria-pesada-excavadora-komatsu/repuestos-excavadora-komatsu-pc210lc-10/","200","Repuestos para Excavadora KOMATSU PC210LC-10","Explora nuestra amplia selección de Repuestos para Excavadora KOMATSU PC210LC-10 en nuestra tienda PARTEQUIPOS.","","https://partequipos.com/repuestos-maquinaria-pesada-colombia/repuestos-maquinaria-pesada-marcas/repuestos-para-maquinaria-pesada-komatsu/repuestos-para-maquinaria-pesada-excavadora-komatsu/repuestos-excavadora-komatsu-pc210lc-10/","5","repuestos","modelo"
"https://partequipos.com/repuestos-maquinaria-pesada-colombia/repuestos-maquinaria-pesada-marcas/repuestos-para-maquinaria-pesada-komatsu/repuestos-para-maquinaria-pesada-excavadora-komatsu/repuestos-excavadora-komatsu-pc220lc-7/","200","Repuestos para Excavadora KOMATSU PC220LC-7","Explora nuestra amplia selección de Repuestos para Excavadora KOMATSU PC220LC-7 en nuestra tienda PARTEQUIPOS.","","https://partequipos.com/repuestos-maquinaria-pesada-colombia/repuestos-maquinaria-pesada-marcas/repuestos-para-maquinaria-pesada-komatsu/repuestos-para-maquinaria-pesada-excavadora-komatsu/repuestos-excavadora-komatsu-pc220lc-7/","5","repuestos","modelo"
"https://partequipos.com/repuestos-maquinaria-pesada-colombia/repuestos-maquinaria-pesada-marcas/repuestos-para-maquinaria-pesada-komatsu/repuestos-para-maquinaria-pesada-excavadora-komatsu/repuestos-excavadora-komatsu-pc220lc-8/","200","Repuestos para Excavadora KOMATSU PC220LC-8","Explora nuestra amplia selección de Repuestos para Excavadora KOMATSU PC220LC-8 en nuestra tienda PARTEQUIPOS.","","https://partequipos.com/repuestos-maquinaria-pesada-colombia/repuestos-maquinaria-pesada-marcas/repuestos-para-maquinaria-pesada-komatsu/repuestos-para-maquinaria-pesada-excavadora-komatsu/repuestos-excavadora-komatsu-pc220lc-8/","5","repuestos","modelo"
"https://partequipos.com/repuestos-maquinaria-pesada-colombia/repuestos-maquinaria-pesada-marcas/repuestos-para-maquinaria-pesada-komatsu/repuestos-para-maquinaria-pesada-excavadora-komatsu/repuestos-excavadora-komatsu-pc300lc-6/","200","Repuestos para Excavadora KOMATSU PC300LC-6","Explora nuestra amplia selección de Repuestos para Excavadora KOMATSU PC300LC-6 en nuestra tienda PARTEQUIPOS.","","https://partequipos.com/repuestos-maquinaria-pesada-colombia/repuestos-maquinaria-pesada-marcas/repuestos-para-maquinaria-pesada-komatsu/repuestos-para-maquinaria-pesada-excavadora-komatsu/repuestos-excavadora-komatsu-pc300lc-6/","5","repuestos","modelo"
"https://partequipos.com/repuestos-maquinaria-pesada-colombia/repuestos-maquinaria-pesada-marcas/repuestos-para-maquinaria-pesada-komatsu/repuestos-para-maquinaria-pesada-excavadora-komatsu/repuestos-excavadora-komatsu-pc300lc-7/","200","Repuestos para Excavadora KOMATSU PC300LC-7","Explora nuestra amplia selección de Repuestos para Excavadora KOMATSU PC300LC-7 en nuestra tienda PARTEQUIPOS.","","https://partequipos.com/repuestos-maquinaria-pesada-colombia/repuestos-maquinaria-pesada-marcas/repuestos-para-maquinaria-pesada-komatsu/repuestos-para-maquinaria-pesada-excavadora-komatsu/repuestos-excavadora-komatsu-pc300lc-7/","5","repuestos","modelo"
"https://partequipos.com/repuestos-maquinaria-pesada-colombia/repuestos-maquinaria-pesada-marcas/repuestos-para-maquinaria-pesada-komatsu/repuestos-para-maquinaria-pesada-excavadora-komatsu/repuestos-excavadora-komatsu-pc350-7/","200","Repuestos para Excavadora KOMATSU PC350-7","Explora nuestra amplia selección de Repuestos para Excavadora KOMATSU PC350-7 en nuestra tienda PARTEQUIPOS.","","https://partequipos.com/repuestos-maquinaria-pesada-colombia/repuestos-maquinaria-pesada-marcas/repuestos-para-maquinaria-pesada-komatsu/repuestos-para-maquinaria-pesada-excavadora-komatsu/repuestos-excavadora-komatsu-pc350-7/","5","repuestos","modelo"
"https://partequipos.com/repuestos-maquinaria-pesada-colombia/repuestos-maquinaria-pesada-marcas/repuestos-para-maquinaria-pesada-komatsu/repuestos-para-maquinaria-pesada-excavadora-komatsu/repuestos-excavadora-komatsu-pc350-8/","200","Repuestos para Excavadora KOMATSU PC350-7","Explora nuestra amplia selección de Repuestos para Excavadora KOMATSU PC350-7 en nuestra tienda PARTEQUIPOS.","","https://partequipos.com/repuestos-maquinaria-pesada-colombia/repuestos-maquinaria-pesada-marcas/repuestos-para-maquinaria-pesada-komatsu/repuestos-para-maquinaria-pesada-excavadora-komatsu/repuestos-excavadora-komatsu-pc350-8/","5","repuestos","modelo"
"https://partequipos.com/repuestos-maquinaria-pesada-colombia/repuestos-maquinaria-pesada-marcas/repuestos-para-maquinaria-pesada-komatsu/repuestos-para-maquinaria-pesada-excavadora-komatsu/repuestos-excavadora-komatsu-pc40-7/","200","Repuestos para Excavadora KOMATSU PC40-7","Explora nuestra amplia selección de Repuestos para Excavadora KOMATSU PC40-7 en nuestra tienda PARTEQUIPOS.","","https://partequipos.com/repuestos-maquinaria-pesada-colombia/repuestos-maquinaria-pesada-marcas/repuestos-para-maquinaria-pesada-komatsu/repuestos-para-maquinaria-pesada-excavadora-komatsu/repuestos-excavadora-komatsu-pc40-7/","5","repuestos","modelo"
"https://partequipos.com/repuestos-maquinaria-pesada-colombia/repuestos-maquinaria-pesada-marcas/repuestos-para-maquinaria-pesada-komatsu/repuestos-para-maquinaria-pesada-excavadora-komatsu/repuestos-excavadora-komatsu-pc40-mr1/","200","Repuestos para Excavadora KOMATSU PC40-MR1","Explora nuestra amplia selección de Repuestos para Excavadora KOMATSU PC40-MR1 en nuestra tienda PARTEQUIPOS.","","https://partequipos.com/repuestos-maquinaria-pesada-colombia/repuestos-maquinaria-pesada-marcas/repuestos-para-maquinaria-pesada-komatsu/repuestos-para-maquinaria-pesada-excavadora-komatsu/repuestos-excavadora-komatsu-pc40-mr1/","5","repuestos","modelo"
"https://partequipos.com/repuestos-maquinaria-pesada-colombia/repuestos-maquinaria-pesada-marcas/repuestos-para-maquinaria-pesada-komatsu/repuestos-para-maquinaria-pesada-excavadora-komatsu/repuestos-excavadora-komatsu-pc40-mr2/","200","Repuestos para Excavadora KOMATSU PC40-MR2","Explora nuestra amplia selección de Repuestos para Excavadora KOMATSU PC40-MR2 en nuestra tienda PARTEQUIPOS.","","https://partequipos.com/repuestos-maquinaria-pesada-colombia/repuestos-maquinaria-pesada-marcas/repuestos-para-maquinaria-pesada-komatsu/repuestos-para-maquinaria-pesada-excavadora-komatsu/repuestos-excavadora-komatsu-pc40-mr2/","5","repuestos","modelo"
"https://partequipos.com/repuestos-maquinaria-pesada-colombia/repuestos-maquinaria-pesada-marcas/repuestos-para-maquinaria-pesada-komatsu/repuestos-para-maquinaria-pesada-excavadora-komatsu/repuestos-excavadora-komatsu-pc400-7/","200","Repuestos para Excavadora KOMATSU PC400-7","Explora nuestra amplia selección de Repuestos para Excavadora KOMATSU PC400-7 en nuestra tienda PARTEQUIPOS.","","https://partequipos.com/repuestos-maquinaria-pesada-colombia/repuestos-maquinaria-pesada-marcas/repuestos-para-maquinaria-pesada-komatsu/repuestos-para-maquinaria-pesada-excavadora-komatsu/repuestos-excavadora-komatsu-pc400-7/","5","repuestos","modelo"
"https://partequipos.com/repuestos-maquinaria-pesada-colombia/repuestos-maquinaria-pesada-marcas/repuestos-para-maquinaria-pesada-komatsu/repuestos-para-maquinaria-pesada-motoniveladora-komatsu/","200","Repuestos para maquinaria pesada Motoniveladora KOMATSU - Partequipos","Explora nuestra amplia selección de Repuestos para maquinaria pesada Motoniveladora KOMATSU en nuestra tienda PARTEQUIPOS.","","https://partequipos.com/repuestos-maquinaria-pesada-colombia/repuestos-maquinaria-pesada-marcas/repuestos-para-maquinaria-pesada-komatsu/repuestos-para-maquinaria-pesada-motoniveladora-komatsu/","4","repuestos","tipo"
"https://partequipos.com/repuestos-maquinaria-pesada-colombia/repuestos-maquinaria-pesada-marcas/repuestos-para-maquinaria-pesada-komatsu/repuestos-para-maquinaria-pesada-motoniveladora-komatsu/repuestos-motoniveladora-komatsu-gd511-1/","200","Repuestos para Motoniveladora KOMATSU GD511-1","Explora nuestra amplia selección de Repuestos para Motoniveladora KOMATSU GD511-1 en nuestra tienda PARTEQUIPOS.","","https://partequipos.com/repuestos-maquinaria-pesada-colombia/repuestos-maquinaria-pesada-marcas/repuestos-para-maquinaria-pesada-komatsu/repuestos-para-maquinaria-pesada-motoniveladora-komatsu/repuestos-motoniveladora-komatsu-gd511-1/","5","repuestos","modelo"
"https://partequipos.com/repuestos-maquinaria-pesada-colombia/repuestos-maquinaria-pesada-marcas/repuestos-para-maquinaria-pesada-komatsu/repuestos-para-maquinaria-pesada-motoniveladora-komatsu/repuestos-motoniveladora-komatsu-gd555-3/","200","Repuestos para Motoniveladora KOMATSU GD555-3","Explora nuestra amplia selección de Repuestos para Motoniveladora KOMATSU GD555-3 en nuestra tienda PARTEQUIPOS.","","https://partequipos.com/repuestos-maquinaria-pesada-colombia/repuestos-maquinaria-pesada-marcas/repuestos-para-maquinaria-pesada-komatsu/repuestos-para-maquinaria-pesada-motoniveladora-komatsu/repuestos-motoniveladora-komatsu-gd555-3/","5","repuestos","modelo"
"https://partequipos.com/repuestos-maquinaria-pesada-colombia/repuestos-maquinaria-pesada-marcas/repuestos-para-maquinaria-pesada-komatsu/repuestos-para-maquinaria-pesada-motoniveladora-komatsu/repuestos-motoniveladora-komatsu-gd555-5-copy/","200","Repuestos para Motoniveladora KOMATSU GD555-5","Explora nuestra amplia selección de Repuestos para Motoniveladora KOMATSU GD555-5 en nuestra tienda PARTEQUIPOS.","","https://partequipos.com/repuestos-maquinaria-pesada-colombia/repuestos-maquinaria-pesada-marcas/repuestos-para-maquinaria-pesada-komatsu/repuestos-para-maquinaria-pesada-motoniveladora-komatsu/repuestos-motoniveladora-komatsu-gd555-5-copy/","5","repuestos","modelo"
"https://partequipos.com/repuestos-maquinaria-pesada-colombia/repuestos-maquinaria-pesada-marcas/repuestos-para-maquinaria-pesada-komatsu/repuestos-para-maquinaria-pesada-motoniveladora-komatsu/repuestos-motoniveladora-komatsu-gd555-5/","200","Repuestos para Motoniveladora KOMATSU GD555-5","Explora nuestra amplia selección de Repuestos para Motoniveladora KOMATSU GD555-5 en nuestra tienda PARTEQUIPOS.","","https://partequipos.com/repuestos-maquinaria-pesada-colombia/repuestos-maquinaria-pesada-marcas/repuestos-para-maquinaria-pesada-komatsu/repuestos-para-maquinaria-pesada-motoniveladora-komatsu/repuestos-motoniveladora-komatsu-gd555-5/","5","repuestos","modelo"
"https://partequipos.com/repuestos-maquinaria-pesada-colombia/repuestos-maquinaria-pesada-marcas/repuestos-para-maquinaria-pesada-link-belt/","200","Repuestos para maquinaria pesada LINK BELT - Partequipos","En PARTEQUIPOS, ofrecemos una amplia variedad de repuestos originales y genéricos para mantener su maquinaria pesada LINK BELT","","https://partequipos.com/repuestos-maquinaria-pesada-colombia/repuestos-maquinaria-pesada-marcas/repuestos-para-maquinaria-pesada-link-belt/","3","repuestos","marca"
"https://partequipos.com/repuestos-maquinaria-pesada-colombia/repuestos-maquinaria-pesada-marcas/repuestos-para-maquinaria-pesada-link-belt/repuestos-para-maquinaria-pesada-excavadora-link-belt/","200","Repuestos para maquinaria pesada Excavadora LINK BELT","Explora nuestra amplia selección de Repuestos para maquinaria pesada Excavadora LINK BELT, diseñados para mantener tu maquinaria optima.","","https://partequipos.com/repuestos-maquinaria-pesada-colombia/repuestos-maquinaria-pesada-marcas/repuestos-para-maquinaria-pesada-link-belt/repuestos-para-maquinaria-pesada-excavadora-link-belt/","4","repuestos","tipo"
"https://partequipos.com/repuestos-maquinaria-pesada-colombia/repuestos-maquinaria-pesada-marcas/repuestos-para-maquinaria-pesada-link-belt/repuestos-para-maquinaria-pesada-excavadora-link-belt/repuestos-miniexcavadora-link-belt-210lx/","200","Repuestos para Excavadora Link Belt 210LX","Explora nuestra amplia selección de Repuestos para Excavadora Link Belt 210LX en nuestra tienda PARTEQUIPOS.","","https://partequipos.com/repuestos-maquinaria-pesada-colombia/repuestos-maquinaria-pesada-marcas/repuestos-para-maquinaria-pesada-link-belt/repuestos-para-maquinaria-pesada-excavadora-link-belt/repuestos-miniexcavadora-link-belt-210lx/","5","repuestos","modelo"
"https://partequipos.com/repuestos-maquinaria-pesada-colombia/repuestos-maquinaria-pesada-marcas/repuestos-para-maquinaria-pesada-link-belt/repuestos-para-maquinaria-pesada-excavadora-link-belt/repuestos-miniexcavadora-link-belt-lbx130x2/","200","Repuestos para Excavadora Link Belt LBX130X2","Explora nuestra amplia selección de Repuestos para Excavadora Link Belt LBX130X2 en nuestra tienda PARTEQUIPOS.","","https://partequipos.com/repuestos-maquinaria-pesada-colombia/repuestos-maquinaria-pesada-marcas/repuestos-para-maquinaria-pesada-link-belt/repuestos-para-maquinaria-pesada-excavadora-link-belt/repuestos-miniexcavadora-link-belt-lbx130x2/","5","repuestos","modelo"
"https://partequipos.com/repuestos-maquinaria-pesada-colombia/repuestos-maquinaria-pesada-marcas/repuestos-para-maquinaria-pesada-link-belt/repuestos-para-maquinaria-pesada-excavadora-link-belt/repuestos-miniexcavadora-link-belt-lbx130x3e/","200","Repuestos para Excavadora Link Belt LBX130X3E","Explora nuestra amplia selección de Repuestos para Excavadora Link Belt LBX130X3E en nuestra tienda PARTEQUIPOS.","","https://partequipos.com/repuestos-maquinaria-pesada-colombia/repuestos-maquinaria-pesada-marcas/repuestos-para-maquinaria-pesada-link-belt/repuestos-para-maquinaria-pesada-excavadora-link-belt/repuestos-miniexcavadora-link-belt-lbx130x3e/","5","repuestos","modelo"
"https://partequipos.com/repuestos-maquinaria-pesada-colombia/repuestos-maquinaria-pesada-marcas/repuestos-para-maquinaria-pesada-link-belt/repuestos-para-maquinaria-pesada-excavadora-link-belt/repuestos-miniexcavadora-link-belt-lbx160x3e/","200","Repuestos para Excavadora Link Belt LBX160X3E","Explora nuestra amplia selección de Repuestos para Excavadora Link Belt LBX160X3E en nuestra tienda PARTEQUIPOS.","","https://partequipos.com/repuestos-maquinaria-pesada-colombia/repuestos-maquinaria-pesada-marcas/repuestos-para-maquinaria-pesada-link-belt/repuestos-para-maquinaria-pesada-excavadora-link-belt/repuestos-miniexcavadora-link-belt-lbx160x3e/","5","repuestos","modelo"
"https://partequipos.com/repuestos-maquinaria-pesada-colombia/repuestos-maquinaria-pesada-marcas/repuestos-para-maquinaria-pesada-link-belt/repuestos-para-maquinaria-pesada-excavadora-link-belt/repuestos-miniexcavadora-link-belt-lbx210x2/","200","Repuestos para Excavadora Link Belt LBX210X2","Explora nuestra amplia selección de Repuestos para Excavadora Link Belt LBX210X2 en nuestra tienda PARTEQUIPOS.","","https://partequipos.com/repuestos-maquinaria-pesada-colombia/repuestos-maquinaria-pesada-marcas/repuestos-para-maquinaria-pesada-link-belt/repuestos-para-maquinaria-pesada-excavadora-link-belt/repuestos-miniexcavadora-link-belt-lbx210x2/","5","repuestos","modelo"
"https://partequipos.com/repuestos-maquinaria-pesada-colombia/repuestos-maquinaria-pesada-marcas/repuestos-para-maquinaria-pesada-link-belt/repuestos-para-maquinaria-pesada-excavadora-link-belt/repuestos-miniexcavadora-link-belt-lbx210x3e/","200","Repuestos para Excavadora Link Belt LBX210X3E","Explora nuestra amplia selección de Repuestos para Excavadora Link Belt LBX210X3E en nuestra tienda PARTEQUIPOS.","","https://partequipos.com/repuestos-maquinaria-pesada-colombia/repuestos-maquinaria-pesada-marcas/repuestos-para-maquinaria-pesada-link-belt/repuestos-para-maquinaria-pesada-excavadora-link-belt/repuestos-miniexcavadora-link-belt-lbx210x3e/","5","repuestos","modelo"
"https://partequipos.com/repuestos-maquinaria-pesada-colombia/repuestos-maquinaria-pesada-marcas/repuestos-para-maquinaria-pesada-link-belt/repuestos-para-maquinaria-pesada-excavadora-link-belt/repuestos-miniexcavadora-link-belt-lbx240x2/","200","Repuestos para Excavadora Link Belt LBX240X2","Explora nuestra amplia selección de Repuestos para Excavadora Link Belt LBX240X2 en nuestra tienda PARTEQUIPOS.","","https://partequipos.com/repuestos-maquinaria-pesada-colombia/repuestos-maquinaria-pesada-marcas/repuestos-para-maquinaria-pesada-link-belt/repuestos-para-maquinaria-pesada-excavadora-link-belt/repuestos-miniexcavadora-link-belt-lbx240x2/","5","repuestos","modelo"
"https://partequipos.com/repuestos-maquinaria-pesada-colombia/repuestos-maquinaria-pesada-marcas/repuestos-para-maquinaria-pesada-link-belt/repuestos-para-maquinaria-pesada-excavadora-link-belt/repuestos-miniexcavadora-link-belt-lbx350x2/","200","Repuestos para Excavadora Link belt ZX220LC","Explora nuestra amplia selección de Repuestos para Excavadora Link belt ZX220LC en nuestra tienda PARTEQUIPOS.","","https://partequipos.com/repuestos-maquinaria-pesada-colombia/repuestos-maquinaria-pesada-marcas/repuestos-para-maquinaria-pesada-link-belt/repuestos-para-maquinaria-pesada-excavadora-link-belt/repuestos-miniexcavadora-link-belt-lbx350x2/","5","repuestos","modelo"
"https://partequipos.com/repuestos-maquinaria-pesada-colombia/repuestos-maquinaria-pesada-marcas/repuestos-para-maquinaria-pesada-link-belt/repuestos-para-maquinaria-pesada-excavadora-link-belt/repuestos-miniexcavadora-link-belt-lbx360x3e/","200","Repuestos para Excavadora Link Belt LBX360X3E","Explora nuestra amplia selección de Repuestos para Excavadora Link Belt LBX360X3E en nuestra tienda PARTEQUIPOS.","","https://partequipos.com/repuestos-maquinaria-pesada-colombia/repuestos-maquinaria-pesada-marcas/repuestos-para-maquinaria-pesada-link-belt/repuestos-para-maquinaria-pesada-excavadora-link-belt/repuestos-miniexcavadora-link-belt-lbx360x3e/","5","repuestos","modelo"
"https://partequipos.com/repuestos-maquinaria-pesada-colombia/repuestos-maquinaria-pesada-marcas/repuestos-para-maquinaria-pesada-link-belt/repuestos-para-maquinaria-pesada-excavadora-link-belt/repuestos-miniexcavadora-link-belt-lbx460x2/","200","Repuestos para Excavadora Link Belt LBX460X2","Explora nuestra amplia selección de Repuestos para Excavadora Link Belt LBX460X2 en nuestra tienda PARTEQUIPOS.","","https://partequipos.com/repuestos-maquinaria-pesada-colombia/repuestos-maquinaria-pesada-marcas/repuestos-para-maquinaria-pesada-link-belt/repuestos-para-maquinaria-pesada-excavadora-link-belt/repuestos-miniexcavadora-link-belt-lbx460x2/","5","repuestos","modelo"
"https://partequipos.com/repuestos-maquinaria-pesada-colombia/repuestos-maquinaria-pesada-marcas/repuestos-para-maquinaria-pesada-link-belt/repuestos-para-maquinaria-pesada-excavadora-link-belt/repuestos-miniexcavadora-link-belt-lbx75-spin-ace/","200","Repuestos para Excavadora Link Belt LBX75 SPIN ACE","Explora nuestra amplia selección de Repuestos para Excavadora Link Belt LBX75 SPIN ACE en nuestra tienda PARTEQUIPOS.","","https://partequipos.com/repuestos-maquinaria-pesada-colombia/repuestos-maquinaria-pesada-marcas/repuestos-para-maquinaria-pesada-link-belt/repuestos-para-maquinaria-pesada-excavadora-link-belt/repuestos-miniexcavadora-link-belt-lbx75-spin-ace/","5","repuestos","modelo"
"https://partequipos.com/repuestos-maquinaria-pesada-colombia/repuestos-maquinaria-pesada-marcas/repuestos-para-maquinaria-pesada-liugong/","200","Repuestos para maquinaria pesada LIUGONG - Partequipos","En PARTEQUIPOS, ofrecemos una amplia variedad de repuestos originales y genéricos para mantener su maquinaria pesada LIUGONG","","https://partequipos.com/repuestos-maquinaria-pesada-colombia/repuestos-maquinaria-pesada-marcas/repuestos-para-maquinaria-pesada-liugong/","3","repuestos","marca"
"https://partequipos.com/repuestos-maquinaria-pesada-colombia/repuestos-maquinaria-pesada-marcas/repuestos-para-maquinaria-pesada-liugong/repuestos-para-maquinaria-pesada-cargador-frontal-liugong/","200","Repuestos para maquinaria pesada Cargador Frontal LIUGONG","Descubre nuestra amplia gama de Repuestos para maquinaria pesada Cargador Frontal LIUGONG diseñados para mantener tu maquinaria pesada.","","https://partequipos.com/repuestos-maquinaria-pesada-colombia/repuestos-maquinaria-pesada-marcas/repuestos-para-maquinaria-pesada-liugong/repuestos-para-maquinaria-pesada-cargador-frontal-liugong/","4","repuestos","tipo"
"https://partequipos.com/repuestos-maquinaria-pesada-colombia/repuestos-maquinaria-pesada-marcas/repuestos-para-maquinaria-pesada-liugong/repuestos-para-maquinaria-pesada-cargador-frontal-liugong/repuestos-cargador-frontal-liugong-clg820c/","200","Repuestos para Cargador Frontal LIUGONG CLG820C","Explora nuestra amplia selección de Repuestos para Cargador Frontal LIUGONG CLG820C en nuestra tienda PARTEQUIPOS.","","https://partequipos.com/repuestos-maquinaria-pesada-colombia/repuestos-maquinaria-pesada-marcas/repuestos-para-maquinaria-pesada-liugong/repuestos-para-maquinaria-pesada-cargador-frontal-liugong/repuestos-cargador-frontal-liugong-clg820c/","5","repuestos","modelo"
"https://partequipos.com/repuestos-maquinaria-pesada-colombia/repuestos-maquinaria-pesada-marcas/repuestos-para-maquinaria-pesada-liugong/repuestos-para-maquinaria-pesada-cargador-frontal-liugong/repuestos-cargador-frontal-liugong-clg835-cummins/","200","Repuestos para Cargador Frontal LIUGONG CLG835 CUMMINS","Explora nuestra amplia selección de Repuestos para Cargador Frontal LIUGONG CLG835 CUMMINS en nuestra tienda PARTEQUIPOS.","","https://partequipos.com/repuestos-maquinaria-pesada-colombia/repuestos-maquinaria-pesada-marcas/repuestos-para-maquinaria-pesada-liugong/repuestos-para-maquinaria-pesada-cargador-frontal-liugong/repuestos-cargador-frontal-liugong-clg835-cummins/","5","repuestos","modelo"
"https://partequipos.com/repuestos-maquinaria-pesada-colombia/repuestos-maquinaria-pesada-marcas/repuestos-para-maquinaria-pesada-liugong/repuestos-para-maquinaria-pesada-cargador-frontal-liugong/repuestos-cargador-frontal-liugong-clg835h-cummins/","200","Repuestos para Cargador Frontal LIUGONG CLG835H CUMMINS","Explora nuestra amplia selección de Repuestos para Cargador Frontal LIUGONG CLG835H CUMMINS en nuestra tienda PARTEQUIPOS.","","https://partequipos.com/repuestos-maquinaria-pesada-colombia/repuestos-maquinaria-pesada-marcas/repuestos-para-maquinaria-pesada-liugong/repuestos-para-maquinaria-pesada-cargador-frontal-liugong/repuestos-cargador-frontal-liugong-clg835h-cummins/","5","repuestos","modelo"
"https://partequipos.com/repuestos-maquinaria-pesada-colombia/repuestos-maquinaria-pesada-marcas/repuestos-para-maquinaria-pesada-liugong/repuestos-para-maquinaria-pesada-cargador-frontal-liugong/repuestos-cargador-frontal-liugong-clg835h-weichai/","200","Repuestos para Cargador Frontal LIUGONG CLG835H WEICHAI","Explora nuestra amplia selección de Repuestos para Cargador Frontal LIUGONG CLG835H WEICHAI en nuestra tienda PARTEQUIPOS.","","https://partequipos.com/repuestos-maquinaria-pesada-colombia/repuestos-maquinaria-pesada-marcas/repuestos-para-maquinaria-pesada-liugong/repuestos-para-maquinaria-pesada-cargador-frontal-liugong/repuestos-cargador-frontal-liugong-clg835h-weichai/","5","repuestos","modelo"
"https://partequipos.com/repuestos-maquinaria-pesada-colombia/repuestos-maquinaria-pesada-marcas/repuestos-para-maquinaria-pesada-liugong/repuestos-para-maquinaria-pesada-cargador-frontal-liugong/repuestos-cargador-frontal-liugong-clg855h/","200","Repuestos para Cargador Frontal LIUGONG CLG855H","Explora nuestra amplia selección de Repuestos para Cargador Frontal LIUGONG CLG855H en nuestra tienda PARTEQUIPOS.","","https://partequipos.com/repuestos-maquinaria-pesada-colombia/repuestos-maquinaria-pesada-marcas/repuestos-para-maquinaria-pesada-liugong/repuestos-para-maquinaria-pesada-cargador-frontal-liugong/repuestos-cargador-frontal-liugong-clg855h/","5","repuestos","modelo"
"https://partequipos.com/repuestos-maquinaria-pesada-colombia/repuestos-maquinaria-pesada-marcas/repuestos-para-maquinaria-pesada-liugong/repuestos-para-maquinaria-pesada-cargador-frontal-liugong/repuestos-cargador-frontal-liugong-clg856h/","200","Repuestos para Cargador Frontal LIUGONG CLG856H","Explora nuestra amplia selección de Repuestos para Cargador Frontal LIUGONG CLG856H en nuestra tienda PARTEQUIPOS.","","https://partequipos.com/repuestos-maquinaria-pesada-colombia/repuestos-maquinaria-pesada-marcas/repuestos-para-maquinaria-pesada-liugong/repuestos-para-maquinaria-pesada-cargador-frontal-liugong/repuestos-cargador-frontal-liugong-clg856h/","5","repuestos","modelo"
"https://partequipos.com/repuestos-maquinaria-pesada-colombia/repuestos-maquinaria-pesada-marcas/repuestos-para-maquinaria-pesada-liugong/repuestos-para-maquinaria-pesada-cargador-frontal-liugong/repuestos-cargador-frontal-liugong-zl50cn/","200","Repuestos para Cargador Frontal LIUGONG ZL50CN","Explora nuestra amplia selección de Repuestos para Cargador Frontal LIUGONG ZL50CN en nuestra tienda PARTEQUIPOS.","","https://partequipos.com/repuestos-maquinaria-pesada-colombia/repuestos-maquinaria-pesada-marcas/repuestos-para-maquinaria-pesada-liugong/repuestos-para-maquinaria-pesada-cargador-frontal-liugong/repuestos-cargador-frontal-liugong-zl50cn/","5","repuestos","modelo"
"https://partequipos.com/repuestos-maquinaria-pesada-colombia/repuestos-maquinaria-pesada-marcas/repuestos-para-maquinaria-pesada-liugong/repuestos-para-maquinaria-pesada-excavadora-liugong/","200","Repuestos para maquinaria pesada Excavadora LIUGONG","Encuentra una amplia selección de Repuestos para maquinaria pesada Excavadora LIUGONG en nuestra tienda PARTEQUIPOS.","","https://partequipos.com/repuestos-maquinaria-pesada-colombia/repuestos-maquinaria-pesada-marcas/repuestos-para-maquinaria-pesada-liugong/repuestos-para-maquinaria-pesada-excavadora-liugong/","4","repuestos","tipo"
"https://partequipos.com/repuestos-maquinaria-pesada-colombia/repuestos-maquinaria-pesada-marcas/repuestos-para-maquinaria-pesada-liugong/repuestos-para-maquinaria-pesada-excavadora-liugong/repuestos-excavadora-liugong-clg908e/","200","Repuestos para Excavadora LIUGONG CLG908E","Explora nuestra amplia selección de Repuestos para Excavadora LIUGONG CLG908E en nuestra tienda PARTEQUIPOS.","","https://partequipos.com/repuestos-maquinaria-pesada-colombia/repuestos-maquinaria-pesada-marcas/repuestos-para-maquinaria-pesada-liugong/repuestos-para-maquinaria-pesada-excavadora-liugong/repuestos-excavadora-liugong-clg908e/","5","repuestos","modelo"
"https://partequipos.com/repuestos-maquinaria-pesada-colombia/repuestos-maquinaria-pesada-marcas/repuestos-para-maquinaria-pesada-liugong/repuestos-para-maquinaria-pesada-excavadora-liugong/repuestos-excavadora-liugong-clg915d/","200","Repuestos para Excavadora LIUGONG CLG915D","Explora nuestra amplia selección de Repuestos para Excavadora LIUGONG CLG915D en nuestra tienda PARTEQUIPOS.","","https://partequipos.com/repuestos-maquinaria-pesada-colombia/repuestos-maquinaria-pesada-marcas/repuestos-para-maquinaria-pesada-liugong/repuestos-para-maquinaria-pesada-excavadora-liugong/repuestos-excavadora-liugong-clg915d/","5","repuestos","modelo"
"https://partequipos.com/repuestos-maquinaria-pesada-colombia/repuestos-maquinaria-pesada-marcas/repuestos-para-maquinaria-pesada-liugong/repuestos-para-maquinaria-pesada-excavadora-liugong/repuestos-excavadora-liugong-clg915e/","200","Repuestos para Excavadora LIUGONG CLG915E","Explora nuestra amplia selección de Repuestos para Excavadora LIUGONG CLG915E en nuestra tienda PARTEQUIPOS.","","https://partequipos.com/repuestos-maquinaria-pesada-colombia/repuestos-maquinaria-pesada-marcas/repuestos-para-maquinaria-pesada-liugong/repuestos-para-maquinaria-pesada-excavadora-liugong/repuestos-excavadora-liugong-clg915e/","5","repuestos","modelo"
"https://partequipos.com/repuestos-maquinaria-pesada-colombia/repuestos-maquinaria-pesada-marcas/repuestos-para-maquinaria-pesada-liugong/repuestos-para-maquinaria-pesada-excavadora-liugong/repuestos-excavadora-liugong-clg920e/","200","Repuestos para Excavadora LIUGONG CLG922D","Explora nuestra amplia selección de Repuestos para Excavadora LIUGONG CLG922D en nuestra tienda PARTEQUIPOS.","","https://partequipos.com/repuestos-maquinaria-pesada-colombia/repuestos-maquinaria-pesada-marcas/repuestos-para-maquinaria-pesada-liugong/repuestos-para-maquinaria-pesada-excavadora-liugong/repuestos-excavadora-liugong-clg920e/","5","repuestos","modelo"
"https://partequipos.com/repuestos-maquinaria-pesada-colombia/repuestos-maquinaria-pesada-marcas/repuestos-para-maquinaria-pesada-liugong/repuestos-para-maquinaria-pesada-excavadora-liugong/repuestos-excavadora-liugong-clg933e/","200","Repuestos para Excavadora LIUGONG CLG933E","Explora nuestra amplia selección de Repuestos para Excavadora LIUGONG CLG933E en nuestra tienda PARTEQUIPOS.","","https://partequipos.com/repuestos-maquinaria-pesada-colombia/repuestos-maquinaria-pesada-marcas/repuestos-para-maquinaria-pesada-liugong/repuestos-para-maquinaria-pesada-excavadora-liugong/repuestos-excavadora-liugong-clg933e/","5","repuestos","modelo"
"https://partequipos.com/repuestos-maquinaria-pesada-colombia/repuestos-maquinaria-pesada-marcas/repuestos-para-maquinaria-pesada-liugong/repuestos-para-maquinaria-pesada-excavadora-liugong/repuestos-miniexcavadora-liugong-clg913e/","200","Repuestos para Excavadora LIUGONG CLG913E","Explora nuestra amplia selección de Repuestos para Excavadora LIUGONG CLG913E en nuestra tienda PARTEQUIPOS.","","https://partequipos.com/repuestos-maquinaria-pesada-colombia/repuestos-maquinaria-pesada-marcas/repuestos-para-maquinaria-pesada-liugong/repuestos-para-maquinaria-pesada-excavadora-liugong/repuestos-miniexcavadora-liugong-clg913e/","5","repuestos","modelo"
"https://partequipos.com/repuestos-maquinaria-pesada-colombia/repuestos-maquinaria-pesada-marcas/repuestos-para-maquinaria-pesada-liugong/repuestos-para-maquinaria-pesada-excavadora-liugong/repuestos-miniexcavadora-liugong-clg922d/","200","Repuestos para Excavadora LIUGONG CLG922D","Explora nuestra amplia selección de Repuestos para Excavadora LIUGONG CLG922D en nuestra tienda PARTEQUIPOS.","","https://partequipos.com/repuestos-maquinaria-pesada-colombia/repuestos-maquinaria-pesada-marcas/repuestos-para-maquinaria-pesada-liugong/repuestos-para-maquinaria-pesada-excavadora-liugong/repuestos-miniexcavadora-liugong-clg922d/","5","repuestos","modelo"
"https://partequipos.com/repuestos-maquinaria-pesada-colombia/repuestos-maquinaria-pesada-marcas/repuestos-para-maquinaria-pesada-liugong/repuestos-para-maquinaria-pesada-motoniveladora-liugong/","200","Repuestos para maquinaria pesada Motoniveladora LIUGONG","Descubre nuestra amplia gama de repuestos para motoniveladoras LiuGong, diseñados para mantener tu maquinaria pesada en óptimas condiciones.","","https://partequipos.com/repuestos-maquinaria-pesada-colombia/repuestos-maquinaria-pesada-marcas/repuestos-para-maquinaria-pesada-liugong/repuestos-para-maquinaria-pesada-motoniveladora-liugong/","4","repuestos","tipo"
"https://partequipos.com/repuestos-maquinaria-pesada-colombia/repuestos-maquinaria-pesada-marcas/repuestos-para-maquinaria-pesada-liugong/repuestos-para-maquinaria-pesada-motoniveladora-liugong/repuestos-motoniveladora-liugong-clg4180d/","200","Repuestos para Motoniveladora Liugong CLG4180D","Explora nuestra amplia selección de Repuestos para Motoniveladora Liugong CLG4180Den nuestra tienda PARTEQUIPOS.","","https://partequipos.com/repuestos-maquinaria-pesada-colombia/repuestos-maquinaria-pesada-marcas/repuestos-para-maquinaria-pesada-liugong/repuestos-para-maquinaria-pesada-motoniveladora-liugong/repuestos-motoniveladora-liugong-clg4180d/","5","repuestos","modelo"
"https://partequipos.com/repuestos-maquinaria-pesada-colombia/repuestos-maquinaria-pesada-marcas/repuestos-para-maquinaria-pesada-okada/","200","Repuestos para maquinaria pesada OKADA - Partequipos","En PARTEQUIPOS, ofrecemos una amplia variedad de repuestos originales y genéricos para mantener su maquinaria pesada Okada","","https://partequipos.com/repuestos-maquinaria-pesada-colombia/repuestos-maquinaria-pesada-marcas/repuestos-para-maquinaria-pesada-okada/","3","repuestos","marca"
"https://partequipos.com/repuestos-maquinaria-pesada-colombia/repuestos-maquinaria-pesada-marcas/repuestos-para-maquinaria-pesada-okada/repuestos-para-maquinaria-pesada-martillo-okada/","200","Repuestos para maquinaria pesada Martillo OKADA","Encuentra repuestos para maquinaria pesada Martillo OKADA de alta calidad y rendimiento en nuestra tienda PARTEQUIPOS.","","https://partequipos.com/repuestos-maquinaria-pesada-colombia/repuestos-maquinaria-pesada-marcas/repuestos-para-maquinaria-pesada-okada/repuestos-para-maquinaria-pesada-martillo-okada/","4","repuestos","tipo"
"https://partequipos.com/repuestos-maquinaria-pesada-colombia/repuestos-maquinaria-pesada-marcas/repuestos-para-maquinaria-pesada-okada/repuestos-para-maquinaria-pesada-martillo-okada/repuestos-martillo-okada-1500/","200","Repuestos para Martillo OKADA 1500","Explora nuestra amplia selección de Repuestos para Martillo OKADA 1500 en nuestra tienda PARTEQUIPOS.","","https://partequipos.com/repuestos-maquinaria-pesada-colombia/repuestos-maquinaria-pesada-marcas/repuestos-para-maquinaria-pesada-okada/repuestos-para-maquinaria-pesada-martillo-okada/repuestos-martillo-okada-1500/","5","repuestos","modelo"
"https://partequipos.com/repuestos-maquinaria-pesada-colombia/repuestos-maquinaria-pesada-marcas/repuestos-para-maquinaria-pesada-okada/repuestos-para-maquinaria-pesada-martillo-okada/repuestos-martillo-okada-2600/","200","Repuestos para Martillo OKADA 2600","Explora nuestra amplia selección de Repuestos para Martillo OKADA 2600 en nuestra tienda PARTEQUIPOS.","","https://partequipos.com/repuestos-maquinaria-pesada-colombia/repuestos-maquinaria-pesada-marcas/repuestos-para-maquinaria-pesada-okada/repuestos-para-maquinaria-pesada-martillo-okada/repuestos-martillo-okada-2600/","5","repuestos","modelo"
"https://partequipos.com/repuestos-maquinaria-pesada-colombia/repuestos-maquinaria-pesada-marcas/repuestos-para-maquinaria-pesada-okada/repuestos-para-maquinaria-pesada-martillo-okada/repuestos-martillo-okada-3600/","200","Repuestos para Martillo OKADA 2600","Explora nuestra amplia selección de Repuestos para Martillo OKADA 2600 en nuestra tienda PARTEQUIPOS.","","https://partequipos.com/repuestos-maquinaria-pesada-colombia/repuestos-maquinaria-pesada-marcas/repuestos-para-maquinaria-pesada-okada/repuestos-para-maquinaria-pesada-martillo-okada/repuestos-martillo-okada-3600/","5","repuestos","modelo"
"https://partequipos.com/repuestos-maquinaria-pesada-colombia/repuestos-maquinaria-pesada-marcas/repuestos-para-maquinaria-pesada-okada/repuestos-para-maquinaria-pesada-martillo-okada/repuestos-martillo-okada-400/","200","Repuestos para Martillo OKADA 400","Explora nuestra amplia selección de Repuestos para Martillo OKADA 400 en nuestra tienda PARTEQUIPOS.","","https://partequipos.com/repuestos-maquinaria-pesada-colombia/repuestos-maquinaria-pesada-marcas/repuestos-para-maquinaria-pesada-okada/repuestos-para-maquinaria-pesada-martillo-okada/repuestos-martillo-okada-400/","5","repuestos","modelo"
"https://partequipos.com/repuestos-maquinaria-pesada-colombia/repuestos-maquinaria-pesada-marcas/repuestos-para-maquinaria-pesada-okada/repuestos-para-maquinaria-pesada-martillo-okada/repuestos-martillo-okada-800/","200","Repuestos para Martillo OKADA 800","Explora nuestra amplia selección de Repuestos para Martillo OKADA 800 en nuestra tienda PARTEQUIPOS.","","https://partequipos.com/repuestos-maquinaria-pesada-colombia/repuestos-maquinaria-pesada-marcas/repuestos-para-maquinaria-pesada-okada/repuestos-para-maquinaria-pesada-martillo-okada/repuestos-martillo-okada-800/","5","repuestos","modelo"
"https://partequipos.com/repuestos-maquinaria-pesada-colombia/repuestos-maquinaria-pesada-marcas/repuestos-para-maquinaria-pesada-volvo/","200","Repuestos para maquinaria pesada VOLVO - Partequipos","En PARTEQUIPOS, ofrecemos una amplia variedad de repuestos originales y genéricos para mantener su maquinaria pesada VOLVO","","https://partequipos.com/repuestos-maquinaria-pesada-colombia/repuestos-maquinaria-pesada-marcas/repuestos-para-maquinaria-pesada-volvo/","3","repuestos","marca"
"https://partequipos.com/repuestos-maquinaria-pesada-colombia/repuestos-maquinaria-pesada-marcas/repuestos-para-maquinaria-pesada-volvo/repuestos-para-maquinaria-pesada-excavadora-volvo/","200","Repuestos para maquinaria pesada Excabadora VOLVO","Encuentra repuestos auténticos y de alta calidad para tu excavadora Volvo en nuestra tienda PARTEQUIPOS.","","https://partequipos.com/repuestos-maquinaria-pesada-colombia/repuestos-maquinaria-pesada-marcas/repuestos-para-maquinaria-pesada-volvo/repuestos-para-maquinaria-pesada-excavadora-volvo/","4","repuestos","tipo"
"https://partequipos.com/repuestos-maquinaria-pesada-colombia/repuestos-maquinaria-pesada-marcas/repuestos-para-maquinaria-pesada-volvo/repuestos-para-maquinaria-pesada-excavadora-volvo/repuestos-excavadora-volvo-ec210/","200","Repuestos para Excavadora VOLVO EC210","Explora nuestra amplia selección de Repuestos para Excavadora Repuestos para Excavadora VOLVO EC210 en nuestra tienda PARTEQUIPOS.","","https://partequipos.com/repuestos-maquinaria-pesada-colombia/repuestos-maquinaria-pesada-marcas/repuestos-para-maquinaria-pesada-volvo/repuestos-para-maquinaria-pesada-excavadora-volvo/repuestos-excavadora-volvo-ec210/","5","repuestos","modelo"
"https://partequipos.com/repuestos-maquinaria-pesada-colombia/repuestos-maquinaria-pesada-marcas/repuestos-para-maquinaria-pesada-volvo/repuestos-para-maquinaria-pesada-excavadora-volvo/repuestos-excavadora-volvo-ec210b/","200","Repuestos para Excavadora VOLVO EC210B","Explora nuestra amplia selección de Repuestos para Excavadora Repuestos para Excavadora VOLVO EC210B en nuestra tienda PARTEQUIPOS.","","https://partequipos.com/repuestos-maquinaria-pesada-colombia/repuestos-maquinaria-pesada-marcas/repuestos-para-maquinaria-pesada-volvo/repuestos-para-maquinaria-pesada-excavadora-volvo/repuestos-excavadora-volvo-ec210b/","5","repuestos","modelo"
"https://partequipos.com/repuestos-maquinaria-pesada-colombia/repuestos-maquinaria-pesada-marcas/repuestos-para-maquinaria-pesada-volvo/repuestos-para-maquinaria-pesada-excavadora-volvo/repuestos-excavadora-volvo-ec240/","200","Repuestos para Excavadora VOLVO EC210B","Explora nuestra amplia selección de Repuestos para Excavadora Repuestos para Excavadora VOLVO EC210B en nuestra tienda PARTEQUIPOS.","","https://partequipos.com/repuestos-maquinaria-pesada-colombia/repuestos-maquinaria-pesada-marcas/repuestos-para-maquinaria-pesada-volvo/repuestos-para-maquinaria-pesada-excavadora-volvo/repuestos-excavadora-volvo-ec240/","5","repuestos","modelo"
"https://partequipos.com/repuestos-maquinaria-pesada-colombia/repuestos-maquinaria-pesada-marcas/repuestos-para-maquinaria-pesada-yanmar/","200","Repuestos para maquinaria pesada YANMAR - Partequipos","En PARTEQUIPOS, ofrecemos una amplia variedad de repuestos originales y genéricos para mantener su maquinaria pesada Yanmar","","https://partequipos.com/repuestos-maquinaria-pesada-colombia/repuestos-maquinaria-pesada-marcas/repuestos-para-maquinaria-pesada-yanmar/","3","repuestos","marca"
"https://partequipos.com/repuestos-maquinaria-pesada-colombia/repuestos-maquinaria-pesada-marcas/repuestos-para-maquinaria-pesada-yanmar/repuestos-para-maquinaria-pesada-miniexcavadora-yanmar/","200","Repuestos para maquinaria pesada Miniexcavadora YANMAR - Partequipos","Descubre una amplia gama de repuestos para tu miniexcavadora YANMAR: desde piezas de motor hasta componentes hidráulicos.","","https://partequipos.com/repuestos-maquinaria-pesada-colombia/repuestos-maquinaria-pesada-marcas/repuestos-para-maquinaria-pesada-yanmar/repuestos-para-maquinaria-pesada-miniexcavadora-yanmar/","4","repuestos","tipo"
"https://partequipos.com/repuestos-maquinaria-pesada-colombia/repuestos-maquinaria-pesada-marcas/repuestos-para-maquinaria-pesada-yanmar/repuestos-para-maquinaria-pesada-miniexcavadora-yanmar/repuestos-miniexcavadora-yanmar-vio17-6b/","200","Repuestos para Miniexcavadora YANMAR VIO17-6B","Explora nuestra amplia selección de Repuestos para Miniexcavadora YANMAR VIO17-6B en nuestra tienda PARTEQUIPOS.","","https://partequipos.com/repuestos-maquinaria-pesada-colombia/repuestos-maquinaria-pesada-marcas/repuestos-para-maquinaria-pesada-yanmar/repuestos-para-maquinaria-pesada-miniexcavadora-yanmar/repuestos-miniexcavadora-yanmar-vio17-6b/","5","repuestos","modelo"
"https://partequipos.com/repuestos-maquinaria-pesada-colombia/repuestos-maquinaria-pesada-marcas/repuestos-para-maquinaria-pesada-yanmar/repuestos-para-maquinaria-pesada-miniexcavadora-yanmar/repuestos-miniexcavadora-yanmar-vio35-6b/","200","Repuestos para Miniexcavadora YANMAR VIO35-6B","Explora nuestra amplia selección de Repuestos para Miniexcavadora YANMAR VIO35-6B en nuestra tienda PARTEQUIPOS.","","https://partequipos.com/repuestos-maquinaria-pesada-colombia/repuestos-maquinaria-pesada-marcas/repuestos-para-maquinaria-pesada-yanmar/repuestos-para-maquinaria-pesada-miniexcavadora-yanmar/repuestos-miniexcavadora-yanmar-vio35-6b/","5","repuestos","modelo"
"https://partequipos.com/repuestos-maquinaria-pesada-colombia/repuestos-maquinaria-pesada-marcas/repuestos-para-maquinaria-pesada-yanmar/repuestos-para-maquinaria-pesada-miniexcavadora-yanmar/repuestos-miniexcavadora-yanmar-vio45-6b/","200","Repuestos para Miniexcavadora YANMAR VIO45-6B","Explora nuestra amplia selección de Repuestos para Miniexcavadora YANMAR VIO45-6B en nuestra tienda PARTEQUIPOS.","","https://partequipos.com/repuestos-maquinaria-pesada-colombia/repuestos-maquinaria-pesada-marcas/repuestos-para-maquinaria-pesada-yanmar/repuestos-para-maquinaria-pesada-miniexcavadora-yanmar/repuestos-miniexcavadora-yanmar-vio45-6b/","5","repuestos","modelo"
"https://partequipos.com/repuestos-maquinaria-pesada-colombia/repuestos-maquinaria-pesada-marcas/repuestos-para-maquinaria-pesada-yanmar/repuestos-para-maquinaria-pesada-miniexcavadora-yanmar/repuestos-miniexcavadora-yanmar-vio50-6b/","200","Repuestos para Miniexcavadora YANMAR VIO50-6B","Explora nuestra amplia selección de Repuestos para Miniexcavadora YANMAR VIO50-6B en nuestra tienda PARTEQUIPOS.","","https://partequipos.com/repuestos-maquinaria-pesada-colombia/repuestos-maquinaria-pesada-marcas/repuestos-para-maquinaria-pesada-yanmar/repuestos-para-maquinaria-pesada-miniexcavadora-yanmar/repuestos-miniexcavadora-yanmar-vio50-6b/","5","repuestos","modelo"
"https://partequipos.com/repuestos-maquinaria-pesada-colombia/repuestos-maquinaria-pesada-marcas/repuestos-para-maquinaria-pesada-yanmar/repuestos-para-maquinaria-pesada-miniexcavadora-yanmar/repuestos-miniexcavadora-yanmar-vio55-6b/","200","Repuestos para Miniexcavadora YANMAR VIO55-6B","Explora nuestra amplia selección de Repuestos para Miniexcavadora YANMAR VIO55-6B en nuestra tienda PARTEQUIPOS.","","https://partequipos.com/repuestos-maquinaria-pesada-colombia/repuestos-maquinaria-pesada-marcas/repuestos-para-maquinaria-pesada-yanmar/repuestos-para-maquinaria-pesada-miniexcavadora-yanmar/repuestos-miniexcavadora-yanmar-vio55-6b/","5","repuestos","modelo"
"https://partequipos.com/repuestos-maquinaria-pesada-colombia/repuestos-maquinaria-pesada-marcas/repuestos-para-maquinaria-pesada-yanmar/repuestos-para-maquinaria-pesada-miniexcavadora-yanmar/repuestos-miniexcavadora-yanmar-vio80-1/","200","Repuestos para Miniexcavadora YANMAR VIO70-3","Explora nuestra amplia selección de Repuestos para Miniexcavadora YANMAR VIO70-3 en nuestra tienda PARTEQUIPOS.","","https://partequipos.com/repuestos-maquinaria-pesada-colombia/repuestos-maquinaria-pesada-marcas/repuestos-para-maquinaria-pesada-yanmar/repuestos-para-maquinaria-pesada-miniexcavadora-yanmar/repuestos-miniexcavadora-yanmar-vio80-1/","5","repuestos","modelo"
"https://partequipos.com/repuestos-para-maquinaria-pesada-2/","200","Repuestos para maquinaria pesada - Partequipos","","","https://partequipos.com/repuestos-para-maquinaria-pesada-2/","1","corporativo","institucional"
"https://partequipos.com/repuestos-para-maquinaria-pesada/","200","Repuestos para Maquinaria Pesada Colombia | Partequipos","Descubre una amplia selección de repuestos para maquinaria pesada Colombia de diversas marcas en nuestra tienda PARTEQUIPOS","REPUESTOS PARA MAQUINARIA PESADA","https://partequipos.com/repuestos-para-maquinaria-pesada/","1","corporativo","institucional"
"https://partequipos.com/retroexcavadoras-la-maquina-todoterreno-por-excelencia/","200","Retroexcavadoras: La Máquina Todoterreno por Excelencia","Un equipo que es La Máquina Todoterreno por Excelencia en Colombia. Retrocargadora o excavadora, cómo la llamas tu?","Retroexcavadoras: La Máquina Todoterreno por Excelencia","https://partequipos.com/retroexcavadoras-la-maquina-todoterreno-por-excelencia/","1","blog","institucional"
"https://partequipos.com/servicio-tecnico/","200","Servicio Técnico - Partequipos","En PARTEQUIPOS encuentra el mejor servicio tecnico para tu maquinaria pesada. tenemos personal profesional y preparado para tus necesidades.","","https://partequipos.com/servicio-tecnico/","1","corporativo","institucional"
"https://partequipos.com/terminos-y-condiciones-campana-bonos-de-recompra/","200","TÉRMINOS Y CONDICIONES CAMPAÑA BONOS DE RECOMPRA","TRATAMIENTO DE DATOS PARA LA AUTORIZACIÓN EN EL MANEJO DE DATOS PERSONALES Y CALIDAD DE LA INFORMACIÓN EN PARTEQUIPOS S.A.S","TÉRMINOS Y CONDICIONES CAMPAÑA BONOS DE RECOMPRA","https://partequipos.com/terminos-y-condiciones-campana-bonos-de-recompra/","1","corporativo","institucional"
"https://partequipos.com/tier-4-en-colombia-que-es-y-como-impacta-la-maquinaria-pesada/","200","Beneficios de usar filtros Donaldson en tu maquinaria pesada","La historia de una de las marcas más importantes de maquinaria pesada en Colombia: HITACHI - somos distribuidores oficiales","Tier 4 en Colombia: ¿Qué es y Cómo Impacta la Maquinaria Pesada?","https://partequipos.com/tier-4-en-colombia-que-es-y-como-impacta-la-maquinaria-pesada/","1","blog","institucional"
"https://partequipos.com/tipos-de-cucharones-de-servicio-para-excavadora/","200","Tipos de cucharones de servicio - Partequipos","Tipos de cucharones de servicio para excavadora... han sido diseñados con el propósito de cumplir la labor de excavación.","Tipos de cucharones de servicio para excavadora","https://partequipos.com/tipos-de-cucharones-de-servicio-para-excavadora/","1","blog","institucional"
"https://partequipos.com/tornamesa-de-excavadora-sintomas-de-falla-y-cuando-cambiarla/","200","Bombas de alta presión y qué opciones encuentras en Partequipos","En muchas operaciones, mover agua no es suficiente, es moverla con la presión, el alcance y la capacidad que exige el trabajo.","Tornamesa de excavadora: síntomas de falla y cuándo cambiarla","https://partequipos.com/tornamesa-de-excavadora-sintomas-de-falla-y-cuando-cambiarla/","1","blog","institucional"
"https://partequipos.com/tratamiento-de-datos/","200","TRATAMIENTO DE DATOS","TRATAMIENTO DE DATOS PARA LA AUTORIZACIÓN EN EL MANEJO DE DATOS PERSONALES Y CALIDAD DE LA INFORMACIÓN EN PARTEQUIPOS S.A.S","TRATAMIENTO DE DATOS PERSONALES","https://partequipos.com/tratamiento-de-datos/","1","corporativo","institucional"
"https://partequipos.com/usas-la-grasa-correcta/","200","¿Usas la grasa correcta? - Partequipos","¿Usas la grasa correcta? Descubre cómo elegir y aplicar las grasas adecuadas para optimizar el rendimiento de tu maquinaria pesada.","¿Usas la grasa correcta?","https://partequipos.com/usas-la-grasa-correcta/","1","blog","institucional"
"https://partequipos.com/variables-que-afectan-la-vida-util-del-tren-de-rodaje-en-excavadoras-y-bulldozer-en-la-maquinaria-pesada-en-colombia/","200","Variables que Afectan la Vida Útil del Tren de Rodaje - Partequipos","Descubre los consejos clave para una compra inteligente de maquinaria pesada en Colombia. Evalúa tus necesidades","Variables que Afectan la Vida Útil del Tren de Rodaje en excavadoras y bulldozer en la Maquinaria Pesada en Colombia","https://partequipos.com/variables-que-afectan-la-vida-util-del-tren-de-rodaje-en-excavadoras-y-bulldozer-en-la-maquinaria-pesada-en-colombia/","1","blog","institucional"
